#ifndef __MT5706_FIRMWARE_ARRAY_H
#define __MT5706_FIRMWARE_ARRAY_H __FILE__

#include <linux/types.h>

#define MT5706_MTP_APP_CRC 0X27E6
#define MT5706_MTP_APP_VERSION 0XD219
#define MT5706_MTP_APP_LENGTH 0X7DCC

const uint8_t mt5706_mtp_app[] = {
	0x80, 0x1f, 0x00, 0x20, 0x59, 0x79, 0x00, 0x00,
	0xa5, 0x63, 0x00, 0x00, 0x97, 0x00, 0x00, 0x00,
	0x06, 0x57, 0x06, 0x57, 0x1c, 0x7b, 0x00, 0x00,
	0xb8, 0x7d, 0x00, 0x00, 0x23, 0x01, 0x0e, 0xfd,
	0x50, 0x4e, 0x6e, 0x16, 0x00, 0x00, 0x00, 0x00,
	0x00, 0x00, 0x00, 0x00, 0x91, 0x00, 0x00, 0x00,
	0x00, 0x00, 0x00, 0x00, 0x00, 0x00, 0x00, 0x00,
	0x93, 0x00, 0x00, 0x00, 0x59, 0x75, 0x00, 0x00,
	0x0d, 0x5e, 0x00, 0x00, 0x75, 0x65, 0x00, 0x00,
	0xfd, 0x25, 0x00, 0x00, 0xff, 0x25, 0x00, 0x00,
	0x09, 0x5c, 0x00, 0x00, 0xe1, 0x60, 0x00, 0x00,
	0xe3, 0x60, 0x00, 0x00, 0xe5, 0x60, 0x00, 0x00,
	0xed, 0x77, 0x00, 0x00, 0x00, 0x00, 0x00, 0x00,
	0x00, 0x00, 0x00, 0x00, 0x00, 0x00, 0x00, 0x00,
	0xad, 0x63, 0x00, 0x00, 0x1d, 0x5e, 0x00, 0x00,
	0x4d, 0x01, 0x00, 0x00, 0xed, 0x25, 0x00, 0x00,
	0x5d, 0x01, 0x00, 0x00, 0x65, 0x65, 0x00, 0x00,
	0x49, 0x61, 0x00, 0x00, 0x59, 0x62, 0x00, 0x00,
	0xfe, 0xe7, 0xfe, 0xe7, 0xfe, 0xe7, 0xef, 0xf3,
	0x08, 0x80, 0x71, 0x46, 0x04, 0xf0, 0xe6, 0xfa,
	0xef, 0xf3, 0x10, 0x80, 0x72, 0xb6, 0x70, 0x47,
	0x80, 0xf3, 0x10, 0x88, 0x70, 0x47, 0x00, 0x00,
	0x30, 0xb5, 0x0b, 0x46, 0x01, 0x46, 0x00, 0x20,
	0x20, 0x22, 0x01, 0x24, 0x09, 0xe0, 0x0d, 0x46,
	0xd5, 0x40, 0x9d, 0x42, 0x05, 0xd3, 0x1d, 0x46,
	0x95, 0x40, 0x49, 0x1b, 0x25, 0x46, 0x95, 0x40,
	0x40, 0x19, 0x15, 0x46, 0x52, 0x1e, 0x00, 0x2d,
	0xf1, 0xdc, 0x30, 0xbd, 0x70, 0xb5, 0x00, 0x24,
	0x25, 0x46, 0x00, 0x28, 0x01, 0xda, 0x01, 0x24,
	0x40, 0x42, 0x00, 0x29, 0x01, 0xda, 0x01, 0x25,
	0x49, 0x42, 0xff, 0xf7, 0xdd, 0xff, 0xac, 0x42,
	0x00, 0xd0, 0x40, 0x42, 0x00, 0x2c, 0x00, 0xd0,
	0x49, 0x42, 0x70, 0xbd, 0x03, 0x46, 0x0b, 0x43,
	0x9b, 0x07, 0x03, 0xd0, 0x09, 0xe0, 0x08, 0xc9,
	0x12, 0x1f, 0x08, 0xc0, 0x04, 0x2a, 0xfa, 0xd2,
	0x03, 0xe0, 0x0b, 0x78, 0x03, 0x70, 0x40, 0x1c,
	0x49, 0x1c, 0x52, 0x1e, 0xf9, 0xd2, 0x70, 0x47,
	0xd2, 0xb2, 0x01, 0xe0, 0x02, 0x70, 0x40, 0x1c,
	0x49, 0x1e, 0xfb, 0xd2, 0x70, 0x47, 0x00, 0x22,
	0xf6, 0xe7, 0x10, 0xb5, 0x13, 0x46, 0x0a, 0x46,
	0x04, 0x46, 0x19, 0x46, 0xff, 0xf7, 0xf0, 0xff,
	0x20, 0x46, 0x10, 0xbd, 0x02, 0x48, 0x00, 0x6c,
	0x00, 0x28, 0x00, 0xd0, 0x00, 0x47, 0x70, 0x47,
	0x00, 0x0a, 0x00, 0x20, 0x02, 0x48, 0x80, 0x6c,
	0x00, 0x28, 0x00, 0xd0, 0x00, 0x47, 0x70, 0x47,
	0x00, 0x0a, 0x00, 0x20, 0x04, 0x49, 0x38, 0x22,
	0x49, 0x8e, 0x02, 0x70, 0x0a, 0x22, 0x42, 0x70,
	0x81, 0x70, 0x09, 0x0a, 0xc1, 0x70, 0x70, 0x47,
	0x90, 0x03, 0x00, 0x20, 0xff, 0xb5, 0x25, 0x4d,
	0x06, 0x46, 0x28, 0x7b, 0x85, 0xb0, 0x0f, 0x46,
	0xc0, 0x07, 0x02, 0xd0, 0x01, 0x20, 0x09, 0xb0,
	0xf0, 0xbd, 0x03, 0xf0, 0xc1, 0xfb, 0x00, 0x28,
	0x39, 0xd0, 0x28, 0x7b, 0x01, 0x21, 0x08, 0x43,
	0x1d, 0x49, 0x28, 0x73, 0x8e, 0x42, 0x00, 0xd9,
	0x0e, 0x46, 0x1a, 0x4c, 0x42, 0x07, 0x1b, 0x49,
	0x20, 0x3c, 0x00, 0x2a, 0x0f, 0xda, 0xfb, 0x22,
	0x10, 0x40, 0x28, 0x73, 0xa2, 0x6b, 0x0b, 0x68,
	0x9b, 0x1a, 0x17, 0x4a, 0xd2, 0x8a, 0x93, 0x42,
	0x05, 0xd2, 0x62, 0x8e, 0xba, 0x42, 0x02, 0xd1,
	0x08, 0x22, 0x10, 0x43, 0x28, 0x73, 0xe6, 0x85,
	0x67, 0x86, 0x07, 0x98, 0xa0, 0x86, 0x08, 0x68,
	0xa0, 0x63, 0x00, 0x20, 0x01, 0x21, 0x0f, 0x4a,
	0x0b, 0x46, 0x00, 0x91, 0x02, 0x90, 0x01, 0x92,
	0x03, 0x90, 0x01, 0x46, 0x0c, 0x4a, 0x0d, 0x48,
	0x00, 0xf0, 0x60, 0xf9, 0x08, 0x9a, 0xe2, 0x63,
	0x00, 0x2a, 0x02, 0xd0, 0x00, 0x21, 0x01, 0x20,
	0x90, 0x47, 0x00, 0x20, 0xbf, 0xe7, 0x02, 0x20,
	0xbd, 0xe7, 0x00, 0x00, 0xb0, 0x03, 0x00, 0x20,
	0xc8, 0x32, 0x00, 0x00, 0x64, 0x12, 0x00, 0x20,
	0xdc, 0x7b, 0x00, 0x00, 0x19, 0x70, 0x00, 0x00,
	0xd9, 0x6f, 0x00, 0x00, 0x6d, 0x01, 0x00, 0x00,
	0x10, 0xb5, 0x00, 0x28, 0x05, 0xd1, 0x03, 0x48,
	0x01, 0x21, 0x01, 0x74, 0xc8, 0x03, 0x03, 0xf0,
	0x17, 0xfb, 0x10, 0xbd, 0x50, 0x04, 0x00, 0x20,
	0x10, 0xb5, 0x10, 0x48, 0x10, 0x49, 0x82, 0x89,
	0x09, 0x8c, 0x8a, 0x42, 0x02, 0xd8, 0x01, 0x20,
	0xc0, 0x02, 0x0d, 0xe0, 0xc1, 0x89, 0x49, 0x1c,
	0x8c, 0xb2, 0xc4, 0x81, 0x0a, 0x48, 0x32, 0x21,
	0x40, 0x30, 0x00, 0x8c, 0xff, 0xf7, 0x1c, 0xff,
	0xa0, 0x42, 0x04, 0xd2, 0x01, 0x20, 0x00, 0x03,
	0x03, 0xf0, 0xfa, 0xfa, 0x10, 0xbd, 0x00, 0x22,
	0x32, 0x21, 0x04, 0x48, 0x07, 0xf0, 0x7a, 0xf9,
	0x10, 0xbd, 0x00, 0x00, 0x90, 0x03, 0x00, 0x20,
	0x9c, 0x7b, 0x00, 0x00, 0x51, 0x02, 0x00, 0x00,
	0x01, 0x48, 0x80, 0x79, 0x70, 0x47, 0x00, 0x00,
	0xd0, 0x03, 0x00, 0x20, 0x10, 0xb5, 0x00, 0xf0,
	0xa5, 0xff, 0x03, 0x48, 0x00, 0x21, 0x41, 0x80,
	0x01, 0x21, 0x81, 0x71, 0x10, 0xbd, 0x00, 0x00,
	0xd0, 0x03, 0x00, 0x20, 0x70, 0xb5, 0x03, 0xf0,
	0xf7, 0xfb, 0x10, 0x28, 0x09, 0xd0, 0x20, 0x28,
	0x06, 0xd0, 0x40, 0x28, 0x04, 0xd0, 0x00, 0x22,
	0x0a, 0x21, 0x12, 0x48, 0x07, 0xf0, 0x52, 0xf9,
	0x70, 0xbd, 0x11, 0x48, 0x81, 0x69, 0x10, 0x22,
	0x11, 0x43, 0x81, 0x61, 0x0f, 0x4c, 0x01, 0x20,
	0xa0, 0x74, 0x00, 0xf0, 0x83, 0xff, 0x25, 0x46,
	0x40, 0x35, 0xe9, 0x79, 0x00, 0x29, 0x05, 0xd0,
	0xa0, 0x89, 0x00, 0xf0, 0x61, 0xfc, 0x00, 0x20,
	0xe8, 0x71, 0x70, 0xbd, 0x02, 0x28, 0x01, 0xd0,
	0x03, 0x28, 0xfa, 0xd1, 0x06, 0x48, 0xc0, 0x8d,
	0x0f, 0x28, 0xf6, 0xd9, 0x03, 0xf0, 0x28, 0xff,
	0x70, 0xbd, 0x00, 0x00, 0xc5, 0x02, 0x00, 0x00,
	0x00, 0x00, 0x00, 0x20, 0x90, 0x03, 0x00, 0x20,
	0x40, 0x01, 0x00, 0x20, 0xf8, 0xb5, 0x11, 0x4d,
	0x06, 0x9f, 0x2c, 0x7c, 0x07, 0x9e, 0x01, 0x2c,
	0x1b, 0xd0, 0x2c, 0x46, 0x40, 0x3c, 0xe0, 0x61,
	0x22, 0x62, 0x63, 0x62, 0x2f, 0x71, 0xa6, 0x64,
	0xe0, 0x6a, 0xe3, 0x6c, 0x41, 0x18, 0x0a, 0x48,
	0x00, 0x68, 0x00, 0x22, 0x09, 0x33, 0x8b, 0x42,
	0x03, 0xd9, 0x83, 0x42, 0x04, 0xd9, 0x1a, 0x1a,
	0x02, 0xe0, 0x81, 0x42, 0x00, 0xd9, 0x0a, 0x1a,
	0x91, 0xb2, 0x00, 0x22, 0x03, 0x48, 0x07, 0xf0,
	0x05, 0xf9, 0xf8, 0xbd, 0x50, 0x04, 0x00, 0x20,
	0x64, 0x12, 0x00, 0x20, 0x7d, 0x04, 0x00, 0x00,
	0x10, 0xb5, 0x09, 0x48, 0x01, 0x68, 0x09, 0x48,
	0xc1, 0x62, 0x40, 0x30, 0x00, 0x79, 0x00, 0x28,
	0x04, 0xd0, 0x00, 0x22, 0x02, 0x21, 0x06, 0x48,
	0x07, 0xf0, 0xf0, 0xf8, 0x00, 0x22, 0x11, 0x46,
	0x04, 0x48, 0x07, 0xf0, 0xeb, 0xf8, 0x10, 0xbd,
	0x64, 0x12, 0x00, 0x20, 0x10, 0x04, 0x00, 0x20,
	0x85, 0x30, 0x00, 0x00, 0xc1, 0x03, 0x00, 0x00,
	0x10, 0xb5, 0x07, 0x48, 0x41, 0x6a, 0x00, 0x29,
	0x02, 0xd0, 0x41, 0x6a, 0x00, 0x1d, 0x88, 0x47,
	0x03, 0x48, 0x40, 0x30, 0x01, 0x79, 0x01, 0x29,
	0x01, 0xd0, 0x00, 0x21, 0x41, 0x74, 0x10, 0xbd,
	0x10, 0x04, 0x00, 0x20, 0x10, 0xb5, 0x05, 0x48,
	0x01, 0x68, 0x05, 0x48, 0x81, 0x62, 0x00, 0x22,
	0x11, 0x46, 0x04, 0x48, 0x07, 0xf0, 0xc6, 0xf8,
	0x10, 0xbd, 0x00, 0x00, 0x64, 0x12, 0x00, 0x20,
	0x10, 0x04, 0x00, 0x20, 0x09, 0x04, 0x00, 0x00,
	0x03, 0x48, 0x01, 0x6a, 0x00, 0x29, 0x02, 0xd0,
	0x01, 0x6a, 0x00, 0x1d, 0x08, 0x47, 0x70, 0x47,
	0x10, 0x04, 0x00, 0x20, 0x10, 0xb5, 0x01, 0x46,
	0x14, 0x22, 0x06, 0x48, 0xff, 0xf7, 0x6e, 0xfe,
	0x04, 0x48, 0x00, 0x21, 0x10, 0x30, 0x01, 0x71,
	0x0a, 0x46, 0x03, 0x48, 0x07, 0xf0, 0xa6, 0xf8,
	0x10, 0xbd, 0x00, 0x00, 0x40, 0x04, 0x00, 0x20,
	0x45, 0x04, 0x00, 0x00, 0x0c, 0x48, 0x10, 0xb5,
	0x02, 0x79, 0x01, 0x46, 0x30, 0x39, 0x02, 0x2a,
	0x07, 0xd1, 0x02, 0x68, 0xca, 0x64, 0x00, 0x22,
	0x43, 0x79, 0x00, 0xe0, 0x52, 0x1c, 0x93, 0x42,
	0xfc, 0xd8, 0x8a, 0x6c, 0x00, 0x2a, 0x01, 0xd0,
	0x89, 0x6c, 0x88, 0x47, 0x02, 0x48, 0x00, 0x21,
	0x10, 0x30, 0x41, 0x74, 0x10, 0xbd, 0x00, 0x00,
	0x40, 0x04, 0x00, 0x20, 0x70, 0xb5, 0x0f, 0x48,
	0x01, 0x21, 0x41, 0x74, 0x04, 0x46, 0x40, 0x3c,
	0xe1, 0x69, 0x3c, 0x38, 0x05, 0x46, 0x88, 0x47,
	0x20, 0x79, 0x07, 0xf0, 0x4c, 0xf8, 0x40, 0x1c,
	0x86, 0xb2, 0x00, 0x24, 0x01, 0xe0, 0x64, 0x1c,
	0xe4, 0xb2, 0x28, 0x78, 0x07, 0xf0, 0x43, 0xf8,
	0x40, 0x1c, 0xa0, 0x42, 0xf7, 0xd8, 0xf1, 0xb2,
	0x03, 0x4a, 0x28, 0x46, 0x02, 0xf0, 0x4c, 0xfa,
	0x70, 0xbd, 0x00, 0x00, 0x50, 0x04, 0x00, 0x20,
	0x19, 0x5c, 0x00, 0x00, 0xf8, 0xb5, 0x1d, 0x4d,
	0x9c, 0x46, 0x2b, 0x7c, 0x01, 0x2b, 0x1f, 0xd0,
	0x1b, 0x4c, 0x06, 0x9b, 0x27, 0x46, 0xff, 0x37,
	0x61, 0x37, 0x3e, 0x46, 0xff, 0x34, 0x20, 0x3e,
	0x01, 0x34, 0x00, 0x2b, 0x18, 0xd0, 0x2b, 0x7a,
	0x01, 0x2b, 0x10, 0xd0, 0x20, 0x67, 0xb1, 0x86,
	0x60, 0x46, 0xa2, 0x67, 0x38, 0x77, 0x06, 0x98,
	0xf0, 0x87, 0x07, 0x98, 0x68, 0x60, 0x00, 0x20,
	0x28, 0x72, 0x01, 0x21, 0x69, 0x72, 0x68, 0x81,
	0x08, 0x99, 0xa9, 0x81, 0xa8, 0x73, 0xf8, 0xbd,
	0x00, 0x20, 0x00, 0xf0, 0xbd, 0xf8, 0xf8, 0xbd,
	0x60, 0x65, 0x31, 0x83, 0x60, 0x46, 0xe2, 0x65,
	0x38, 0x70, 0x07, 0x98, 0x60, 0x66, 0x00, 0x20,
	0x70, 0x85, 0x08, 0x99, 0xb1, 0x85, 0x09, 0x99,
	0x31, 0x85, 0xb8, 0x73, 0x00, 0xf0, 0x56, 0xf9,
	0xf8, 0xbd, 0x00, 0x00, 0x90, 0x04, 0x00, 0x20,
	0x10, 0x03, 0x00, 0x20, 0x70, 0xb5, 0x12, 0x49,
	0x10, 0x4d, 0x0c, 0x46, 0xab, 0x7b, 0xff, 0x34,
	0xff, 0x31, 0x81, 0x34, 0x01, 0x22, 0x01, 0x31,
	0x00, 0x2b, 0x05, 0xd0, 0xa2, 0x73, 0x89, 0x6f,
	0x00, 0x29, 0x00, 0xd0, 0x88, 0x47, 0x70, 0xbd,
	0xaa, 0x73, 0xc9, 0x6d, 0x00, 0x29, 0x00, 0xd0,
	0x88, 0x47, 0x28, 0x78, 0x01, 0x28, 0xf6, 0xd0,
	0x20, 0x7a, 0x01, 0x28, 0xf3, 0xd1, 0x03, 0x48,
	0x03, 0x21, 0x30, 0x38, 0x01, 0x71, 0x00, 0xf0,
	0x07, 0xf8, 0x70, 0xbd, 0x70, 0x04, 0x00, 0x20,
	0x10, 0x03, 0x00, 0x20, 0x70, 0x47, 0x00, 0x00,
	0xf0, 0xb4, 0x0e, 0x49, 0xca, 0x8f, 0x40, 0x31,
	0x0b, 0x68, 0xd2, 0x18, 0x0c, 0x4b, 0x1c, 0x68,
	0xa2, 0x42, 0x11, 0xd2, 0x8d, 0x89, 0x0a, 0x46,
	0x00, 0x24, 0x52, 0x68, 0x00, 0x2d, 0x02, 0xd0,
	0x4e, 0x89, 0xae, 0x42, 0x04, 0xd3, 0x0c, 0x72,
	0x00, 0x2a, 0x05, 0xd0, 0xf0, 0xbc, 0x10, 0x47,
	0x18, 0x68, 0x08, 0x60, 0x01, 0x20, 0x48, 0x72,
	0xf0, 0xbc, 0x70, 0x47, 0x50, 0x04, 0x00, 0x20,
	0x64, 0x12, 0x00, 0x20, 0x03, 0x49, 0x00, 0x22,
	0x0a, 0x72, 0x49, 0x68, 0x00, 0x29, 0x00, 0xd0,
	0x08, 0x47, 0x70, 0x47, 0x90, 0x04, 0x00, 0x20,
	0x1c, 0xb5, 0x10, 0x48, 0x41, 0x7a, 0x00, 0x29,
	0x19, 0xd0, 0x00, 0x21, 0x41, 0x72, 0x01, 0x21,
	0x01, 0x72, 0x41, 0x89, 0x49, 0x1c, 0x41, 0x81,
	0x0b, 0x49, 0x09, 0x68, 0x01, 0x60, 0x20, 0x38,
	0x00, 0x7f, 0x00, 0x90, 0x07, 0x48, 0x09, 0x49,
	0x01, 0x91, 0x40, 0x38, 0x81, 0x8e, 0x40, 0x38,
	0x00, 0x6f, 0x07, 0x4b, 0x07, 0x4a, 0xff, 0xf7,
	0x85, 0xfe, 0x01, 0x20, 0x1c, 0xbd, 0x00, 0x20,
	0x1c, 0xbd, 0x00, 0x00, 0x90, 0x04, 0x00, 0x20,
	0x64, 0x12, 0x00, 0x20, 0x01, 0x07, 0x00, 0x00,
	0x45, 0x05, 0x00, 0x00, 0x95, 0x05, 0x00, 0x00,
	0x01, 0x48, 0x00, 0x7a, 0x70, 0x47, 0x00, 0x00,
	0x90, 0x04, 0x00, 0x20, 0x10, 0xb5, 0x08, 0x4b,
	0x1c, 0x7c, 0x00, 0x2c, 0x0b, 0xd1, 0x01, 0x24,
	0x1c, 0x74, 0x98, 0x74, 0xd9, 0x74, 0x1a, 0x75,
	0x00, 0x20, 0x58, 0x74, 0x02, 0x46, 0x01, 0x46,
	0x02, 0x48, 0x06, 0xf0, 0x87, 0xff, 0x10, 0xbd,
	0x90, 0x04, 0x00, 0x20, 0xe1, 0x06, 0x00, 0x00,
	0x02, 0x21, 0x01, 0x70, 0x01, 0x49, 0x89, 0x7c,
	0x41, 0x70, 0x70, 0x47, 0x90, 0x04, 0x00, 0x20,
	0x10, 0xb5, 0x10, 0x49, 0x4a, 0x7c, 0xcb, 0x7c,
	0x08, 0x46, 0x40, 0x38, 0x9a, 0x42, 0x16, 0xd2,
	0x4a, 0x7c, 0x52, 0x1c, 0x4a, 0x74, 0x02, 0x46,
	0x0b, 0x4b, 0x40, 0x3a, 0x53, 0x65, 0x09, 0x7d,
	0x01, 0x83, 0x0a, 0x49, 0xd1, 0x65, 0x03, 0x46,
	0x00, 0x21, 0x20, 0x33, 0x19, 0x70, 0x51, 0x66,
	0x41, 0x85, 0x81, 0x85, 0x01, 0x85, 0x99, 0x73,
	0x00, 0xf0, 0x8c, 0xf8, 0x10, 0xbd, 0x01, 0x21,
	0x01, 0x74, 0x10, 0xbd, 0x90, 0x04, 0x00, 0x20,
	0x81, 0x06, 0x00, 0x00, 0x91, 0x06, 0x00, 0x00,
	0x10, 0xb5, 0x06, 0x48, 0x00, 0x7c, 0x01, 0x28,
	0x06, 0xd1, 0x04, 0x48, 0x40, 0x38, 0x40, 0x7c,
	0x00, 0x28, 0x01, 0xd1, 0xff, 0xf7, 0xcc, 0xff,
	0x10, 0xbd, 0x00, 0x00, 0x90, 0x04, 0x00, 0x20,
	0x70, 0xb5, 0x04, 0x46, 0x00, 0x79, 0x15, 0x4d,
	0x02, 0x28, 0x03, 0xd0, 0x28, 0x7a, 0x01, 0x28,
	0x1c, 0xd0, 0x1e, 0xe0, 0xa0, 0x79, 0x01, 0xf0,
	0x59, 0xff, 0x03, 0x26, 0x00, 0x28, 0x28, 0x7a,
	0x03, 0xd0, 0x01, 0x28, 0x20, 0x46, 0x0c, 0xd0,
	0x08, 0xe0, 0x01, 0x28, 0x03, 0xd1, 0x20, 0x46,
	0x26, 0x71, 0xff, 0xf7, 0x31, 0xff, 0x02, 0x21,
	0x20, 0x46, 0x21, 0x71, 0x00, 0xf0, 0x4a, 0xf8,
	0x70, 0xbd, 0xff, 0xf7, 0x4b, 0xff, 0x20, 0x46,
	0x26, 0x71, 0x03, 0xe0, 0x20, 0x46, 0xff, 0xf7,
	0x23, 0xff, 0x20, 0x46, 0x00, 0xf0, 0x28, 0xf8,
	0x70, 0xbd, 0x00, 0x00, 0x90, 0x04, 0x00, 0x20,
	0x0d, 0x4a, 0x13, 0x78, 0x11, 0x46, 0x20, 0x39,
	0x00, 0x2b, 0x08, 0xd0, 0x8a, 0x69, 0x82, 0x42,
	0x10, 0xd1, 0x02, 0x28, 0x0e, 0xd1, 0xc8, 0x69,
	0x40, 0x1c, 0xc8, 0x61, 0x08, 0xe0, 0x01, 0x28,
	0x02, 0xd1, 0x53, 0x78, 0x00, 0x2b, 0x05, 0xd0,
	0x01, 0x23, 0x13, 0x70, 0xcb, 0x61, 0x88, 0x61,
	0x01, 0x20, 0x70, 0x47, 0x00, 0x20, 0x70, 0x47,
	0xb0, 0x04, 0x00, 0x20, 0x01, 0x48, 0x01, 0x21,
	0x41, 0x70, 0x70, 0x47, 0xb0, 0x04, 0x00, 0x20,
	0x09, 0x49, 0x10, 0xb5, 0x0a, 0x46, 0x8b, 0x8d,
	0x40, 0x3a, 0x52, 0x6e, 0x00, 0x2b, 0x02, 0xd0,
	0x4c, 0x8d, 0x9c, 0x42, 0x03, 0xd3, 0x00, 0x2a,
	0x00, 0xd0, 0x90, 0x47, 0x10, 0xbd, 0x08, 0x8d,
	0x08, 0x83, 0x00, 0xf0, 0x0b, 0xf8, 0x10, 0xbd,
	0x50, 0x04, 0x00, 0x20, 0x02, 0x49, 0x49, 0x6e,
	0x00, 0x29, 0x00, 0xd0, 0x08, 0x47, 0x70, 0x47,
	0x10, 0x04, 0x00, 0x20, 0x1c, 0xb5, 0x09, 0x48,
	0x09, 0x4a, 0x41, 0x8d, 0x09, 0x4b, 0x49, 0x1c,
	0x41, 0x85, 0x01, 0x46, 0x20, 0x31, 0x09, 0x78,
	0x01, 0x92, 0x00, 0x91, 0x01, 0x8b, 0x40, 0x38,
	0x40, 0x6d, 0x05, 0x4a, 0xff, 0xf7, 0x96, 0xfd,
	0x1c, 0xbd, 0x00, 0x00, 0x50, 0x04, 0x00, 0x20,
	0x01, 0x07, 0x00, 0x00, 0x45, 0x05, 0x00, 0x00,
	0x95, 0x05, 0x00, 0x00, 0x06, 0x48, 0xc1, 0x69,
	0x00, 0x29, 0x02, 0xd0, 0x49, 0x1e, 0xc1, 0x61,
	0x04, 0xd1, 0x03, 0x4a, 0x00, 0x21, 0x20, 0x32,
	0x11, 0x70, 0x81, 0x61, 0x70, 0x47, 0x00, 0x00,
	0x90, 0x04, 0x00, 0x20, 0x10, 0xb5, 0xa0, 0x21,
	0x01, 0x48, 0xff, 0xf7, 0x78, 0xfc, 0x10, 0xbd,
	0x14, 0x04, 0x00, 0x20, 0x99, 0x42, 0x07, 0xd9,
	0x01, 0x23, 0xdb, 0x03, 0x99, 0x42, 0x03, 0xd2,
	0x82, 0x42, 0x01, 0xd9, 0x01, 0x20, 0x70, 0x47,
	0x00, 0x20, 0x70, 0x47, 0x70, 0xb5, 0x0b, 0x4c,
	0x16, 0x1a, 0xa1, 0x82, 0xc8, 0x1a, 0x19, 0x21,
	0x00, 0xb2, 0xc9, 0x01, 0x48, 0x43, 0x15, 0x46,
	0xe3, 0x82, 0x31, 0x46, 0xff, 0xf7, 0x2e, 0xfc,
	0x31, 0x46, 0xff, 0xf7, 0x2b, 0xfc, 0x20, 0x83,
	0x14, 0x21, 0x28, 0x46, 0xff, 0xf7, 0x10, 0xfc,
	0x60, 0x83, 0x70, 0xbd, 0x90, 0x03, 0x00, 0x20,
	0xf8, 0xb5, 0x22, 0x4d, 0x07, 0x46, 0x1a, 0x21,
	0x16, 0x46, 0x50, 0x08, 0x69, 0x5e, 0x0a, 0x22,
	0xec, 0x8b, 0x51, 0x43, 0x08, 0x1a, 0x08, 0xd4,
	0x18, 0x22, 0xaa, 0x5e, 0x40, 0x43, 0x19, 0x21,
	0x50, 0x43, 0x49, 0x01, 0xff, 0xf7, 0x0e, 0xfc,
	0x00, 0xe0, 0x00, 0x20, 0x16, 0x21, 0x69, 0x5e,
	0x08, 0x18, 0x14, 0x21, 0x69, 0x5e, 0x81, 0x42,
	0x00, 0xda, 0x08, 0x46, 0x1c, 0x21, 0x69, 0x5e,
	0x00, 0x19, 0x0c, 0x18, 0x11, 0x48, 0x20, 0x30,
	0x00, 0x7b, 0xc0, 0x07, 0x00, 0xd0, 0x3c, 0x46,
	0x00, 0xf0, 0x88, 0xfc, 0x0d, 0x48, 0x40, 0x30,
	0x80, 0x79, 0x01, 0x28, 0x07, 0xd1, 0x03, 0xf0,
	0x13, 0xf8, 0x00, 0x28, 0x03, 0xd1, 0x0a, 0x48,
	0x84, 0x89, 0xff, 0x34, 0xf5, 0x34, 0x00, 0xf0,
	0xa3, 0xfe, 0x00, 0x28, 0x02, 0xd1, 0x05, 0x48,
	0x40, 0x38, 0x84, 0x89, 0x28, 0x8c, 0xa0, 0x42,
	0x00, 0xda, 0x04, 0x46, 0x2e, 0x82, 0xa0, 0xb2,
	0xf8, 0xbd, 0x00, 0x00, 0x90, 0x03, 0x00, 0x20,
	0x9c, 0x7b, 0x00, 0x00, 0x70, 0xb5, 0x0b, 0x4c,
	0x20, 0x79, 0x01, 0x25, 0x00, 0x28, 0x03, 0xd0,
	0x01, 0x28, 0x05, 0xd0, 0x02, 0x28, 0x07, 0xd0,
	0x06, 0xf0, 0xf4, 0xf9, 0x25, 0x71, 0x70, 0xbd,
	0x06, 0xf0, 0x50, 0xf9, 0x02, 0x20, 0x02, 0xe0,
	0x06, 0xf0, 0x76, 0xf8, 0x00, 0x20, 0x20, 0x71,
	0x70, 0xbd, 0x00, 0x00, 0x30, 0x03, 0x00, 0x20,
	0x70, 0xb5, 0x1f, 0x48, 0xc2, 0x8e, 0x48, 0x38,
	0xc1, 0x8b, 0x40, 0x38, 0xc3, 0x7b, 0x1d, 0x4e,
	0x9c, 0x07, 0xa4, 0x0f, 0x0a, 0xd0, 0xc0, 0x7b,
	0x40, 0x07, 0x01, 0xd5, 0x01, 0x25, 0x00, 0xe0,
	0x00, 0x25, 0x01, 0x2c, 0x13, 0xd0, 0x02, 0x2c,
	0x0f, 0xd1, 0x09, 0xe0, 0xb0, 0x6f, 0x00, 0x28,
	0x09, 0xd0, 0x15, 0x48, 0x00, 0x25, 0x81, 0x42,
	0x06, 0xd9, 0xc8, 0x2a, 0x04, 0xd2, 0x02, 0x24,
	0x06, 0x20, 0x00, 0x22, 0x05, 0xe0, 0x00, 0x25,
	0x03, 0x24, 0x00, 0x20, 0xf9, 0xe7, 0x00, 0x20,
	0x06, 0x22, 0x13, 0x46, 0x01, 0x46, 0x02, 0xf0,
	0xaf, 0xf8, 0x28, 0x46, 0x02, 0xf0, 0x98, 0xf8,
	0xb0, 0x69, 0x01, 0x21, 0x09, 0x06, 0x88, 0x43,
	0x29, 0x06, 0x08, 0x43, 0xb0, 0x61, 0xb0, 0x69,
	0x03, 0x21, 0x89, 0x05, 0x88, 0x43, 0xa1, 0x05,
	0x08, 0x43, 0xb0, 0x61, 0x70, 0xbd, 0x00, 0x00,
	0xd8, 0x03, 0x00, 0x20, 0x00, 0x00, 0x00, 0x20,
	0x4c, 0x1d, 0x00, 0x00, 0x10, 0xb5, 0x03, 0xf0,
	0x1f, 0xfd, 0x01, 0x1e, 0x02, 0xd0, 0x08, 0x48,
	0xff, 0xf7, 0x5a, 0xfb, 0x07, 0x49, 0x48, 0x82,
	0x07, 0x48, 0xc2, 0x8e, 0x8a, 0x82, 0xc2, 0x89,
	0x0a, 0x83, 0xc2, 0x88, 0xca, 0x82, 0xc2, 0x8d,
	0x4a, 0x83, 0xc0, 0x8b, 0x88, 0x83, 0x10, 0xbd,
	0x80, 0x96, 0x98, 0x00, 0x40, 0x00, 0x00, 0x20,
	0xd8, 0x03, 0x00, 0x20, 0x70, 0xb5, 0x06, 0x46,
	0x17, 0x48, 0x00, 0x78, 0x80, 0x06, 0x24, 0xd5,
	0x02, 0xf0, 0x76, 0xff, 0x14, 0x49, 0x02, 0x46,
	0x00, 0x20, 0x20, 0x31, 0x00, 0x2a, 0x1d, 0xd0,
	0x0a, 0x46, 0x88, 0x32, 0x34, 0x23, 0xd3, 0x5e,
	0xff, 0x22, 0x2d, 0x32, 0x93, 0x42, 0x14, 0xdb,
	0x12, 0x22, 0x8a, 0x56, 0x01, 0x25, 0x0d, 0x4c,
	0x6d, 0x06, 0xb2, 0x42, 0x10, 0xdb, 0x0a, 0x7c,
	0x52, 0x1c, 0x0a, 0x74, 0x0a, 0x7c, 0x4b, 0x7c,
	0x9a, 0x42, 0x06, 0xd9, 0x08, 0x74, 0x68, 0x01,
	0x00, 0xf0, 0x4e, 0xff, 0xa0, 0x69, 0x28, 0x43,
	0xa0, 0x61, 0x70, 0xbd, 0x08, 0x74, 0x70, 0xbd,
	0x08, 0x74, 0xa0, 0x69, 0xa8, 0x43, 0xf7, 0xe7,
	0x30, 0x03, 0x00, 0x20, 0x00, 0x00, 0x00, 0x20,
	0xf0, 0xb5, 0x46, 0x48, 0x89, 0xb0, 0x81, 0x69,
	0xc0, 0x22, 0x91, 0x43, 0x81, 0x61, 0x44, 0x49,
	0x8a, 0x78, 0x20, 0x21, 0x01, 0x2a, 0x82, 0x69,
	0x7d, 0xd0, 0x8a, 0x43, 0x82, 0x61, 0x41, 0x49,
	0xc1, 0x61, 0x41, 0x48, 0x00, 0x21, 0x01, 0x70,
	0x02, 0x78, 0x3c, 0x49, 0x20, 0x31, 0x0a, 0x72,
	0x00, 0x21, 0x01, 0x71, 0x20, 0x38, 0x81, 0x62,
	0x39, 0x4d, 0x38, 0x4a, 0x20, 0x3d, 0x29, 0x8c,
	0x40, 0x32, 0x00, 0x91, 0xd1, 0x86, 0x29, 0x46,
	0x80, 0x39, 0xcb, 0x88, 0x13, 0x86, 0x33, 0x4c,
	0x0a, 0x8e, 0x80, 0x34, 0x22, 0x80, 0x82, 0x85,
	0x4a, 0x8e, 0x62, 0x80, 0xc2, 0x85, 0x89, 0x8e,
	0xa1, 0x80, 0x01, 0x86, 0xe8, 0x8f, 0xe0, 0x80,
	0x2f, 0x46, 0x40, 0x37, 0x38, 0x88, 0x20, 0x81,
	0x78, 0x88, 0x60, 0x81, 0x20, 0x46, 0x29, 0x8d,
	0xc0, 0x30, 0x01, 0x85, 0x69, 0x8d, 0x41, 0x85,
	0xa9, 0x8d, 0x81, 0x85, 0x29, 0x46, 0x28, 0x48,
	0x0e, 0x31, 0x12, 0x22, 0x0e, 0x46, 0x12, 0x30,
	0xff, 0xf7, 0xf0, 0xfa, 0x20, 0x46, 0x12, 0x22,
	0x31, 0x46, 0x0c, 0x30, 0xff, 0xf7, 0xea, 0xfa,
	0x20, 0x46, 0x20, 0x30, 0x29, 0x46, 0x64, 0x31,
	0x07, 0x90, 0x06, 0xc9, 0x06, 0xc0, 0x1e, 0x48,
	0x20, 0x38, 0x06, 0x46, 0x82, 0x64, 0x41, 0x64,
	0x68, 0x89, 0x40, 0x36, 0xa0, 0x85, 0xb0, 0x81,
	0x20, 0x46, 0x08, 0x22, 0x29, 0x46, 0x2e, 0x30,
	0xff, 0xf7, 0xd4, 0xfa, 0x07, 0x98, 0xb9, 0x7c,
	0x81, 0x76, 0xb1, 0x73, 0x00, 0x21, 0xc1, 0x76,
	0xf1, 0x73, 0x0a, 0x21, 0xa1, 0x87, 0x20, 0x46,
	0x40, 0x30, 0xc1, 0x85, 0x00, 0x99, 0xe1, 0x87,
	0x00, 0x99, 0x41, 0x80, 0x79, 0x8b, 0x81, 0x80,
	0x39, 0x8b, 0xc1, 0x80, 0x29, 0x46, 0xa0, 0x22,
	0x6c, 0x31, 0xb0, 0x30, 0xff, 0xf7, 0xba, 0xfa,
	0x08, 0x21, 0x71, 0x74, 0x20, 0x46, 0x60, 0x30,
	0x81, 0x74, 0x05, 0x21, 0xb1, 0x74, 0xc1, 0x74,
	0x09, 0xb0, 0xf0, 0xbd, 0xff, 0xe7, 0x0a, 0x43,
	0x80, 0xe7, 0x00, 0x00, 0x00, 0x00, 0x00, 0x20,
	0xbc, 0x7b, 0x00, 0x00, 0xf0, 0xff, 0xff, 0x43,
	0x30, 0x03, 0x00, 0x20, 0x01, 0x48, 0x80, 0x89,
	0x70, 0x47, 0x00, 0x00, 0x90, 0x03, 0x00, 0x20,
	0x70, 0xb5, 0x04, 0x46, 0x0c, 0x49, 0x01, 0x20,
	0x0c, 0x4a, 0x08, 0x71, 0x10, 0x70, 0x0c, 0x48,
	0x84, 0x42, 0x00, 0xd9, 0x04, 0x46, 0x00, 0x20,
	0x07, 0x4d, 0x48, 0x71, 0x20, 0x3d, 0x09, 0x49,
	0xec, 0x84, 0x09, 0x68, 0x20, 0x46, 0xa9, 0x62,
	0xe9, 0x8b, 0xa1, 0x42, 0x01, 0xd2, 0x02, 0xf0,
	0xb1, 0xff, 0xec, 0x83, 0x00, 0x20, 0x70, 0xbd,
	0xb0, 0x03, 0x00, 0x20, 0xc0, 0x00, 0x00, 0x20,
	0xc8, 0x32, 0x00, 0x00, 0x64, 0x12, 0x00, 0x20,
	0xf8, 0xb5, 0x22, 0x4e, 0x30, 0x79, 0xc0, 0x07,
	0x3f, 0xd0, 0x00, 0xf0, 0x47, 0xf8, 0x00, 0x28,
	0x00, 0xda, 0x40, 0x42, 0x1f, 0x4c, 0x1e, 0x4f,
	0x22, 0x46, 0x1c, 0x4d, 0xb9, 0x8b, 0x40, 0x32,
	0x20, 0x3d, 0xc0, 0x34, 0x00, 0x92, 0x88, 0x42,
	0x14, 0xdc, 0x70, 0x79, 0x40, 0x1c, 0xc0, 0xb2,
	0x70, 0x71, 0xf9, 0x8b, 0x88, 0x42, 0x0f, 0xd3,
	0xe8, 0x8c, 0x02, 0xf0, 0x87, 0xff, 0xe8, 0x8b,
	0xa8, 0x81, 0x00, 0x99, 0xc8, 0x86, 0x02, 0x20,
	0x30, 0x71, 0x20, 0x70, 0x00, 0x03, 0x00, 0xf0,
	0x57, 0xfe, 0x01, 0xe0, 0x00, 0x20, 0x70, 0x71,
	0x0f, 0x49, 0xa8, 0x6a, 0x09, 0x68, 0x08, 0x1a,
	0x39, 0x8c, 0x88, 0x42, 0x11, 0xd9, 0x09, 0x48,
	0x28, 0x30, 0xc7, 0x88, 0xb8, 0xb2, 0x02, 0xf0,
	0x6d, 0xff, 0xaf, 0x81, 0xef, 0x83, 0x00, 0x98,
	0xc7, 0x86, 0x30, 0x79, 0x20, 0x70, 0x04, 0x20,
	0x30, 0x71, 0x20, 0x70, 0x00, 0x03, 0x00, 0xf0,
	0x3b, 0xfe, 0xf8, 0xbd, 0xb0, 0x03, 0x00, 0x20,
	0xdc, 0x7b, 0x00, 0x00, 0x00, 0x00, 0x00, 0x20,
	0x64, 0x12, 0x00, 0x20, 0x01, 0x49, 0x1c, 0x20,
	0x08, 0x56, 0x70, 0x47, 0x50, 0x03, 0x00, 0x20,
	0x1f, 0xb5, 0x00, 0x20, 0x14, 0x49, 0x00, 0x90,
	0x02, 0x90, 0x02, 0x46, 0x01, 0x91, 0x03, 0x90,
	0x01, 0x23, 0x09, 0x21, 0x11, 0x48, 0xff, 0xf7,
	0xf9, 0xfb, 0x12, 0x48, 0x09, 0x22, 0x10, 0x49,
	0x04, 0x46, 0xff, 0xf7, 0x13, 0xfa, 0x0f, 0x4a,
	0x0d, 0x48, 0x1e, 0x23, 0x19, 0x3a, 0x13, 0x74,
	0x1c, 0x38, 0x41, 0x7f, 0x51, 0x74, 0x80, 0x7f,
	0x90, 0x74, 0x31, 0x20, 0x10, 0x75, 0x08, 0x48,
	0x21, 0x46, 0x00, 0x1d, 0x40, 0x78, 0x50, 0x75,
	0x93, 0x75, 0x06, 0x48, 0xd3, 0x75, 0x09, 0x22,
	0x09, 0x30, 0xff, 0xf7, 0xfb, 0xf9, 0x1f, 0xbd,
	0x4d, 0x0d, 0x00, 0x00, 0x21, 0x0d, 0x00, 0x00,
	0x58, 0x7b, 0x00, 0x00, 0x89, 0x03, 0x00, 0x20,
	0x51, 0x21, 0x01, 0x70, 0x08, 0x49, 0x0a, 0x7f,
	0x42, 0x70, 0x00, 0x22, 0x82, 0x70, 0xc2, 0x70,
	0x4a, 0x7f, 0x89, 0x7f, 0xd2, 0x00, 0x0a, 0x43,
	0x03, 0x49, 0x02, 0x71, 0x20, 0x31, 0x49, 0x78,
	0x80, 0x22, 0x11, 0x43, 0x41, 0x71, 0x70, 0x47,
	0x3c, 0x7b, 0x00, 0x00, 0x1f, 0xb5, 0x01, 0x79,
	0x02, 0x29, 0x02, 0xd1, 0x80, 0x79, 0xff, 0x28,
	0x02, 0xd0, 0x00, 0xf0, 0x3f, 0xf8, 0x1f, 0xbd,
	0x09, 0x48, 0x01, 0x22, 0x81, 0x78, 0xff, 0x23,
	0x11, 0x43, 0x81, 0x70, 0x25, 0x33, 0x03, 0x22,
	0x06, 0x49, 0x00, 0x20, 0x6c, 0x46, 0x0f, 0xc4,
	0x02, 0x46, 0x01, 0x23, 0x09, 0x21, 0x04, 0x48,
	0xff, 0xf7, 0xa0, 0xfb, 0x1f, 0xbd, 0x00, 0x00,
	0x70, 0x03, 0x00, 0x20, 0x51, 0x14, 0x00, 0x00,
	0x45, 0x14, 0x00, 0x00, 0xf8, 0xb5, 0x04, 0x46,
	0x0e, 0x48, 0x86, 0x8e, 0x85, 0x89, 0x87, 0x88,
	0x48, 0x38, 0xc0, 0x8b, 0x05, 0xf0, 0x10, 0xfe,
	0xb9, 0xb2, 0xa8, 0xb2, 0x32, 0x46, 0xff, 0xf7,
	0x73, 0xfd, 0x06, 0x46, 0x03, 0xf0, 0x3c, 0xfb,
	0x02, 0x46, 0xa8, 0xb2, 0x31, 0x46, 0x01, 0xf0,
	0x1f, 0xfc, 0x04, 0x49, 0x88, 0x39, 0x08, 0x77,
	0x03, 0x49, 0xc8, 0x74, 0x03, 0x21, 0x21, 0x70,
	0x60, 0x70, 0xf8, 0xbd, 0xd8, 0x03, 0x00, 0x20,
	0x60, 0x00, 0x00, 0x20, 0x70, 0xb5, 0xff, 0xf7,
	0xdd, 0xfc, 0x1f, 0x4d, 0x07, 0x26, 0xa8, 0x78,
	0x01, 0x21, 0x82, 0x07, 0x28, 0x46, 0x20, 0x38,
	0x1c, 0x4c, 0xf6, 0x04, 0x00, 0x2a, 0x26, 0xda,
	0x69, 0x71, 0xff, 0x21, 0x6f, 0x31, 0xc1, 0x82,
	0x19, 0x48, 0x01, 0xf0, 0x5f, 0xff, 0xa8, 0x79,
	0x13, 0x28, 0x17, 0xd3, 0x20, 0x28, 0xa0, 0x69,
	0x03, 0xd3, 0xb0, 0x43, 0x01, 0x21, 0x49, 0x05,
	0x02, 0xe0, 0xb0, 0x43, 0x03, 0x21, 0xc9, 0x04,
	0x40, 0x18, 0xa0, 0x61, 0x01, 0x20, 0x40, 0x06,
	0x00, 0xf0, 0x72, 0xfd, 0x0f, 0x48, 0x00, 0x68,
	0x0b, 0x49, 0x60, 0x39, 0x88, 0x65, 0x00, 0xf0,
	0xe1, 0xf8, 0x70, 0xbd, 0xa0, 0x69, 0x01, 0x21,
	0xb0, 0x43, 0x09, 0x05, 0xec, 0xe7, 0xe9, 0x70,
	0x19, 0x21, 0x49, 0x01, 0xc1, 0x82, 0x06, 0x48,
	0xa0, 0x38, 0x01, 0xf0, 0x37, 0xff, 0xa0, 0x69,
	0x01, 0x21, 0xb0, 0x43, 0xc9, 0x04, 0xdf, 0xe7,
	0x70, 0x03, 0x00, 0x20, 0x00, 0x00, 0x00, 0x20,
	0xa8, 0x7c, 0x00, 0x00, 0x64, 0x12, 0x00, 0x20,
	0x71, 0x21, 0x01, 0x70, 0x13, 0x21, 0x41, 0x70,
	0x07, 0x49, 0xca, 0x88, 0x12, 0x0a, 0x82, 0x70,
	0x8a, 0x79, 0xc2, 0x70, 0x00, 0x22, 0x02, 0x71,
	0x0a, 0x79, 0x42, 0x71, 0x0a, 0x7b, 0x82, 0x71,
	0x89, 0x89, 0x09, 0x0a, 0xc1, 0x71, 0x70, 0x47,
	0x1c, 0x7b, 0x00, 0x00, 0x10, 0xb5, 0xff, 0xf7,
	0x0b, 0xff, 0x10, 0xbd, 0x10, 0xb5, 0x38, 0x21,
	0x07, 0x48, 0xff, 0xf7, 0x44, 0xf9, 0x06, 0x48,
	0x08, 0x21, 0x0c, 0x30, 0x01, 0x71, 0x60, 0x38,
	0x01, 0x8e, 0x40, 0x30, 0xc1, 0x82, 0x03, 0x48,
	0xc1, 0x78, 0x03, 0x48, 0xc1, 0x85, 0x10, 0xbd,
	0x64, 0x03, 0x00, 0x20, 0x5c, 0x7b, 0x00, 0x00,
	0x40, 0x01, 0x00, 0x20, 0xf0, 0xb5, 0x2b, 0x4a,
	0x00, 0x23, 0x16, 0x46, 0x20, 0x36, 0xd1, 0x7d,
	0x77, 0x7a, 0x33, 0x24, 0x03, 0x25, 0x85, 0xb0,
	0xb9, 0x42, 0x16, 0xd0, 0x50, 0x7b, 0x80, 0x06,
	0x80, 0x0e, 0xb8, 0x42, 0x10, 0xd0, 0x88, 0x42,
	0x00, 0xd3, 0x08, 0x46, 0x00, 0x28, 0x00, 0xd1,
	0x08, 0x46, 0xd0, 0x75, 0x20, 0x48, 0x00, 0x93,
	0x01, 0x90, 0x01, 0x23, 0x00, 0x22, 0x02, 0x95,
	0x03, 0x94, 0x09, 0x21, 0x1d, 0x48, 0x27, 0xe0,
	0xd0, 0x75, 0x10, 0x7d, 0xb1, 0x79, 0x88, 0x42,
	0x09, 0xd0, 0x1b, 0x48, 0x00, 0x93, 0x01, 0x90,
	0x01, 0x23, 0x00, 0x22, 0x02, 0x95, 0x03, 0x94,
	0x09, 0x21, 0x18, 0x48, 0x18, 0xe0, 0x90, 0x7b,
	0x36, 0x7a, 0x80, 0x06, 0x80, 0x0e, 0xb0, 0x42,
	0x16, 0xd0, 0x91, 0x7d, 0xb1, 0x42, 0x13, 0xd0,
	0x88, 0x42, 0x00, 0xd3, 0x08, 0x46, 0x00, 0x28,
	0x00, 0xd1, 0x08, 0x46, 0x90, 0x75, 0x10, 0x48,
	0x00, 0x93, 0x01, 0x90, 0x02, 0x95, 0x03, 0x94,
	0x01, 0x23, 0x00, 0x22, 0x09, 0x21, 0x0d, 0x48,
	0xff, 0xf7, 0xac, 0xfa, 0x05, 0xb0, 0xf0, 0xbd,
	0x0b, 0x48, 0x00, 0x93, 0x01, 0x90, 0x01, 0x23,
	0x00, 0x22, 0x02, 0x95, 0x03, 0x94, 0x09, 0x21,
	0x08, 0x48, 0xf1, 0xe7, 0x70, 0x03, 0x00, 0x20,
	0x19, 0x14, 0x00, 0x00, 0x7d, 0x15, 0x00, 0x00,
	0xc5, 0x14, 0x00, 0x00, 0xa5, 0x15, 0x00, 0x00,
	0x99, 0x14, 0x00, 0x00, 0x91, 0x15, 0x00, 0x00,
	0xa9, 0x0f, 0x00, 0x00, 0x69, 0x15, 0x00, 0x00,
	0x10, 0xb5, 0x01, 0x79, 0x02, 0x29, 0x1d, 0xd1,
	0x80, 0x79, 0xff, 0x28, 0x1a, 0xd1, 0x0f, 0x49,
	0x09, 0x22, 0x88, 0x1a, 0xff, 0xf7, 0xa2, 0xf8,
	0x0c, 0x48, 0x80, 0x1e, 0x01, 0x78, 0x0c, 0x48,
	0xc1, 0x85, 0x0a, 0x48, 0x0a, 0x49, 0x22, 0x38,
	0xc2, 0x7f, 0x80, 0x39, 0xca, 0x85, 0xca, 0x8d,
	0x40, 0x39, 0x8a, 0x87, 0x81, 0x78, 0x02, 0x22,
	0x11, 0x43, 0x81, 0x70, 0x18, 0x21, 0x01, 0x71,
	0x01, 0x21, 0x41, 0x71, 0xff, 0xf7, 0xf6, 0xfe,
	0x10, 0xbd, 0x00, 0x00, 0x92, 0x03, 0x00, 0x20,
	0x40, 0x01, 0x00, 0x20, 0xf0, 0xb5, 0x3c, 0x4e,
	0x3a, 0x4f, 0x30, 0x7d, 0x34, 0x46, 0x00, 0x25,
	0x20, 0x34, 0x85, 0xb0, 0x00, 0x28, 0x44, 0xd0,
	0x38, 0x48, 0x35, 0x75, 0x82, 0x8e, 0x20, 0x46,
	0x60, 0x38, 0x01, 0x8e, 0x8a, 0x42, 0x00, 0xd0,
	0xf1, 0x82, 0xf2, 0x8a, 0x81, 0x6d, 0x8a, 0x18,
	0x33, 0x49, 0x0b, 0x68, 0x9a, 0x42, 0x30, 0xd2,
	0x22, 0x7b, 0x52, 0x1c, 0xd2, 0xb2, 0x22, 0x73,
	0x08, 0x2a, 0x01, 0xd9, 0x08, 0x22, 0x22, 0x73,
	0x09, 0x68, 0x81, 0x65, 0x01, 0x20, 0x70, 0x75,
	0x00, 0xf0, 0x78, 0xf8, 0x81, 0xb2, 0x3b, 0x29,
	0x00, 0xd2, 0x3b, 0x21, 0x20, 0x79, 0x18, 0x28,
	0x15, 0xd0, 0xe2, 0x78, 0x27, 0x48, 0x93, 0x07,
	0x05, 0xd4, 0x02, 0x23, 0x1a, 0x43, 0xe2, 0x70,
	0x19, 0x22, 0x52, 0x01, 0xf2, 0x82, 0x00, 0x95,
	0x02, 0x95, 0x01, 0x23, 0x22, 0x4a, 0x01, 0x97,
	0x03, 0x95, 0xff, 0xf7, 0x23, 0xfa, 0x01, 0x20,
	0xa0, 0x72, 0x05, 0xb0, 0xf0, 0xbd, 0x62, 0x79,
	0x1e, 0x48, 0x04, 0x2a, 0xef, 0xd0, 0x1e, 0x4f,
	0xed, 0xe7, 0xff, 0xf7, 0xad, 0xfa, 0x00, 0x28,
	0xf3, 0xd1, 0xe0, 0x78, 0x81, 0x07, 0x06, 0xd5,
	0xc0, 0x07, 0x04, 0xd0, 0x20, 0x7b, 0x02, 0x28,
	0x01, 0xd1, 0xff, 0xf7, 0xff, 0xf8, 0x01, 0x20,
	0x30, 0x75, 0x16, 0x48, 0x81, 0x6f, 0x49, 0x1c,
	0x81, 0x67, 0x00, 0xf0, 0x3f, 0xf8, 0x0b, 0x4a,
	0x81, 0xb2, 0x01, 0x92, 0x12, 0x48, 0x00, 0x95,
	0x02, 0x95, 0x01, 0x23, 0x03, 0x95, 0x0c, 0x4a,
	0xff, 0xf7, 0xf8, 0xf9, 0xa5, 0x72, 0xff, 0xf7,
	0xe3, 0xf8, 0x00, 0x28, 0xd1, 0xd1, 0x20, 0x7b,
	0x08, 0x28, 0xce, 0xd3, 0xff, 0xf7, 0xe2, 0xf8,
	0xcb, 0xe7, 0x00, 0x00, 0x19, 0x11, 0x00, 0x00,
	0x50, 0x03, 0x00, 0x20, 0x1c, 0x7b, 0x00, 0x00,
	0x64, 0x12, 0x00, 0x20, 0xb9, 0x12, 0x00, 0x00,
	0x15, 0x11, 0x00, 0x00, 0x11, 0x12, 0x00, 0x00,
	0x91, 0x11, 0x00, 0x00, 0x00, 0x00, 0x00, 0x20,
	0x95, 0x0d, 0x00, 0x00, 0x70, 0x47, 0x00, 0x00,
	0x10, 0xb5, 0x01, 0x79, 0x02, 0x29, 0x08, 0xd1,
	0x42, 0x79, 0x81, 0x1d, 0x04, 0x48, 0xfe, 0xf7,
	0xed, 0xff, 0x01, 0x20, 0x80, 0x06, 0x00, 0xf0,
	0xef, 0xfb, 0xff, 0xf7, 0x63, 0xff, 0x10, 0xbd,
	0xe1, 0x00, 0x00, 0x20, 0x70, 0xb5, 0x13, 0x4d,
	0x1c, 0x20, 0x29, 0x46, 0x40, 0x31, 0xac, 0x8d,
	0x08, 0x56, 0x05, 0xf0, 0x86, 0xf8, 0x03, 0x28,
	0x00, 0xd9, 0xec, 0x8d, 0xff, 0xf7, 0x78, 0xfa,
	0x00, 0x28, 0x00, 0xd0, 0xec, 0x8d, 0x02, 0xf0,
	0xdf, 0xfb, 0x00, 0x28, 0x00, 0xd1, 0x24, 0x24,
	0x08, 0x49, 0x60, 0x31, 0x88, 0x78, 0x82, 0x07,
	0x02, 0xd5, 0x02, 0x07, 0x03, 0xd5, 0x03, 0xe0,
	0xc8, 0x78, 0x80, 0x07, 0x00, 0xd4, 0x24, 0x24,
	0x88, 0x7a, 0x01, 0x28, 0x00, 0xd1, 0x09, 0x24,
	0x20, 0x46, 0x70, 0xbd, 0x10, 0x03, 0x00, 0x20,
	0x70, 0xb5, 0x19, 0x49, 0x02, 0x79, 0x4c, 0x79,
	0x02, 0x2a, 0x2a, 0xd1, 0x0a, 0x46, 0x60, 0x3a,
	0x13, 0x46, 0x19, 0x26, 0x60, 0x32, 0x04, 0x25,
	0x76, 0x01, 0x40, 0x33, 0x92, 0x78, 0x01, 0x2c,
	0x02, 0xd0, 0x02, 0x2c, 0x0d, 0xd0, 0x1c, 0xe0,
	0x80, 0x79, 0xff, 0x28, 0x19, 0xd1, 0x50, 0x07,
	0x17, 0xd4, 0x2a, 0x43, 0x8a, 0x70, 0x02, 0x20,
	0x48, 0x71, 0xde, 0x82, 0xff, 0xf7, 0x6e, 0xf8,
	0x0f, 0xe0, 0x80, 0x79, 0xff, 0x28, 0x0c, 0xd1,
	0x10, 0x07, 0x0a, 0xd4, 0x08, 0x20, 0x02, 0x43,
	0x8a, 0x70, 0x88, 0x79, 0x13, 0x28, 0x01, 0xd2,
	0x4d, 0x71, 0x01, 0xe0, 0x00, 0x20, 0x48, 0x71,
	0xde, 0x82, 0xff, 0xf7, 0x03, 0xff, 0x70, 0xbd,
	0x70, 0x03, 0x00, 0x20, 0x03, 0x48, 0x80, 0x78,
	0x80, 0x07, 0x01, 0xd5, 0x02, 0x20, 0x70, 0x47,
	0x01, 0x20, 0x70, 0x47, 0x70, 0x03, 0x00, 0x20,
	0x70, 0xb5, 0x04, 0x46, 0x00, 0x25, 0x02, 0xf0,
	0x83, 0xfb, 0x00, 0x28, 0x00, 0xd0, 0x01, 0x25,
	0x28, 0x46, 0x00, 0xf0, 0x0b, 0xf8, 0x31, 0x21,
	0x21, 0x70, 0x03, 0x49, 0x49, 0x79, 0x61, 0x70,
	0x01, 0x0a, 0xa1, 0x70, 0xe0, 0x70, 0x70, 0xbd,
	0x70, 0x03, 0x00, 0x20, 0x70, 0xb5, 0x05, 0x46,
	0xff, 0xf7, 0xbc, 0xfc, 0x04, 0x46, 0x03, 0xf0,
	0xf3, 0xf8, 0x16, 0x49, 0x8a, 0x7c, 0x03, 0x46,
	0x21, 0x46, 0x28, 0x46, 0x01, 0xf0, 0x54, 0xfd,
	0x13, 0x49, 0x88, 0x42, 0x01, 0xd2, 0xaf, 0x30,
	0x06, 0xe0, 0x12, 0x49, 0x88, 0x42, 0x01, 0xd2,
	0xfa, 0x30, 0x01, 0xe0, 0xff, 0x30, 0x78, 0x30,
	0x04, 0x46, 0x0c, 0x48, 0x60, 0x30, 0xc0, 0x8d,
	0x7d, 0x21, 0xc9, 0x00, 0x48, 0x43, 0x41, 0x08,
	0xe0, 0x03, 0xfe, 0xf7, 0x15, 0xff, 0x0a, 0x49,
	0x88, 0x42, 0x00, 0xd9, 0x08, 0x46, 0x09, 0x4a,
	0x12, 0x78, 0xd2, 0x07, 0x00, 0xd0, 0x08, 0x46,
	0x02, 0x49, 0x20, 0x39, 0x88, 0x86, 0x40, 0x39,
	0xcc, 0x67, 0x70, 0xbd, 0x60, 0x00, 0x00, 0x20,
	0x88, 0x13, 0x00, 0x00, 0x10, 0x27, 0x00, 0x00,
	0xff, 0xff, 0x00, 0x00, 0x30, 0x03, 0x00, 0x20,
	0x70, 0xb5, 0x04, 0x46, 0x00, 0x25, 0x02, 0xf0,
	0x2f, 0xfb, 0x00, 0x28, 0x00, 0xd0, 0x01, 0x25,
	0x28, 0x46, 0x00, 0xf0, 0x05, 0xf8, 0x04, 0x21,
	0x21, 0x70, 0x60, 0x70, 0x70, 0xbd, 0x00, 0x00,
	0x70, 0xb5, 0x05, 0x46, 0xff, 0xf7, 0x6e, 0xfc,
	0x04, 0x46, 0x03, 0xf0, 0xa5, 0xf8, 0x12, 0x49,
	0x8a, 0x7c, 0x03, 0x46, 0x21, 0x46, 0x28, 0x46,
	0x01, 0xf0, 0x06, 0xfd, 0x0f, 0x4a, 0x51, 0x00,
	0x90, 0x42, 0x01, 0xd2, 0xaf, 0x30, 0x05, 0xe0,
	0x88, 0x42, 0x01, 0xd2, 0xfa, 0x30, 0x01, 0xe0,
	0xff, 0x30, 0x78, 0x30, 0x04, 0x46, 0x00, 0x02,
	0xfe, 0xf7, 0xce, 0xfe, 0xff, 0x28, 0x00, 0xd9,
	0xff, 0x20, 0x07, 0x49, 0x09, 0x78, 0xc9, 0x07,
	0x00, 0xd0, 0xff, 0x20, 0x02, 0x49, 0x20, 0x39,
	0x88, 0x86, 0x40, 0x39, 0xcc, 0x67, 0x70, 0xbd,
	0x60, 0x00, 0x00, 0x20, 0x88, 0x13, 0x00, 0x00,
	0x30, 0x03, 0x00, 0x20, 0x1f, 0xb5, 0xff, 0x23,
	0x25, 0x33, 0x03, 0x22, 0x05, 0x49, 0x00, 0x20,
	0x6c, 0x46, 0x0f, 0xc4, 0x02, 0x46, 0x01, 0x23,
	0x09, 0x21, 0x03, 0x48, 0xff, 0xf7, 0xb6, 0xf8,
	0x1f, 0xbd, 0x00, 0x00, 0x71, 0x13, 0x00, 0x00,
	0x65, 0x13, 0x00, 0x00, 0x07, 0x21, 0x01, 0x70,
	0x31, 0x21, 0x41, 0x70, 0x70, 0x47, 0x00, 0x00,
	0x10, 0xb5, 0x01, 0x79, 0x02, 0x29, 0x02, 0xd1,
	0x81, 0x79, 0x31, 0x29, 0x02, 0xd0, 0xff, 0xf7,
	0x2d, 0xfd, 0x10, 0xbd, 0xc1, 0x1d, 0x03, 0x22,
	0x02, 0x48, 0xfe, 0xf7, 0xbb, 0xfe, 0xff, 0xf7,
	0xa1, 0xfd, 0x10, 0xbd, 0x7d, 0x03, 0x00, 0x20,
	0x22, 0x21, 0x01, 0x70, 0x00, 0x21, 0x41, 0x70,
	0x16, 0x21, 0x81, 0x70, 0x70, 0x47, 0x00, 0x00,
	0x1f, 0xb5, 0x01, 0x79, 0x02, 0x29, 0x02, 0xd1,
	0x80, 0x79, 0xff, 0x28, 0x02, 0xd0, 0xff, 0xf7,
	0x11, 0xfd, 0x1f, 0xbd, 0x09, 0x48, 0x80, 0x79,
	0x13, 0x28, 0x02, 0xd2, 0xff, 0xf7, 0xba, 0xff,
	0x1f, 0xbd, 0x33, 0x23, 0x03, 0x22, 0x06, 0x49,
	0x00, 0x20, 0x6c, 0x46, 0x0f, 0xc4, 0x02, 0x46,
	0x01, 0x23, 0x09, 0x21, 0x03, 0x48, 0xff, 0xf7,
	0x71, 0xf8, 0x1f, 0xbd, 0x70, 0x03, 0x00, 0x20,
	0xff, 0x13, 0x00, 0x00, 0xf1, 0x13, 0x00, 0x00,
	0x22, 0x21, 0x01, 0x70, 0x01, 0x21, 0x41, 0x70,
	0x67, 0x21, 0x81, 0x70, 0x70, 0x47, 0x10, 0xb5,
	0x01, 0x79, 0x02, 0x29, 0x02, 0xd1, 0x80, 0x79,
	0xff, 0x28, 0x02, 0xd0, 0xff, 0xf7, 0xe6, 0xfc,
	0x10, 0xbd, 0xff, 0xf7, 0x93, 0xff, 0x10, 0xbd,
	0x10, 0xb5, 0x01, 0x79, 0x02, 0x29, 0x02, 0xd1,
	0x80, 0x79, 0xff, 0x28, 0x02, 0xd0, 0xff, 0xf7,
	0xd9, 0xfc, 0x10, 0xbd, 0x04, 0x48, 0xc1, 0x7a,
	0x49, 0x1c, 0xc1, 0x72, 0xc1, 0x7d, 0x20, 0x30,
	0x41, 0x72, 0xff, 0xf7, 0x4b, 0xfd, 0x10, 0xbd,
	0x70, 0x03, 0x00, 0x20, 0x07, 0x21, 0x01, 0x70,
	0x30, 0x21, 0x41, 0x70, 0x70, 0x47, 0x00, 0x00,
	0x1f, 0xb5, 0x01, 0x79, 0x02, 0x29, 0x02, 0xd1,
	0x81, 0x79, 0x30, 0x29, 0x02, 0xd0, 0xff, 0xf7,
	0xbd, 0xfc, 0x1f, 0xbd, 0x09, 0x49, 0xc2, 0x79,
	0x8a, 0x71, 0x00, 0x89, 0x20, 0x39, 0x40, 0xba,
	0x08, 0x85, 0x33, 0x23, 0x03, 0x22, 0x06, 0x49,
	0x00, 0x20, 0x6c, 0x46, 0x0f, 0xc4, 0x02, 0x46,
	0x01, 0x23, 0x09, 0x21, 0x03, 0x48, 0xff, 0xf7,
	0x1d, 0xf8, 0x1f, 0xbd, 0x70, 0x03, 0x00, 0x20,
	0xa9, 0x13, 0x00, 0x00, 0x99, 0x13, 0x00, 0x00,
	0x10, 0xb5, 0x01, 0x79, 0x02, 0x29, 0x02, 0xd1,
	0x80, 0x79, 0xff, 0x28, 0x02, 0xd0, 0xff, 0xf7,
	0x99, 0xfc, 0x10, 0xbd, 0x04, 0x48, 0xc1, 0x7a,
	0x49, 0x1c, 0xc1, 0x72, 0x81, 0x7d, 0x20, 0x30,
	0x01, 0x72, 0xff, 0xf7, 0x0b, 0xfd, 0x10, 0xbd,
	0x70, 0x03, 0x00, 0x20, 0x10, 0xb5, 0x01, 0x79,
	0x02, 0x29, 0x02, 0xd1, 0x80, 0x79, 0xff, 0x28,
	0x02, 0xd0, 0xff, 0xf7, 0x83, 0xfc, 0x10, 0xbd,
	0x04, 0x48, 0xc1, 0x7a, 0x49, 0x1c, 0xc1, 0x72,
	0x01, 0x7d, 0x20, 0x30, 0x81, 0x71, 0xff, 0xf7,
	0xf5, 0xfc, 0x10, 0xbd, 0x70, 0x03, 0x00, 0x20,
	0x10, 0xb5, 0x04, 0x46, 0x0e, 0x48, 0x08, 0x22,
	0x82, 0x5e, 0x0e, 0x48, 0x01, 0x8f, 0x10, 0x02,
	0xfe, 0xf7, 0xd6, 0xfd, 0xfe, 0x28, 0x01, 0xd8,
	0xc0, 0xb2, 0x00, 0xe0, 0xfe, 0x20, 0x01, 0x21,
	0x21, 0x70, 0x09, 0x49, 0x60, 0x70, 0x88, 0x74,
	0x02, 0xf0, 0x8a, 0xff, 0x01, 0x1e, 0x02, 0xd0,
	0x06, 0x48, 0xfe, 0xf7, 0xc5, 0xfd, 0x04, 0x49,
	0x20, 0x39, 0x08, 0x82, 0x10, 0xbd, 0x00, 0x00,
	0xd8, 0x03, 0x00, 0x20, 0x1c, 0x7b, 0x00, 0x00,
	0x60, 0x00, 0x00, 0x20, 0x80, 0x96, 0x98, 0x00,
	0x1f, 0xb5, 0x00, 0x20, 0x00, 0x90, 0x01, 0x90,
	0x02, 0x90, 0x03, 0x46, 0x03, 0x90, 0x04, 0x4a,
	0x09, 0x21, 0x04, 0x48, 0xfe, 0xf7, 0xb6, 0xff,
	0x10, 0x20, 0x00, 0xf0, 0xd9, 0xf9, 0x1f, 0xbd,
	0x9d, 0x0e, 0x00, 0x00, 0x71, 0x0e, 0x00, 0x00,
	0x20, 0x21, 0x01, 0x70, 0x00, 0x21, 0x41, 0x70,
	0x01, 0x49, 0xc9, 0x7a, 0x81, 0x70, 0x70, 0x47,
	0x70, 0x03, 0x00, 0x20, 0x20, 0x21, 0x01, 0x70,
	0x01, 0x21, 0x41, 0x70, 0x01, 0x49, 0xc9, 0x7d,
	0x81, 0x70, 0x70, 0x47, 0x70, 0x03, 0x00, 0x20,
	0x20, 0x21, 0x01, 0x70, 0x04, 0x21, 0x41, 0x70,
	0x01, 0x49, 0x89, 0x7d, 0x81, 0x70, 0x70, 0x47,
	0x70, 0x03, 0x00, 0x20, 0x20, 0x21, 0x01, 0x70,
	0x02, 0x21, 0x41, 0x70, 0x31, 0x21, 0x81, 0x70,
	0x70, 0x47, 0x00, 0x00, 0x10, 0xb5, 0x00, 0x22,
	0x12, 0x21, 0x02, 0x48, 0x05, 0xf0, 0xe2, 0xff,
	0x10, 0xbd, 0x00, 0x00, 0xc9, 0x15, 0x00, 0x00,
	0x1f, 0xb5, 0x00, 0x20, 0x00, 0x90, 0x01, 0x90,
	0x02, 0x90, 0x03, 0x46, 0x01, 0x46, 0x03, 0x90,
	0x02, 0x4a, 0x03, 0x48, 0xfe, 0xf7, 0x72, 0xff,
	0x1f, 0xbd, 0x00, 0x00, 0x41, 0x15, 0x00, 0x00,
	0xf1, 0x14, 0x00, 0x00, 0x10, 0xb5, 0x0a, 0x4c,
	0x20, 0x7d, 0xaa, 0x28, 0x0e, 0xd1, 0x61, 0x8a,
	0x08, 0x4a, 0x00, 0x20, 0x04, 0xf0, 0x32, 0xfe,
	0x21, 0x8a, 0x80, 0xb2, 0x81, 0x42, 0x01, 0xd1,
	0x02, 0x20, 0x00, 0xe0, 0x03, 0x20, 0x60, 0x75,
	0x00, 0x20, 0x20, 0x75, 0x10, 0xbd, 0x00, 0x00,
	0x00, 0x00, 0x00, 0x20, 0xff, 0xff, 0x00, 0x00,
	0x10, 0xb5, 0x03, 0xf0, 0x25, 0xf8, 0x09, 0x49,
	0x53, 0x28, 0x07, 0xd0, 0x54, 0x28, 0x09, 0xd0,
	0x52, 0x28, 0x02, 0xd1, 0x48, 0x7e, 0x00, 0xf0,
	0x79, 0xf9, 0x10, 0xbd, 0x48, 0x7e, 0xfe, 0xf7,
	0xfb, 0xfd, 0x10, 0xbd, 0x48, 0x7e, 0x00, 0xf0,
	0x49, 0xfa, 0x10, 0xbd, 0x10, 0x03, 0x00, 0x20,
	0x10, 0xb5, 0x06, 0x48, 0x41, 0x7e, 0x00, 0x29,
	0x04, 0xd0, 0x40, 0x7d, 0x02, 0xf0, 0xb8, 0xff,
	0x00, 0x28, 0x01, 0xd0, 0x00, 0x20, 0x10, 0xbd,
	0x01, 0x20, 0x10, 0xbd, 0x10, 0x03, 0x00, 0x20,
	0x1c, 0xb5, 0x0b, 0x4a, 0x00, 0x23, 0x50, 0x75,
	0x13, 0x76, 0xd3, 0x75, 0x91, 0x75, 0x01, 0x21,
	0x51, 0x76, 0x08, 0x4a, 0x91, 0x68, 0xd2, 0x68,
	0x00, 0x91, 0x01, 0x92, 0x69, 0x46, 0x02, 0xf0,
	0xab, 0xff, 0x01, 0x22, 0x11, 0x46, 0x04, 0x48,
	0x05, 0xf0, 0x74, 0xff, 0x1c, 0xbd, 0x00, 0x00,
	0x10, 0x03, 0x00, 0x20, 0xb8, 0x79, 0x00, 0x00,
	0xad, 0x16, 0x00, 0x00, 0x10, 0xb5, 0x13, 0x4c,
	0x60, 0x7d, 0x02, 0xf0, 0x8d, 0xff, 0x00, 0x21,
	0x00, 0x28, 0x0d, 0xd0, 0xe0, 0x7d, 0x40, 0x1c,
	0xc0, 0xb2, 0xe0, 0x75, 0x21, 0x76, 0xa2, 0x7d,
	0x90, 0x42, 0x15, 0xd9, 0xe1, 0x75, 0x60, 0x7e,
	0x00, 0x28, 0x11, 0xd0, 0x61, 0x76, 0x0d, 0xe0,
	0xe1, 0x75, 0x20, 0x7e, 0x40, 0x1c, 0xc0, 0xb2,
	0x20, 0x76, 0xa2, 0x7d, 0x90, 0x42, 0x07, 0xd9,
	0x21, 0x76, 0x60, 0x7e, 0x00, 0x28, 0x03, 0xd1,
	0x01, 0x20, 0x60, 0x76, 0xff, 0xf7, 0x94, 0xff,
	0x10, 0xbd, 0x00, 0x00, 0x10, 0x03, 0x00, 0x20,
	0x10, 0xb5, 0x05, 0x48, 0x00, 0x21, 0x81, 0x60,
	0x41, 0x71, 0x00, 0x79, 0x02, 0xf0, 0xa4, 0xff,
	0x02, 0x48, 0x05, 0xf0, 0x7f, 0xff, 0x10, 0xbd,
	0x10, 0x03, 0x00, 0x20, 0x5d, 0x17, 0x00, 0x00,
	0x01, 0x49, 0xc8, 0x60, 0x70, 0x47, 0x00, 0x00,
	0x10, 0x03, 0x00, 0x20, 0x1c, 0xb5, 0x09, 0x4a,
	0x04, 0x46, 0x10, 0x71, 0x00, 0x20, 0xd1, 0x60,
	0x90, 0x60, 0x50, 0x71, 0x20, 0x46, 0x02, 0xf0,
	0x8b, 0xff, 0x05, 0x49, 0x03, 0xc9, 0x01, 0x91,
	0x00, 0x90, 0x69, 0x46, 0x20, 0x46, 0x02, 0xf0,
	0x4b, 0xff, 0x1c, 0xbd, 0x10, 0x03, 0x00, 0x20,
	0xb8, 0x79, 0x00, 0x00, 0x10, 0xb5, 0x12, 0x4c,
	0xe0, 0x68, 0x00, 0x28, 0x13, 0xd0, 0x20, 0x79,
	0x02, 0xf0, 0x6a, 0xff, 0x00, 0x28, 0x0f, 0xd0,
	0x60, 0x79, 0x00, 0x28, 0x0b, 0xd0, 0xa0, 0x68,
	0x40, 0x1c, 0xa0, 0x60, 0xe1, 0x68, 0x49, 0x1d,
	0x88, 0x42, 0x04, 0xd3, 0x00, 0x20, 0xa0, 0x60,
	0x20, 0x79, 0x02, 0xf0, 0x17, 0xff, 0x10, 0xbd,
	0xa0, 0x68, 0x40, 0x1c, 0xa0, 0x60, 0xe1, 0x68,
	0x88, 0x42, 0xf8, 0xd3, 0x01, 0x20, 0x60, 0x71,
	0x20, 0x79, 0x02, 0xf0, 0x59, 0xff, 0x10, 0xbd,
	0x10, 0x03, 0x00, 0x20, 0x10, 0xb5, 0x06, 0x48,
	0x41, 0x79, 0x00, 0x29, 0x07, 0xd1, 0x00, 0x79,
	0x02, 0xf0, 0x00, 0xff, 0x01, 0x22, 0x11, 0x46,
	0x02, 0x48, 0x05, 0xf0, 0xdf, 0xfe, 0x10, 0xbd,
	0x10, 0x03, 0x00, 0x20, 0x5d, 0x17, 0x00, 0x00,
	0x10, 0xb5, 0x02, 0x48, 0x00, 0x78, 0x02, 0xf0,
	0x3f, 0xff, 0x10, 0xbd, 0x10, 0x03, 0x00, 0x20,
	0x1c, 0xb5, 0x04, 0x46, 0x07, 0x48, 0x08, 0x4a,
	0x04, 0x70, 0x91, 0x69, 0xd2, 0x69, 0x20, 0x46,
	0x01, 0x92, 0x00, 0x91, 0x02, 0xf0, 0x30, 0xff,
	0x69, 0x46, 0x20, 0x46, 0x02, 0xf0, 0xf4, 0xfe,
	0x1c, 0xbd, 0x00, 0x00, 0x10, 0x03, 0x00, 0x20,
	0xb8, 0x79, 0x00, 0x00, 0x10, 0xb5, 0x02, 0x48,
	0x00, 0x78, 0x02, 0xf0, 0xd3, 0xfe, 0x10, 0xbd,
	0x10, 0x03, 0x00, 0x20, 0x1c, 0xb5, 0x07, 0x49,
	0x04, 0x46, 0x08, 0x6a, 0x49, 0x6a, 0x00, 0x90,
	0x01, 0x91, 0x20, 0x46, 0x02, 0xf0, 0x14, 0xff,
	0x69, 0x46, 0x20, 0x46, 0x02, 0xf0, 0xd8, 0xfe,
	0x1c, 0xbd, 0x00, 0x00, 0xb8, 0x79, 0x00, 0x00,
	0x01, 0x48, 0x00, 0x7d, 0x70, 0x47, 0x00, 0x00,
	0x10, 0x03, 0x00, 0x20, 0x7c, 0xb5, 0x0d, 0x4a,
	0x0d, 0x46, 0x10, 0x74, 0x00, 0x21, 0xd1, 0x74,
	0x91, 0x74, 0x55, 0x74, 0x11, 0x75, 0x0a, 0x4a,
	0x11, 0x69, 0x52, 0x69, 0x00, 0x91, 0x01, 0x92,
	0x69, 0x46, 0x02, 0xf0, 0xbd, 0xfe, 0x00, 0x24,
	0x6d, 0x00, 0x03, 0xe0, 0x00, 0xf0, 0x0a, 0xf8,
	0x64, 0x1c, 0xe4, 0xb2, 0xa5, 0x42, 0xf9, 0xd8,
	0x7c, 0xbd, 0x00, 0x00, 0x10, 0x03, 0x00, 0x20,
	0xb8, 0x79, 0x00, 0x00, 0x10, 0xb5, 0x0f, 0x4c,
	0x20, 0x7c, 0x02, 0xf0, 0x9d, 0xfe, 0x00, 0x21,
	0x00, 0x28, 0x0b, 0xd0, 0xa0, 0x7c, 0x40, 0x1c,
	0xc0, 0xb2, 0xa0, 0x74, 0xe1, 0x74, 0x62, 0x7c,
	0x90, 0x42, 0x02, 0xd9, 0xa1, 0x74, 0x01, 0x20,
	0x20, 0x75, 0x10, 0xbd, 0xa1, 0x74, 0xe0, 0x7c,
	0x40, 0x1c, 0xc0, 0xb2, 0xe0, 0x74, 0x62, 0x7c,
	0x90, 0x42, 0xf6, 0xd9, 0xe1, 0x74, 0x21, 0x75,
	0x10, 0xbd, 0x00, 0x00, 0x10, 0x03, 0x00, 0x20,
	0x10, 0xb5, 0x05, 0x49, 0x0a, 0x6a, 0x82, 0x43,
	0x0a, 0x62, 0xc8, 0x69, 0x09, 0x6a, 0x08, 0x42,
	0x01, 0xd1, 0xff, 0xf7, 0x0d, 0xff, 0x10, 0xbd,
	0x00, 0x00, 0x00, 0x20, 0x10, 0xb5, 0x07, 0x4c,
	0x60, 0x7b, 0xc0, 0x07, 0x08, 0xd0, 0x20, 0x46,
	0x20, 0x38, 0x40, 0x6a, 0xff, 0xf7, 0xe8, 0xff,
	0x60, 0x7b, 0x40, 0x08, 0x40, 0x00, 0x60, 0x73,
	0x10, 0xbd, 0x00, 0x00, 0x20, 0x00, 0x00, 0x20,
	0x10, 0xb5, 0x05, 0x49, 0x0a, 0x6a, 0x02, 0x43,
	0x0a, 0x62, 0xc9, 0x69, 0x01, 0x42, 0x01, 0xd0,
	0xff, 0xf7, 0x44, 0xff, 0x10, 0xbd, 0x00, 0x00,
	0x00, 0x00, 0x00, 0x20, 0x70, 0x47, 0x00, 0x00,
	0xf8, 0xb5, 0x52, 0x20, 0x02, 0xf0, 0xa2, 0xfe,
	0x02, 0xf0, 0x3a, 0xfe, 0x57, 0x4f, 0x78, 0x80,
	0x57, 0x4c, 0x3b, 0x1d, 0x20, 0x1d, 0x07, 0xc8,
	0x07, 0xc3, 0x02, 0xf0, 0x9d, 0xfe, 0x38, 0x63,
	0x00, 0x25, 0x7d, 0x62, 0x3d, 0x62, 0x0f, 0x20,
	0xf8, 0x61, 0x60, 0x7c, 0x0a, 0x21, 0xff, 0xf7,
	0x75, 0xff, 0x7d, 0x21, 0xe0, 0x7c, 0xc9, 0x00,
	0xff, 0xf7, 0xe0, 0xfe, 0xa0, 0x7c, 0x0f, 0x21,
	0xff, 0xf7, 0x7e, 0xfe, 0x02, 0xf0, 0x26, 0xff,
	0xe1, 0x8d, 0xa0, 0x8d, 0x02, 0xf0, 0x68, 0xfd,
	0x20, 0x46, 0x00, 0x21, 0x18, 0x30, 0x02, 0xf0,
	0x2d, 0xfc, 0x02, 0xf0, 0x4f, 0xff, 0x45, 0x48,
	0x38, 0x80, 0x01, 0x20, 0xb8, 0x61, 0xff, 0xf7,
	0xbb, 0xff, 0x3c, 0x46, 0x26, 0x46, 0x20, 0x36,
	0x40, 0x34, 0xff, 0xf7, 0xa3, 0xff, 0xff, 0xf7,
	0x71, 0xff, 0x02, 0xf0, 0x3f, 0xff, 0x20, 0x8b,
	0x02, 0xf0, 0x66, 0xfc, 0x02, 0xf0, 0x96, 0xfc,
	0xc0, 0x07, 0x12, 0xd0, 0xff, 0xf7, 0x40, 0xff,
	0x00, 0x28, 0x0e, 0xd0, 0x38, 0x48, 0x00, 0x7f,
	0x01, 0x28, 0x0a, 0xd0, 0xff, 0xf7, 0x98, 0xfe,
	0x36, 0x48, 0x05, 0xf0, 0xbc, 0xfd, 0x08, 0x20,
	0xff, 0xf7, 0x9a, 0xff, 0x32, 0x48, 0x01, 0x21,
	0x01, 0x77, 0x02, 0xf0, 0x7f, 0xfc, 0xc0, 0x07,
	0x1d, 0xd0, 0xe1, 0x8a, 0x30, 0x48, 0x81, 0x42,
	0x19, 0xd8, 0xff, 0xf7, 0x25, 0xff, 0x00, 0x28,
	0x4c, 0xd1, 0x53, 0x20, 0x02, 0xf0, 0x3e, 0xfe,
	0x02, 0xf0, 0x48, 0xff, 0x25, 0x83, 0xe5, 0x82,
	0x04, 0xf0, 0x34, 0xff, 0xb8, 0x69, 0xc0, 0x08,
	0xc0, 0x00, 0x80, 0x1c, 0xb8, 0x61, 0x02, 0x20,
	0xff, 0xf7, 0x7a, 0xff, 0x20, 0x48, 0x40, 0x7d,
	0xff, 0xf7, 0xfc, 0xfe, 0xf8, 0xbd, 0x30, 0x7b,
	0x80, 0x07, 0x0b, 0xd5, 0xff, 0xf7, 0x08, 0xff,
	0x00, 0x28, 0x07, 0xd0, 0xe1, 0x8a, 0x1e, 0x48,
	0x81, 0x42, 0x03, 0xd9, 0x02, 0xf0, 0x52, 0xfc,
	0xc0, 0x07, 0x18, 0xd0, 0x30, 0x7b, 0xc0, 0x07,
	0x24, 0xd0, 0x02, 0xf0, 0x23, 0xff, 0x25, 0x83,
	0xe5, 0x82, 0x53, 0x20, 0x02, 0xf0, 0x12, 0xfe,
	0x04, 0xf0, 0x0c, 0xff, 0x30, 0x7b, 0x40, 0x08,
	0x40, 0x00, 0x30, 0x73, 0xb8, 0x69, 0xc0, 0x08,
	0xc0, 0x00, 0x80, 0x1c, 0xb8, 0x61, 0x02, 0x20,
	0xff, 0xf7, 0x4e, 0xff, 0xf8, 0xbd, 0x02, 0xf0,
	0x0d, 0xff, 0x25, 0x83, 0xe5, 0x82, 0x54, 0x20,
	0x02, 0xf0, 0xfc, 0xfd, 0x05, 0xf0, 0x3a, 0xfe,
	0x00, 0x22, 0x10, 0x21, 0x09, 0x48, 0x05, 0xf0,
	0x79, 0xfd, 0xf8, 0xbd, 0xff, 0xf7, 0xaa, 0xfd,
	0x83, 0xe7, 0x00, 0x00, 0x00, 0x00, 0x00, 0x20,
	0x1c, 0x7b, 0x00, 0x00, 0x06, 0x57, 0x00, 0x00,
	0x10, 0x03, 0x00, 0x20, 0x80, 0xbb, 0x00, 0x00,
	0xb8, 0x0b, 0x00, 0x00, 0xb9, 0x1a, 0x00, 0x00,
	0x10, 0xb5, 0x07, 0x48, 0x01, 0x7b, 0xfd, 0x22,
	0x11, 0x40, 0x01, 0x73, 0x20, 0x38, 0x81, 0x69,
	0xc9, 0x08, 0xc9, 0x00, 0xc9, 0x1c, 0x81, 0x61,
	0x04, 0x20, 0xff, 0xf7, 0x1d, 0xff, 0x10, 0xbd,
	0x20, 0x00, 0x00, 0x20, 0x10, 0xb5, 0x00, 0x28,
	0x06, 0xd1, 0x01, 0x20, 0xc0, 0x07, 0xff, 0xf7,
	0x13, 0xff, 0x32, 0x20, 0xff, 0xf7, 0x18, 0xfe,
	0x10, 0xbd, 0x00, 0x00, 0x70, 0xb5, 0x05, 0x46,
	0x00, 0xf0, 0x66, 0xfe, 0x0c, 0x4c, 0x60, 0x83,
	0x00, 0xf0, 0x50, 0xfe, 0xa0, 0x83, 0x00, 0xf0,
	0x59, 0xfe, 0xe0, 0x83, 0x68, 0x89, 0xa0, 0x82,
	0x68, 0x8b, 0xe0, 0x82, 0x68, 0x8a, 0x20, 0x83,
	0x68, 0x88, 0x60, 0x82, 0x00, 0xf0, 0x02, 0xfc,
	0x0a, 0x28, 0x02, 0xd0, 0x68, 0x8c, 0x20, 0x82,
	0x70, 0xbd, 0xe8, 0x8c, 0xfb, 0xe7, 0x00, 0x00,
	0x40, 0x00, 0x00, 0x20, 0x10, 0xb5, 0x03, 0x00,
	0x05, 0xf0, 0x00, 0xff, 0x09, 0x20, 0x24, 0x06,
	0x10, 0x0b, 0x15, 0x20, 0x1a, 0x21, 0x20, 0x00,
	0x08, 0x78, 0x01, 0x28, 0x16, 0xd1, 0x00, 0x06,
	0x12, 0xe0, 0x08, 0x78, 0x01, 0x28, 0x11, 0xd1,
	0x80, 0x06, 0x0d, 0xe0, 0x08, 0x78, 0x01, 0x28,
	0x0c, 0xd1, 0x40, 0x06, 0x08, 0xe0, 0x08, 0x78,
	0x01, 0x28, 0x07, 0xd1, 0xc0, 0x06, 0x03, 0xe0,
	0x08, 0x78, 0x01, 0x28, 0x02, 0xd1, 0x00, 0x07,
	0xff, 0xf7, 0xca, 0xfe, 0x10, 0xbd, 0x01, 0x20,
	0x40, 0x07, 0xf9, 0xe7, 0x01, 0x20, 0x80, 0x07,
	0xf6, 0xe7, 0x00, 0x00, 0x10, 0xb5, 0x07, 0x4c,
	0x07, 0x49, 0x20, 0x79, 0x80, 0x00, 0x08, 0x58,
	0x80, 0x47, 0x20, 0x79, 0x40, 0x1c, 0xc0, 0xb2,
	0x20, 0x71, 0x03, 0x28, 0x00, 0xd3, 0x00, 0x20,
	0x20, 0x71, 0x10, 0xbd, 0xd0, 0x03, 0x00, 0x20,
	0xe0, 0x79, 0x00, 0x00, 0xf8, 0xb5, 0xff, 0xf7,
	0x99, 0xfe, 0x36, 0x4c, 0x60, 0x7b, 0xfd, 0x25,
	0x80, 0x07, 0x00, 0x28, 0x17, 0xda, 0x03, 0xf0,
	0xb9, 0xff, 0x00, 0x28, 0x02, 0xd0, 0x03, 0xf0,
	0x4d, 0xfe, 0x0d, 0xe0, 0x30, 0x49, 0x08, 0x46,
	0x48, 0x38, 0x00, 0xf0, 0xfb, 0xfd, 0x2e, 0x48,
	0x94, 0x38, 0x00, 0xf0, 0xf1, 0xfb, 0x00, 0xf0,
	0xe3, 0xfb, 0x10, 0x20, 0xff, 0xf7, 0x90, 0xfe,
	0x60, 0x7b, 0x28, 0x40, 0x60, 0x73, 0x60, 0x7b,
	0x40, 0x07, 0x08, 0xd5, 0x00, 0xf0, 0xde, 0xfb,
	0x20, 0x20, 0xff, 0xf7, 0x85, 0xfe, 0x60, 0x7b,
	0xfb, 0x21, 0x08, 0x40, 0x60, 0x73, 0xa0, 0x7b,
	0xc0, 0x07, 0x11, 0xd0, 0x1f, 0x48, 0xc0, 0x30,
	0x80, 0x7f, 0x05, 0xf0, 0x79, 0xfc, 0x40, 0x1c,
	0xc1, 0xb2, 0x1c, 0x48, 0x1d, 0x4a, 0xde, 0x30,
	0x03, 0xf0, 0x5e, 0xf9, 0x00, 0x28, 0x03, 0xd0,
	0xa0, 0x7b, 0x40, 0x08, 0x40, 0x00, 0xa0, 0x73,
	0xa0, 0x7b, 0x80, 0x07, 0x05, 0xd5, 0x18, 0x48,
	0x03, 0xf0, 0xc6, 0xf8, 0xa0, 0x7b, 0x28, 0x40,
	0xa0, 0x73, 0xa0, 0x7b, 0x15, 0x22, 0x41, 0x07,
	0x10, 0x48, 0x52, 0x01, 0x20, 0x38, 0x86, 0x18,
	0x05, 0x22, 0xd2, 0x01, 0x00, 0x27, 0x85, 0x18,
	0x00, 0x29, 0x09, 0xda, 0x37, 0x72, 0xea, 0x8d,
	0x29, 0x8e, 0x02, 0x20, 0x00, 0xf0, 0x38, 0xfd,
	0xa0, 0x7b, 0xfb, 0x21, 0x08, 0x40, 0xa0, 0x73,
	0xa0, 0x7b, 0x00, 0x07, 0x09, 0xd5, 0x37, 0x72,
	0x6a, 0x8d, 0xa9, 0x8d, 0x02, 0x20, 0x00, 0xf0,
	0x2b, 0xfd, 0xa0, 0x7b, 0xf7, 0x21, 0x08, 0x40,
	0xa0, 0x73, 0xf8, 0xbd, 0x20, 0x00, 0x00, 0x20,
	0xa8, 0x02, 0x00, 0x20, 0x19, 0x5c, 0x00, 0x00,
	0x94, 0x01, 0x00, 0x20, 0x08, 0x48, 0x09, 0x4a,
	0x01, 0x7e, 0x13, 0x7a, 0x4b, 0x40, 0xdb, 0x07,
	0x08, 0xd0, 0x12, 0x7a, 0xd2, 0x07, 0x02, 0xd0,
	0x01, 0x22, 0x11, 0x43, 0x01, 0xe0, 0x49, 0x08,
	0x49, 0x00, 0x01, 0x76, 0x70, 0x47, 0x00, 0x00,
	0x50, 0x03, 0x00, 0x20, 0x20, 0x00, 0x00, 0x20,
	0x05, 0x4a, 0x91, 0x6c, 0x01, 0x42, 0x03, 0xd0,
	0x81, 0x43, 0x01, 0x20, 0x91, 0x64, 0x70, 0x47,
	0x01, 0x43, 0x00, 0x20, 0x91, 0x64, 0x70, 0x47,
	0x90, 0x03, 0x00, 0x20, 0x70, 0xb5, 0x08, 0x20,
	0x3d, 0x4d, 0x3e, 0x4c, 0x0a, 0x21, 0x28, 0x5e,
	0x61, 0x5e, 0x88, 0x42, 0x0a, 0xd0, 0x01, 0x20,
	0xff, 0xf7, 0xe6, 0xff, 0x00, 0x28, 0x05, 0xd0,
	0x60, 0x89, 0x28, 0x81, 0x0a, 0x20, 0x20, 0x5e,
	0x03, 0xf0, 0x48, 0xff, 0x0a, 0x20, 0x0c, 0x21,
	0x28, 0x5e, 0x61, 0x5e, 0x88, 0x42, 0x0a, 0xd0,
	0x04, 0x20, 0xff, 0xf7, 0xd5, 0xff, 0x00, 0x28,
	0x05, 0xd0, 0xa0, 0x89, 0x68, 0x81, 0x0c, 0x20,
	0x20, 0x5e, 0x03, 0xf0, 0xcf, 0xfd, 0x0c, 0x20,
	0x0e, 0x21, 0x28, 0x5e, 0x61, 0x5e, 0x88, 0x42,
	0x0a, 0xd0, 0x10, 0x20, 0xff, 0xf7, 0xc4, 0xff,
	0x00, 0x28, 0x05, 0xd0, 0xe0, 0x89, 0xa8, 0x81,
	0x0e, 0x20, 0x20, 0x5e, 0x03, 0xf0, 0x3e, 0xff,
	0x0e, 0x20, 0x10, 0x21, 0x28, 0x5e, 0x61, 0x5e,
	0x88, 0x42, 0x0a, 0xd0, 0x20, 0x20, 0xff, 0xf7,
	0xb3, 0xff, 0x00, 0x28, 0x05, 0xd0, 0x20, 0x8a,
	0xe8, 0x81, 0x10, 0x20, 0x20, 0x5e, 0x03, 0xf0,
	0xe9, 0xfd, 0x10, 0x20, 0x12, 0x21, 0x28, 0x5e,
	0x61, 0x5e, 0x88, 0x42, 0x0a, 0xd0, 0x80, 0x20,
	0xff, 0xf7, 0xa2, 0xff, 0x00, 0x28, 0x05, 0xd0,
	0x60, 0x8a, 0x28, 0x82, 0x12, 0x20, 0x20, 0x5e,
	0x03, 0xf0, 0x84, 0xfd, 0x12, 0x20, 0x14, 0x21,
	0x28, 0x5e, 0x61, 0x5e, 0x88, 0x42, 0x0b, 0xd0,
	0xff, 0x20, 0x01, 0x30, 0xff, 0xf7, 0x90, 0xff,
	0x00, 0x28, 0x05, 0xd0, 0xa0, 0x8a, 0x68, 0x82,
	0x14, 0x20, 0x20, 0x5e, 0x03, 0xf0, 0xca, 0xfe,
	0x14, 0x20, 0x16, 0x21, 0x28, 0x5e, 0x61, 0x5e,
	0x88, 0x42, 0x0b, 0xd0, 0x01, 0x20, 0x40, 0x02,
	0xff, 0xf7, 0x7e, 0xff, 0x00, 0x28, 0x05, 0xd0,
	0xe0, 0x8a, 0xa8, 0x82, 0x16, 0x20, 0x20, 0x5e,
	0x03, 0xf0, 0xc8, 0xfe, 0x70, 0xbd, 0x00, 0x00,
	0x50, 0x03, 0x00, 0x20, 0x40, 0x01, 0x00, 0x20,
	0x10, 0xb5, 0x04, 0x46, 0x00, 0x78, 0x05, 0xf0,
	0x9a, 0xfb, 0x82, 0x1c, 0x21, 0x46, 0x03, 0x48,
	0xfe, 0xf7, 0x80, 0xf9, 0x40, 0x20, 0xff, 0xf7,
	0x83, 0xfd, 0x10, 0xbd, 0xa8, 0x00, 0x00, 0x20,
	0x10, 0xb5, 0x18, 0x48, 0xc1, 0x69, 0x18, 0x4a,
	0x11, 0x43, 0xc1, 0x61, 0x17, 0x49, 0x01, 0x20,
	0x08, 0x76, 0x14, 0x49, 0x20, 0x31, 0x08, 0x72,
	0x10, 0x22, 0x15, 0x49, 0x15, 0x48, 0xfe, 0xf7,
	0x69, 0xf9, 0x13, 0x49, 0x13, 0x48, 0x40, 0x22,
	0x10, 0x31, 0x4a, 0x30, 0xfe, 0xf7, 0x62, 0xf9,
	0x0f, 0x49, 0x10, 0x48, 0x0a, 0x22, 0x50, 0x31,
	0xca, 0x30, 0xfe, 0xf7, 0x5b, 0xf9, 0x0c, 0x49,
	0x08, 0x22, 0x5a, 0x31, 0x0c, 0x48, 0xfe, 0xf7,
	0x55, 0xf9, 0x09, 0x49, 0x0a, 0x48, 0x0a, 0x22,
	0x62, 0x31, 0x48, 0x30, 0xfe, 0xf7, 0x4e, 0xf9,
	0x05, 0x48, 0x04, 0x49, 0x1d, 0xc8, 0x08, 0x31,
	0x1d, 0xc1, 0x10, 0xbd, 0x00, 0x00, 0x00, 0x20,
	0x70, 0xff, 0x1e, 0xff, 0x50, 0x03, 0x00, 0x20,
	0x48, 0x7d, 0x00, 0x00, 0x4a, 0x01, 0x00, 0x20,
	0x60, 0x02, 0x00, 0x20, 0x10, 0xb5, 0x04, 0x46,
	0x00, 0x78, 0x05, 0xf0, 0x4c, 0xfb, 0x80, 0x1c,
	0xc2, 0xb2, 0x21, 0x46, 0x04, 0x48, 0xfe, 0xf7,
	0x31, 0xf9, 0x00, 0x22, 0x11, 0x46, 0x03, 0x48,
	0x05, 0xf0, 0x6c, 0xfb, 0x10, 0xbd, 0x00, 0x00,
	0xb4, 0x03, 0x00, 0x20, 0xb9, 0x1e, 0x00, 0x00,
	0x70, 0xb5, 0x30, 0x4c, 0x20, 0x46, 0xa4, 0x38,
	0x02, 0x46, 0x25, 0x78, 0xa4, 0x30, 0x80, 0x32,
	0x40, 0x78, 0x02, 0x2d, 0x0a, 0xd0, 0x16, 0x78,
	0x06, 0x21, 0xf6, 0x1e, 0x33, 0x00, 0x05, 0xf0,
	0x31, 0xfd, 0x08, 0x0f, 0x1c, 0x37, 0x46, 0x4d,
	0x4d, 0x4d, 0x4a, 0x4d, 0x10, 0x74, 0x00, 0x21,
	0x08, 0x20, 0x00, 0xf0, 0xd3, 0xfa, 0x21, 0x46,
	0x10, 0x20, 0x00, 0xf0, 0xfb, 0xf8, 0x70, 0xbd,
	0x01, 0x2d, 0x06, 0xd0, 0x02, 0x21, 0x01, 0x20,
	0x00, 0xf0, 0xc8, 0xfa, 0x21, 0x46, 0x05, 0x20,
	0x2a, 0xe0, 0x04, 0x20, 0x10, 0x70, 0x21, 0x46,
	0x26, 0xe0, 0x71, 0x2d, 0x06, 0xd0, 0x02, 0x21,
	0x08, 0x46, 0x00, 0xf0, 0xbb, 0xfa, 0x21, 0x46,
	0x07, 0x20, 0x1d, 0xe0, 0x05, 0x09, 0x00, 0x07,
	0x55, 0x70, 0x00, 0x0f, 0x90, 0x70, 0x20, 0x79,
	0x23, 0x46, 0x00, 0x06, 0x02, 0xd5, 0x05, 0x20,
	0x10, 0x70, 0x00, 0xe0, 0x11, 0x70, 0x00, 0x20,
	0x10, 0x73, 0x19, 0x46, 0x06, 0x20, 0x0b, 0xe0,
	0x81, 0x2d, 0x06, 0xd0, 0x02, 0x21, 0x03, 0x20,
	0x00, 0xf0, 0xa0, 0xfa, 0x21, 0x46, 0x09, 0x20,
	0x02, 0xe0, 0x11, 0x70, 0x21, 0x46, 0x08, 0x20,
	0x00, 0xf0, 0xc4, 0xf8, 0x06, 0xe0, 0x20, 0x46,
	0x00, 0xf0, 0x66, 0xf8, 0x02, 0xe0, 0x20, 0x46,
	0x00, 0xf0, 0x8e, 0xf9, 0x20, 0x46, 0x00, 0xf0,
	0xd3, 0xfa, 0x70, 0xbd, 0xb4, 0x03, 0x00, 0x20,
	0x10, 0xb5, 0x01, 0x46, 0x11, 0x20, 0x00, 0xf0,
	0xb1, 0xf8, 0x10, 0xbd, 0x70, 0xb5, 0x05, 0x46,
	0xc0, 0x78, 0x26, 0x4c, 0x40, 0x07, 0x21, 0x7b,
	0x40, 0x0f, 0x40, 0x1c, 0x81, 0x42, 0x06, 0xd0,
	0x02, 0x21, 0x05, 0x20, 0x00, 0xf0, 0x76, 0xfa,
	0x29, 0x46, 0x0c, 0x20, 0x3a, 0xe0, 0x0a, 0x26,
	0xa6, 0x72, 0x66, 0x72, 0x04, 0x20, 0xe0, 0x71,
	0x68, 0x78, 0x80, 0x06, 0x80, 0x0e, 0xe0, 0x70,
	0x22, 0x7a, 0xbf, 0x20, 0x02, 0x40, 0x68, 0x79,
	0x40, 0x06, 0xc0, 0x0f, 0x80, 0x01, 0x02, 0x43,
	0x22, 0x72, 0xcf, 0x20, 0x02, 0x40, 0x68, 0x79,
	0x80, 0x06, 0x80, 0x0f, 0x00, 0x01, 0x02, 0x43,
	0x22, 0x72, 0x28, 0x79, 0xc0, 0x08, 0x20, 0x71,
	0x28, 0x79, 0x40, 0x07, 0x40, 0x0f, 0x60, 0x71,
	0x68, 0x79, 0x41, 0x06, 0xca, 0x0f, 0x80, 0x06,
	0x80, 0x0f, 0x0d, 0x49, 0x40, 0x00, 0x09, 0x5a,
	0xff, 0x20, 0x01, 0x30, 0x02, 0xf0, 0x60, 0xff,
	0x28, 0x79, 0x41, 0x07, 0x49, 0x0f, 0xc0, 0x08,
	0x02, 0xf0, 0x04, 0xff, 0x07, 0x48, 0x26, 0x70,
	0x01, 0x68, 0xe1, 0x61, 0x00, 0x68, 0x20, 0x62,
	0x29, 0x46, 0x0d, 0x20, 0x00, 0xf0, 0x62, 0xf8,
	0x70, 0xbd, 0x00, 0x00, 0x90, 0x03, 0x00, 0x20,
	0xec, 0x79, 0x00, 0x00, 0x64, 0x12, 0x00, 0x20,
	0x10, 0xb5, 0x23, 0x4a, 0x04, 0x46, 0x01, 0x78,
	0x10, 0x7b, 0x40, 0x1c, 0x10, 0x73, 0x08, 0x46,
	0x04, 0xf0, 0x4d, 0xf8, 0x00, 0x28, 0x1f, 0xd0,
	0x06, 0x29, 0x05, 0xd0, 0x51, 0x29, 0x02, 0xd1,
	0x20, 0x46, 0xff, 0xf7, 0x97, 0xff, 0x10, 0xbd,
	0x90, 0x78, 0x03, 0x28, 0x07, 0xd0, 0xcd, 0x21,
	0x60, 0x78, 0x05, 0x28, 0x05, 0xd3, 0x88, 0x42,
	0x03, 0xd8, 0x90, 0x71, 0x09, 0xe0, 0x64, 0x21,
	0xf6, 0xe7, 0x02, 0x21, 0x04, 0x20, 0x00, 0xf0,
	0x09, 0xfa, 0x21, 0x46, 0x0b, 0x20, 0x00, 0xf0,
	0x31, 0xf8, 0x21, 0x46, 0x0a, 0x20, 0x14, 0xe0,
	0x08, 0x46, 0x04, 0xf0, 0x3e, 0xf8, 0x00, 0x28,
	0x09, 0xd1, 0x08, 0x46, 0x04, 0xf0, 0x2b, 0xf8,
	0x00, 0x28, 0x04, 0xd1, 0x08, 0x46, 0x04, 0xf0,
	0x3e, 0xf8, 0x00, 0x28, 0x08, 0xd0, 0x02, 0x21,
	0x06, 0x20, 0x00, 0xf0, 0xef, 0xf9, 0x21, 0x46,
	0x0e, 0x20, 0x00, 0xf0, 0x17, 0xf8, 0x10, 0xbd,
	0x21, 0x46, 0x0f, 0x20, 0xf9, 0xe7, 0x00, 0x00,
	0x90, 0x03, 0x00, 0x20, 0x10, 0xb5, 0x04, 0x46,
	0x05, 0x48, 0x81, 0x79, 0x01, 0x20, 0x20, 0x56,
	0x00, 0xf0, 0x10, 0xfb, 0x21, 0x46, 0x14, 0x20,
	0x00, 0xf0, 0x04, 0xf8, 0x10, 0xbd, 0x00, 0x00,
	0x90, 0x03, 0x00, 0x20, 0xf8, 0xb5, 0x4d, 0x4d,
	0x07, 0x46, 0x17, 0x20, 0x0c, 0x46, 0x40, 0x01,
	0x29, 0x18, 0x03, 0x20, 0x2e, 0x46, 0x2a, 0x46,
	0x00, 0x02, 0x60, 0x36, 0x40, 0x32, 0x28, 0x18,
	0x3b, 0x00, 0x05, 0xf0, 0x17, 0xfc, 0x17, 0x3c,
	0x0d, 0x10, 0x13, 0x16, 0x3c, 0x1d, 0x3c, 0x31,
	0x3c, 0x3a, 0x3c, 0x3c, 0x3d, 0x3c, 0x7b, 0x62,
	0x7b, 0x67, 0x67, 0x6e, 0x7b, 0x7f, 0x3c, 0x00,
	0x01, 0x20, 0xc0, 0x04, 0x76, 0xe0, 0x01, 0x20,
	0x00, 0x05, 0x73, 0xe0, 0x01, 0x20, 0x40, 0x04,
	0x70, 0xe0, 0x00, 0x20, 0x68, 0x67, 0x60, 0x78,
	0x30, 0x74, 0xff, 0x20, 0x01, 0x30, 0x69, 0xe0,
	0x60, 0x78, 0x48, 0x75, 0x36, 0x48, 0x61, 0x88,
	0xc1, 0x86, 0xe0, 0x88, 0x61, 0x79, 0x40, 0xba,
	0x09, 0x04, 0x08, 0x43, 0x21, 0x79, 0x49, 0x06,
	0x49, 0x08, 0x08, 0x43, 0x30, 0x49, 0x40, 0x39,
	0x88, 0x67, 0x01, 0x20, 0x40, 0x02, 0x55, 0xe0,
	0x2d, 0x48, 0x08, 0x22, 0x21, 0x46, 0x3c, 0x30,
	0xfd, 0xf7, 0xc4, 0xff, 0x01, 0x20, 0x80, 0x02,
	0x4c, 0xe0, 0x61, 0x78, 0xc1, 0x71, 0xf8, 0xbd,
	0x0a, 0x21, 0xc1, 0x72, 0x81, 0x72, 0x04, 0x21,
	0x01, 0x72, 0x61, 0x78, 0x89, 0x06, 0x89, 0x0e,
	0x01, 0x71, 0x41, 0x7a, 0xbf, 0x22, 0x11, 0x40,
	0x62, 0x79, 0x52, 0x06, 0xd2, 0x0f, 0x92, 0x01,
	0x11, 0x43, 0x41, 0x72, 0x41, 0x7a, 0xcf, 0x22,
	0x11, 0x40, 0x62, 0x79, 0x92, 0x06, 0x92, 0x0f,
	0x12, 0x01, 0x11, 0x43, 0x41, 0x72, 0x21, 0x79,
	0xc9, 0x08, 0x41, 0x71, 0x21, 0x79, 0x49, 0x07,
	0x49, 0x0f, 0x81, 0x71, 0x01, 0x20, 0xc0, 0x02,
	0x24, 0xe0, 0x60, 0x78, 0x08, 0x75, 0x01, 0x20,
	0x80, 0x04, 0x1f, 0xe0, 0x60, 0x88, 0x50, 0x86,
	0x60, 0x68, 0xa8, 0x67, 0xa0, 0x68, 0xe8, 0x67,
	0xf8, 0xbd, 0x68, 0x6f, 0x00, 0x28, 0x03, 0xd1,
	0x01, 0x20, 0x80, 0x03, 0xff, 0xf7, 0x8c, 0xfb,
	0x68, 0x6f, 0x40, 0x1c, 0x68, 0x67, 0x60, 0x78,
	0x70, 0x74, 0xf8, 0xbd, 0x20, 0x46, 0xff, 0xf7,
	0xf3, 0xfd, 0xf8, 0xbd, 0x05, 0x48, 0x21, 0x68,
	0x80, 0x30, 0x01, 0x60, 0x61, 0x68, 0x41, 0x60,
	0x01, 0x20, 0xc0, 0x03, 0xff, 0xf7, 0x78, 0xfb,
	0xf8, 0xbd, 0x00, 0x00, 0x00, 0x00, 0x00, 0x20,
	0xc0, 0x02, 0x00, 0x20, 0x10, 0xb5, 0x04, 0x46,
	0x44, 0x21, 0x07, 0x48, 0xfd, 0xf7, 0x7f, 0xff,
	0x05, 0x48, 0x0a, 0x22, 0x21, 0x46, 0x3a, 0x30,
	0xfd, 0xf7, 0x60, 0xff, 0x03, 0x49, 0x08, 0x46,
	0x08, 0x38, 0x00, 0xf0, 0xb1, 0xfa, 0x10, 0xbd,
	0x90, 0x03, 0x00, 0x20, 0xaa, 0x7d, 0x00, 0x00,
	0x70, 0xb5, 0x0d, 0x46, 0x04, 0x46, 0x02, 0xf0,
	0x35, 0xfd, 0x02, 0x46, 0x08, 0x48, 0x01, 0x68,
	0x08, 0x48, 0x80, 0x69, 0x03, 0x19, 0x8b, 0x42,
	0x01, 0xd2, 0x90, 0x42, 0x03, 0xd8, 0x62, 0x19,
	0x80, 0x18, 0x88, 0x42, 0x01, 0xd2, 0x01, 0x20,
	0x70, 0xbd, 0x00, 0x20, 0x70, 0xbd, 0x00, 0x00,
	0x64, 0x12, 0x00, 0x20, 0x90, 0x03, 0x00, 0x20,
	0xf1, 0xb5, 0x00, 0x98, 0x05, 0x27, 0x06, 0x78,
	0x30, 0x46, 0x03, 0xf0, 0x44, 0xff, 0x00, 0x28,
	0x12, 0xd0, 0x00, 0x25, 0x2c, 0x46, 0x15, 0x48,
	0xe1, 0x00, 0x42, 0x5c, 0xb2, 0x42, 0x04, 0xd1,
	0x01, 0x25, 0x08, 0x18, 0x41, 0x68, 0x00, 0x98,
	0x88, 0x47, 0x64, 0x1c, 0xe4, 0xb2, 0xbc, 0x42,
	0xf1, 0xd3, 0x00, 0x2d, 0x0f, 0xd0, 0xf8, 0xbd,
	0x30, 0x46, 0x03, 0xf0, 0x22, 0xff, 0x00, 0x28,
	0x09, 0xd1, 0x30, 0x46, 0x03, 0xf0, 0x07, 0xff,
	0x00, 0x28, 0x04, 0xd1, 0x30, 0x46, 0x03, 0xf0,
	0x0a, 0xff, 0x00, 0x28, 0x04, 0xd0, 0x02, 0x21,
	0x07, 0x20, 0x00, 0xf0, 0xd3, 0xf8, 0xf8, 0xbd,
	0x02, 0x48, 0x41, 0x6a, 0x00, 0x98, 0x88, 0x47,
	0xf8, 0xbd, 0x00, 0x00, 0xf4, 0x79, 0x00, 0x00,
	0x10, 0xb5, 0x00, 0xf0, 0x85, 0xfa, 0x02, 0x48,
	0x01, 0x68, 0x02, 0x48, 0x41, 0x61, 0x10, 0xbd,
	0x64, 0x12, 0x00, 0x20, 0x90, 0x03, 0x00, 0x20,
	0x10, 0xb5, 0x01, 0x46, 0x15, 0x20, 0xff, 0xf7,
	0xe5, 0xfe, 0x10, 0xbd, 0x01, 0x48, 0x00, 0x78,
	0x70, 0x47, 0x00, 0x00, 0x90, 0x03, 0x00, 0x20,
	0x38, 0xb5, 0x1d, 0x4c, 0x20, 0x78, 0x00, 0x28,
	0x12, 0xd0, 0x00, 0xf0, 0xc3, 0xf8, 0x00, 0x28,
	0x0e, 0xd0, 0x20, 0x78, 0x69, 0x46, 0x08, 0x70,
	0x03, 0x00, 0x05, 0xf0, 0xf7, 0xfa, 0x0c, 0x2b,
	0x07, 0x0a, 0x1b, 0x22, 0x22, 0x22, 0x22, 0x2b,
	0x22, 0x22, 0x09, 0x2b, 0x02, 0x20, 0x20, 0x70,
	0x38, 0xbd, 0x12, 0x49, 0x60, 0x69, 0x09, 0x68,
	0x08, 0x1a, 0x61, 0x8f, 0x81, 0x42, 0xf7, 0xd8,
	0x03, 0x20, 0x20, 0x70, 0x00, 0x20, 0x00, 0xf0,
	0xd3, 0xf8, 0x00, 0xf0, 0x2f, 0xf8, 0x00, 0x21,
	0x01, 0x20, 0x0c, 0xe0, 0x02, 0x21, 0x12, 0x20,
	0x00, 0xf0, 0x84, 0xf8, 0x00, 0x21, 0x02, 0x20,
	0x05, 0xe0, 0x02, 0x21, 0x09, 0x20, 0x00, 0xf0,
	0x7d, 0xf8, 0x69, 0x46, 0x03, 0x20, 0xff, 0xf7,
	0xa5, 0xfe, 0x38, 0xbd, 0x01, 0x20, 0xda, 0xe7,
	0x90, 0x03, 0x00, 0x20, 0x64, 0x12, 0x00, 0x20,
	0x01, 0x49, 0x01, 0x20, 0x08, 0x70, 0x70, 0x47,
	0x90, 0x03, 0x00, 0x20, 0x10, 0xb5, 0x00, 0x21,
	0x0a, 0x20, 0x00, 0xf0, 0x67, 0xf8, 0x10, 0xbd,
	0x10, 0xb5, 0x01, 0x46, 0x0a, 0x22, 0x02, 0x48,
	0xfd, 0xf7, 0x98, 0xfe, 0x10, 0xbd, 0x00, 0x00,
	0xca, 0x03, 0x00, 0x20, 0x10, 0xb5, 0x07, 0x4c,
	0x05, 0x20, 0xa0, 0x71, 0x03, 0xf0, 0x02, 0xfb,
	0x20, 0x46, 0x40, 0x30, 0x01, 0x88, 0xe2, 0x8f,
	0x80, 0x78, 0x00, 0xf0, 0xff, 0xf9, 0x02, 0xf0,
	0x8b, 0xfb, 0x10, 0xbd, 0x90, 0x03, 0x00, 0x20,
	0xf0, 0xb5, 0xc1, 0x78, 0x47, 0x78, 0x80, 0x78,
	0x0c, 0x02, 0x0c, 0x4e, 0x04, 0x43, 0xf0, 0x78,
	0x7d, 0x21, 0x61, 0x43, 0x48, 0x43, 0x45, 0x0b,
	0x85, 0xb0, 0x28, 0x46, 0x02, 0xf0, 0xa6, 0xfc,
	0x18, 0x22, 0x69, 0x46, 0x0a, 0x70, 0x4f, 0x70,
	0x4c, 0x80, 0x01, 0x95, 0x02, 0x90, 0xf0, 0x78,
	0x88, 0x81, 0x12, 0x20, 0xff, 0xf7, 0x5a, 0xfe,
	0x05, 0xb0, 0xf0, 0xbd, 0x90, 0x03, 0x00, 0x20,
	0x7f, 0xb5, 0x0c, 0x4e, 0x44, 0x78, 0xf0, 0x78,
	0x7d, 0x21, 0x61, 0x43, 0x48, 0x43, 0x45, 0x09,
	0x28, 0x46, 0x02, 0xf0, 0x8b, 0xfc, 0x08, 0x22,
	0x69, 0x46, 0x0a, 0x70, 0x00, 0x22, 0x4a, 0x70,
	0x4c, 0x80, 0x01, 0x95, 0x02, 0x90, 0xf0, 0x78,
	0x88, 0x81, 0x13, 0x20, 0xff, 0xf7, 0x3e, 0xfe,
	0x7f, 0xbd, 0x00, 0x00, 0x90, 0x03, 0x00, 0x20,
	0x10, 0xb5, 0xff, 0xf7, 0x41, 0xff, 0x00, 0x20,
	0x00, 0xf0, 0x4e, 0xf8, 0x02, 0x48, 0xc1, 0x7b,
	0x01, 0x70, 0x03, 0xf0, 0x9d, 0xfa, 0x10, 0xbd,
	0x90, 0x03, 0x00, 0x20, 0x1c, 0xb5, 0x09, 0x4a,
	0x50, 0x73, 0x13, 0x78, 0x93, 0x73, 0xd1, 0x73,
	0x0b, 0x21, 0x11, 0x70, 0x00, 0x90, 0x69, 0x46,
	0x01, 0x93, 0x16, 0x20, 0xff, 0xf7, 0x1e, 0xfe,
	0x00, 0x22, 0x11, 0x46, 0x02, 0x48, 0x05, 0xf0,
	0x65, 0xf8, 0x1c, 0xbd, 0x90, 0x03, 0x00, 0x20,
	0x79, 0x24, 0x00, 0x00, 0x08, 0xb5, 0x12, 0x48,
	0x00, 0x68, 0x00, 0x90, 0x11, 0x48, 0x01, 0x78,
	0x0a, 0x29, 0x03, 0xd0, 0x03, 0x29, 0x0d, 0xd2,
	0x01, 0x20, 0x08, 0xbd, 0x0e, 0x4a, 0xc1, 0x69,
	0x89, 0x18, 0x00, 0x9a, 0x91, 0x42, 0xf7, 0xd3,
	0x00, 0x6a, 0x0c, 0x49, 0x40, 0x18, 0x90, 0x42,
	0xf2, 0xd3, 0x0b, 0xe0, 0x0a, 0x29, 0x09, 0xd2,
	0x03, 0x29, 0x04, 0xd0, 0xac, 0x21, 0x18, 0x20,
	0xff, 0xf7, 0xaa, 0xfe, 0x08, 0xbd, 0x80, 0x8f,
	0x16, 0x21, 0xf9, 0xe7, 0x00, 0x20, 0x08, 0xbd,
	0x64, 0x12, 0x00, 0x20, 0x90, 0x03, 0x00, 0x20,
	0xdc, 0x05, 0x00, 0x00, 0xd8, 0x59, 0x00, 0x00,
	0x10, 0xb5, 0x11, 0x4c, 0x11, 0x49, 0x22, 0x78,
	0x0a, 0x2a, 0x02, 0xd0, 0x08, 0x68, 0xa0, 0x61,
	0x10, 0xbd, 0x00, 0x78, 0x03, 0x28, 0x0e, 0xd0,
	0x04, 0x28, 0x0f, 0xd0, 0x31, 0x28, 0x0d, 0xd0,
	0x51, 0x28, 0x0d, 0xd0, 0x02, 0xf0, 0xb6, 0xfb,
	0xe1, 0x69, 0x09, 0x18, 0xe1, 0x61, 0x21, 0x6a,
	0x08, 0x18, 0x20, 0x62, 0x10, 0xbd, 0x08, 0x68,
	0xe0, 0x61, 0x10, 0xbd, 0x08, 0x68, 0xf8, 0xe7,
	0x08, 0x68, 0xe0, 0x61, 0xfa, 0xe7, 0x00, 0x00,
	0x90, 0x03, 0x00, 0x20, 0x64, 0x12, 0x00, 0x20,
	0x70, 0xb5, 0x13, 0x48, 0x85, 0x89, 0x01, 0xf0,
	0xdd, 0xfa, 0x11, 0x4c, 0x06, 0x46, 0x08, 0x3c,
	0x60, 0x88, 0x40, 0x1c, 0x60, 0x80, 0x01, 0xf0,
	0xcb, 0xf9, 0x00, 0x28, 0x13, 0xd1, 0xa0, 0x79,
	0x00, 0x28, 0x11, 0xd0, 0x0b, 0x48, 0x85, 0x42,
	0x0d, 0xd8, 0x01, 0x2e, 0x0b, 0xd1, 0xff, 0xf7,
	0x57, 0xf8, 0x00, 0x28, 0x08, 0xd0, 0xa0, 0x88,
	0xa8, 0x42, 0x06, 0xd9, 0x06, 0x48, 0x61, 0x88,
	0x40, 0x8c, 0x81, 0x42, 0x01, 0xd8, 0x00, 0x20,
	0x70, 0xbd, 0x01, 0x20, 0x70, 0xbd, 0x00, 0x00,
	0xd8, 0x03, 0x00, 0x20, 0x10, 0x27, 0x00, 0x00,
	0xdc, 0x7b, 0x00, 0x00, 0x02, 0x07, 0x12, 0x0f,
	0x01, 0x09, 0x0f, 0x2a, 0x02, 0xd1, 0x49, 0x1e,
	0x07, 0x29, 0x05, 0xd9, 0x1e, 0x28, 0x03, 0xd0,
	0x2e, 0x28, 0x01, 0xd0, 0x00, 0x20, 0x70, 0x47,
	0x01, 0x20, 0x70, 0x47, 0x02, 0x48, 0x40, 0x6c,
	0x00, 0x28, 0x00, 0xd0, 0x00, 0x47, 0x70, 0x47,
	0x00, 0x0a, 0x00, 0x20, 0x70, 0x47, 0x70, 0x47,
	0x70, 0xb5, 0x0d, 0x46, 0x04, 0x46, 0xc8, 0x21,
	0x28, 0x46, 0xfd, 0xf7, 0x51, 0xfd, 0x01, 0x46,
	0x32, 0x28, 0x00, 0xd2, 0x32, 0x21, 0x28, 0x1b,
	0xfd, 0xf7, 0x60, 0xfd, 0x7f, 0x23, 0xdb, 0x43,
	0x00, 0x22, 0x12, 0x49, 0x7f, 0x28, 0x01, 0xdd,
	0x7f, 0x20, 0x07, 0xe0, 0x98, 0x42, 0x01, 0xda,
	0x18, 0x46, 0x01, 0xe0, 0x01, 0x28, 0x05, 0xd0,
	0x43, 0x1c, 0x0c, 0xd0, 0x0a, 0x84, 0xca, 0x83,
	0x40, 0xb2, 0x70, 0xbd, 0x0a, 0x84, 0xcb, 0x8b,
	0x5b, 0x1c, 0x9b, 0xb2, 0xcb, 0x83, 0x06, 0x2b,
	0xf6, 0xd9, 0x02, 0x20, 0xf3, 0xe7, 0xca, 0x83,
	0x0b, 0x8c, 0x5b, 0x1c, 0x9b, 0xb2, 0x0b, 0x84,
	0x06, 0x2b, 0xed, 0xd9, 0x01, 0x20, 0xc0, 0x43,
	0x0a, 0x84, 0xe9, 0xe7, 0x50, 0x03, 0x00, 0x20,
	0x10, 0xb5, 0x18, 0x48, 0x00, 0x68, 0x18, 0x49,
	0x89, 0x6e, 0x81, 0x42, 0x14, 0xd9, 0x16, 0x49,
	0x60, 0x31, 0x88, 0x78, 0x01, 0x28, 0x0f, 0xd0,
	0x0c, 0x46, 0x20, 0x3c, 0x24, 0x22, 0xa2, 0x5e,
	0x00, 0x20, 0x00, 0x2a, 0x09, 0xdd, 0xc8, 0x78,
	0x01, 0x28, 0x03, 0xd0, 0x01, 0x2a, 0x0a, 0xdd,
	0x01, 0x20, 0x09, 0xe0, 0x00, 0x20, 0xa0, 0x84,
	0x10, 0xbd, 0x00, 0x2a, 0x04, 0xd0, 0x00, 0x20,
	0xc0, 0x43, 0x82, 0x42, 0x00, 0xdb, 0x10, 0x46,
	0x11, 0x1a, 0xa1, 0x84, 0x01, 0x21, 0x03, 0xf0,
	0xbb, 0xfe, 0xa0, 0x8c, 0x00, 0x28, 0xef, 0xd0,
	0x00, 0x22, 0x01, 0x21, 0x03, 0x48, 0x04, 0xf0,
	0x59, 0xff, 0x10, 0xbd, 0x64, 0x12, 0x00, 0x20,
	0x10, 0x03, 0x00, 0x20, 0x71, 0x26, 0x00, 0x00,
	0x10, 0xb5, 0x05, 0x4b, 0x00, 0x24, 0x1c, 0x75,
	0x20, 0x3b, 0x1b, 0x7f, 0x83, 0x42, 0x01, 0xd0,
	0x02, 0xf0, 0x1c, 0xfd, 0x10, 0xbd, 0x00, 0x00,
	0x70, 0x03, 0x00, 0x20, 0xf8, 0xb5, 0x04, 0x46,
	0x25, 0x48, 0x0d, 0x46, 0x07, 0x68, 0x02, 0xf0,
	0xdb, 0xfa, 0x2d, 0x18, 0x28, 0x46, 0x23, 0x49,
	0x14, 0x30, 0x88, 0x66, 0x03, 0xf0, 0x66, 0xf8,
	0x00, 0x28, 0x35, 0xd0, 0x00, 0x2c, 0x33, 0xd0,
	0x1e, 0x48, 0x20, 0x26, 0x20, 0x30, 0x86, 0x5f,
	0x0c, 0x20, 0xc0, 0x43, 0x0d, 0x2c, 0x02, 0xdd,
	0x0d, 0x20, 0x04, 0x46, 0x06, 0xe0, 0x84, 0x42,
	0x01, 0xda, 0x04, 0x46, 0x01, 0xe0, 0x20, 0x00,
	0x00, 0xd5, 0x60, 0x42, 0x60, 0x43, 0x1a, 0x21,
	0xfd, 0xf7, 0xc8, 0xfc, 0x00, 0xb2, 0x00, 0x28,
	0x0a, 0xdd, 0x4b, 0x21, 0x09, 0x01, 0x8e, 0x42,
	0x01, 0xdd, 0x80, 0x10, 0x04, 0xe0, 0x7d, 0x21,
	0xc9, 0x00, 0x8e, 0x42, 0x09, 0xdd, 0x40, 0x10,
	0x00, 0x28, 0x06, 0xd1, 0x00, 0x2c, 0x04, 0xd0,
	0x01, 0xdd, 0x01, 0x20, 0x01, 0xe0, 0x00, 0x20,
	0xc0, 0x43, 0x08, 0x49, 0x40, 0x31, 0x88, 0x84,
	0xbd, 0x42, 0x02, 0xd8, 0xff, 0xf7, 0x74, 0xff,
	0xf8, 0xbd, 0xe9, 0x1b, 0x00, 0x22, 0x04, 0x48,
	0x04, 0xf0, 0xf8, 0xfe, 0xf8, 0xbd, 0x00, 0x00,
	0x64, 0x12, 0x00, 0x20, 0x10, 0x03, 0x00, 0x20,
	0x71, 0x26, 0x00, 0x00, 0x01, 0x48, 0xc0, 0x8b,
	0x70, 0x47, 0x00, 0x00, 0x50, 0x03, 0x00, 0x20,
	0x10, 0xb5, 0x00, 0xf0, 0x0f, 0xf8, 0x02, 0xf0,
	0xfd, 0xfc, 0x10, 0xbd, 0x01, 0x48, 0x00, 0x7f,
	0x70, 0x47, 0x00, 0x00, 0x50, 0x03, 0x00, 0x20,
	0x01, 0x48, 0x00, 0x8c, 0x70, 0x47, 0x00, 0x00,
	0x50, 0x03, 0x00, 0x20, 0x10, 0xb5, 0x0c, 0x46,
	0x01, 0x46, 0x08, 0x22, 0x04, 0x48, 0xfd, 0xf7,
	0x91, 0xfc, 0x03, 0x48, 0x0a, 0x22, 0x21, 0x46,
	0x08, 0x30, 0xfd, 0xf7, 0x8b, 0xfc, 0x10, 0xbd,
	0x7c, 0x03, 0x00, 0x20, 0x10, 0xb5, 0x05, 0x4b,
	0x00, 0x24, 0x18, 0x77, 0x19, 0x84, 0xda, 0x83,
	0x20, 0x33, 0x9c, 0x70, 0x02, 0xf0, 0x94, 0xfd,
	0x10, 0xbd, 0x00, 0x00, 0x50, 0x03, 0x00, 0x20,
	0x10, 0xb5, 0x03, 0x48, 0x01, 0x21, 0x81, 0x70,
	0x02, 0xf0, 0xce, 0xfd, 0x10, 0xbd, 0x00, 0x00,
	0x70, 0x03, 0x00, 0x20, 0x10, 0xb5, 0x0d, 0x48,
	0x80, 0x8a, 0x81, 0x06, 0x0c, 0x48, 0x11, 0xd0,
	0x0c, 0x49, 0x01, 0x81, 0x0c, 0x49, 0x01, 0x80,
	0x0c, 0x48, 0x01, 0x88, 0x02, 0x15, 0x11, 0x43,
	0x01, 0x80, 0x0a, 0x48, 0x20, 0x38, 0x01, 0x89,
	0x82, 0x15, 0x11, 0x43, 0x01, 0x81, 0x01, 0xf0,
	0x4b, 0xff, 0x10, 0xbd, 0x03, 0x49, 0xf0, 0x31,
	0xeb, 0xe7, 0x00, 0x00, 0x40, 0x5a, 0x00, 0x40,
	0x20, 0x54, 0x00, 0x40, 0x61, 0x61, 0x00, 0x00,
	0x69, 0x6f, 0x00, 0x00, 0xe0, 0x5c, 0x00, 0x40,
	0x70, 0x47, 0x00, 0x00, 0x10, 0xb5, 0x04, 0x46,
	0x15, 0x49, 0x15, 0x48, 0x88, 0x39, 0xc0, 0x8e,
	0x0a, 0x89, 0x82, 0x42, 0x01, 0xd9, 0x48, 0x89,
	0x00, 0xe0, 0x00, 0x20, 0x00, 0xf0, 0x92, 0xfc,
	0x20, 0x78, 0x03, 0x28, 0x17, 0xd1, 0xff, 0xf7,
	0x6b, 0xfe, 0x00, 0x28, 0x03, 0xd0, 0x00, 0x22,
	0x11, 0x46, 0x0c, 0x48, 0x09, 0xe0, 0x0a, 0x48,
	0x48, 0x38, 0x81, 0x7c, 0x00, 0x29, 0x06, 0xd0,
	0x00, 0x21, 0x81, 0x74, 0x0a, 0x46, 0x19, 0x21,
	0x07, 0x48, 0x04, 0xf0, 0x63, 0xfe, 0x01, 0x20,
	0x20, 0x56, 0xfe, 0xf7, 0xaf, 0xf8, 0x20, 0x46,
	0xfd, 0xf7, 0x5e, 0xfd, 0x10, 0xbd, 0x00, 0x00,
	0xd8, 0x03, 0x00, 0x20, 0xc5, 0x02, 0x00, 0x00,
	0xd9, 0x41, 0x00, 0x00, 0x0c, 0x48, 0x81, 0x88,
	0x49, 0x08, 0x49, 0x00, 0x81, 0x80, 0x0b, 0x49,
	0x8a, 0x7f, 0x13, 0x01, 0x0a, 0x4a, 0x9a, 0x18,
	0x13, 0x8a, 0x5b, 0x08, 0x5b, 0x00, 0x13, 0x82,
	0x02, 0x88, 0x20, 0x23, 0x9a, 0x43, 0x02, 0x80,
	0x08, 0x46, 0x40, 0x38, 0x02, 0x6e, 0x52, 0x1c,
	0x02, 0x66, 0x00, 0x20, 0xc8, 0x77, 0x70, 0x47,
	0x00, 0x44, 0x00, 0x40, 0x40, 0x0d, 0x00, 0x20,
	0x00, 0x50, 0x00, 0x40, 0x70, 0xb5, 0x04, 0x46,
	0x0a, 0x4d, 0xfe, 0xf7, 0x63, 0xf8, 0xfe, 0xf7,
	0x73, 0xf9, 0xfe, 0xf7, 0x19, 0xf8, 0x28, 0x46,
	0x88, 0x38, 0xe9, 0x8e, 0x82, 0x88, 0x8a, 0x42,
	0x01, 0xd9, 0xc0, 0x88, 0x00, 0xe0, 0x00, 0x20,
	0x00, 0xf0, 0x38, 0xfc, 0x20, 0x46, 0xfd, 0xf7,
	0x4d, 0xfd, 0x70, 0xbd, 0xd8, 0x03, 0x00, 0x20,
	0xf8, 0xb5, 0x24, 0x4d, 0x0c, 0x46, 0xe9, 0x7f,
	0x00, 0x29, 0x02, 0xd0, 0x00, 0x20, 0xc0, 0x43,
	0xf8, 0xbd, 0x01, 0x21, 0xe9, 0x77, 0x00, 0x21,
	0x0d, 0x26, 0xb6, 0x01, 0x06, 0xe0, 0x1e, 0x4b,
	0x47, 0x5c, 0x5b, 0x18, 0x9b, 0x19, 0x49, 0x1c,
	0x1f, 0x72, 0xc9, 0xb2, 0xa1, 0x42, 0xf6, 0xd3,
	0x00, 0x2a, 0x07, 0xd0, 0x21, 0x46, 0x90, 0x47,
	0x17, 0x49, 0x09, 0x19, 0x89, 0x19, 0x64, 0x1c,
	0x08, 0x72, 0xe4, 0xb2, 0x13, 0x48, 0x08, 0x30,
	0x06, 0x46, 0x01, 0xf0, 0xdb, 0xf9, 0x00, 0xf0,
	0x3d, 0xfa, 0x00, 0xf0, 0xb9, 0xfb, 0x30, 0x46,
	0xff, 0xf7, 0xb8, 0xff, 0xa8, 0x7f, 0x64, 0x1e,
	0x02, 0x01, 0x21, 0x05, 0x0d, 0x48, 0x09, 0x0d,
	0x12, 0x18, 0x91, 0x82, 0x0c, 0x48, 0x02, 0x21,
	0x01, 0x81, 0x13, 0x8a, 0x01, 0x21, 0x0b, 0x43,
	0x13, 0x82, 0x02, 0x88, 0x04, 0x23, 0x1a, 0x43,
	0x02, 0x80, 0x02, 0x88, 0x20, 0x23, 0x1a, 0x43,
	0x02, 0x80, 0x82, 0x88, 0x0a, 0x43, 0x82, 0x80,
	0x00, 0x20, 0xf8, 0xbd, 0x40, 0x0d, 0x00, 0x20,
	0x00, 0x0a, 0x00, 0x20, 0x00, 0x50, 0x00, 0x40,
	0x00, 0x44, 0x00, 0x40, 0x01, 0x48, 0xc0, 0x7f,
	0x70, 0x47, 0x00, 0x00, 0x40, 0x0d, 0x00, 0x20,
	0x10, 0xb5, 0x0a, 0x48, 0x01, 0x89, 0x89, 0x07,
	0x0e, 0xd5, 0x02, 0x21, 0x01, 0x81, 0xff, 0xf7,
	0x65, 0xff, 0x07, 0x48, 0x04, 0x46, 0x01, 0xf0,
	0xa3, 0xf9, 0x00, 0xf0, 0x4b, 0xfb, 0x01, 0xf0,
	0xeb, 0xf9, 0x20, 0x46, 0xff, 0xf7, 0x26, 0xff,
	0x10, 0xbd, 0x00, 0x00, 0x00, 0x44, 0x00, 0x40,
	0x48, 0x0d, 0x00, 0x20, 0xfe, 0xb5, 0x01, 0x27,
	0x24, 0x4e, 0x05, 0x46, 0xb7, 0x77, 0x00, 0x20,
	0xf0, 0x77, 0x31, 0x46, 0x40, 0x39, 0x08, 0x66,
	0x22, 0x49, 0x21, 0x48, 0x48, 0x64, 0x22, 0x49,
	0xf8, 0x03, 0x08, 0x60, 0x21, 0x49, 0x08, 0x60,
	0x04, 0x20, 0x04, 0xf0, 0x21, 0xfd, 0x20, 0x4c,
	0xa0, 0x88, 0xb8, 0x43, 0xa0, 0x80, 0x20, 0x88,
	0x38, 0x43, 0x20, 0x80, 0x28, 0x78, 0x00, 0xf0,
	0x3f, 0xf8, 0xa0, 0x88, 0x1b, 0x49, 0x08, 0x40,
	0xa0, 0x80, 0xa0, 0x88, 0x69, 0x78, 0x49, 0x1e,
	0xc9, 0x06, 0xc9, 0x0c, 0x08, 0x43, 0xa0, 0x80,
	0x69, 0x88, 0x17, 0x48, 0xfd, 0xf7, 0x10, 0xfb,
	0x32, 0x21, 0xfd, 0xf7, 0x0d, 0xfb, 0x40, 0x1e,
	0x20, 0x83, 0x00, 0xf0, 0x37, 0xf8, 0xeb, 0x79,
	0xaa, 0x79, 0x69, 0x79, 0x28, 0x79, 0x00, 0xf0,
	0x37, 0xf8, 0x20, 0x88, 0x08, 0x21, 0x08, 0x43,
	0x20, 0x80, 0x0e, 0x4a, 0x6b, 0x46, 0x07, 0xca,
	0x07, 0xc3, 0x30, 0x46, 0x08, 0x30, 0x69, 0x46,
	0xc8, 0x80, 0xb0, 0x7f, 0x04, 0xf0, 0xbc, 0xfb,
	0xfe, 0xbd, 0x00, 0x00, 0x40, 0x0d, 0x00, 0x20,
	0x01, 0x2a, 0x00, 0x00, 0x00, 0x0a, 0x00, 0x20,
	0x80, 0xe2, 0x00, 0xe0, 0x00, 0xe1, 0x00, 0xe0,
	0x00, 0x44, 0x00, 0x40, 0xff, 0xe0, 0x00, 0x00,
	0x00, 0xb4, 0xc4, 0x04, 0x6c, 0x7a, 0x00, 0x00,
	0x04, 0x49, 0x8a, 0x88, 0x04, 0x4b, 0x1a, 0x40,
	0x8a, 0x80, 0x8a, 0x88, 0x40, 0x03, 0x02, 0x43,
	0x8a, 0x80, 0x70, 0x47, 0x00, 0x44, 0x00, 0x40,
	0xff, 0xdf, 0x00, 0x00, 0x00, 0xb5, 0x01, 0x21,
	0x08, 0x46, 0x00, 0xf0, 0x25, 0xf8, 0x00, 0xbd,
	0x30, 0xb5, 0x10, 0x4c, 0xa5, 0x8a, 0xed, 0x08,
	0xed, 0x00, 0xa5, 0x82, 0xa5, 0x8a, 0x05, 0x43,
	0xa5, 0x82, 0xa0, 0x8a, 0x38, 0x25, 0xa8, 0x43,
	0xa0, 0x82, 0xa0, 0x8a, 0xc9, 0x00, 0x08, 0x43,
	0xa0, 0x82, 0xa0, 0x8a, 0x69, 0x01, 0x88, 0x43,
	0xa0, 0x82, 0xa0, 0x8a, 0x11, 0x02, 0x08, 0x43,
	0xa0, 0x82, 0xa0, 0x8a, 0x29, 0x02, 0x88, 0x43,
	0xa0, 0x82, 0xa0, 0x8a, 0xd9, 0x02, 0x08, 0x43,
	0xa0, 0x82, 0x30, 0xbd, 0x00, 0x44, 0x00, 0x40,
	0x30, 0xb5, 0x30, 0x4a, 0x13, 0x8a, 0x9b, 0x08,
	0x9b, 0x00, 0x13, 0x82, 0x13, 0x8a, 0x03, 0x43,
	0x13, 0x82, 0x03, 0x23, 0x1b, 0x02, 0x9c, 0x00,
	0x1d, 0x01, 0x00, 0x29, 0x17, 0xd0, 0x02, 0x28,
	0x10, 0x8a, 0x31, 0xd0, 0x98, 0x43, 0x10, 0x82,
	0x10, 0x8a, 0x10, 0x82, 0x10, 0x8a, 0xa0, 0x43,
	0x10, 0x82, 0x10, 0x8a, 0x10, 0x82, 0x10, 0x8a,
	0xa8, 0x43, 0x10, 0x82, 0x10, 0x8a, 0x10, 0x82,
	0x10, 0x8a, 0x80, 0x04, 0x80, 0x0c, 0x10, 0x82,
	0x10, 0x8a, 0x10, 0x82, 0x30, 0xbd, 0x10, 0x8a,
	0x98, 0x43, 0x10, 0x82, 0x10, 0x8a, 0x01, 0x21,
	0x49, 0x02, 0x08, 0x43, 0x10, 0x82, 0x10, 0x8a,
	0xa0, 0x43, 0x10, 0x82, 0x10, 0x8a, 0x89, 0x00,
	0x08, 0x43, 0x10, 0x82, 0x10, 0x8a, 0xa8, 0x43,
	0x10, 0x82, 0x10, 0x8a, 0x89, 0x00, 0x08, 0x43,
	0x10, 0x82, 0x10, 0x8a, 0x80, 0x04, 0x80, 0x0c,
	0x10, 0x82, 0x10, 0x8a, 0x89, 0x00, 0x1a, 0xe0,
	0x98, 0x43, 0x10, 0x82, 0x10, 0x8a, 0xff, 0x21,
	0x01, 0x31, 0x08, 0x43, 0x10, 0x82, 0x10, 0x8a,
	0xa0, 0x43, 0x10, 0x82, 0x10, 0x8a, 0x89, 0x00,
	0x08, 0x43, 0x10, 0x82, 0x10, 0x8a, 0xa8, 0x43,
	0x10, 0x82, 0x10, 0x8a, 0x89, 0x00, 0x08, 0x43,
	0x10, 0x82, 0x10, 0x8a, 0x80, 0x04, 0x80, 0x0c,
	0x10, 0x82, 0x10, 0x8a, 0x89, 0x00, 0x08, 0x43,
	0xc3, 0xe7, 0x00, 0x00, 0x00, 0x44, 0x00, 0x40,
	0x01, 0x48, 0x00, 0x6e, 0x70, 0x47, 0x00, 0x00,
	0x00, 0x0d, 0x00, 0x20, 0x10, 0xb5, 0x07, 0x48,
	0x82, 0x89, 0x07, 0x49, 0x0a, 0x74, 0x02, 0x89,
	0x4a, 0x74, 0x0a, 0x7c, 0x82, 0x81, 0x49, 0x7c,
	0x01, 0x81, 0x03, 0x48, 0x10, 0x30, 0x00, 0xf0,
	0xf3, 0xff, 0x10, 0xbd, 0x00, 0x50, 0x00, 0x40,
	0xe0, 0x0d, 0x00, 0x20, 0x02, 0x49, 0x01, 0x48,
	0x08, 0x61, 0x70, 0x47, 0x35, 0x2c, 0x00, 0x00,
	0x00, 0x0a, 0x00, 0x20, 0x08, 0xb5, 0x00, 0x21,
	0x00, 0x91, 0x04, 0x49, 0x6b, 0x46, 0x0a, 0x78,
	0x49, 0x78, 0x03, 0xf0, 0x7f, 0xfd, 0x00, 0x98,
	0x08, 0xbd, 0x00, 0x00, 0xe0, 0x0b, 0x00, 0x20,
	0x7c, 0xb5, 0x8d, 0x88, 0x6c, 0x46, 0xa5, 0x80,
	0xcd, 0x88, 0xe5, 0x80, 0x00, 0x24, 0x0d, 0xe0,
	0xe5, 0x00, 0x4d, 0x5b, 0x9d, 0x42, 0x07, 0xd3,
	0xe2, 0x00, 0x51, 0x18, 0x8b, 0x88, 0x6a, 0x46,
	0x93, 0x80, 0xc9, 0x88, 0xd1, 0x80, 0x03, 0xe0,
	0x64, 0x1c, 0xe4, 0xb2, 0x94, 0x42, 0xef, 0xd3,
	0x08, 0x22, 0x69, 0x46, 0xfd, 0xf7, 0x22, 0xfa,
	0x7c, 0xbd, 0x00, 0x00, 0x10, 0xb5, 0x01, 0x46,
	0xa0, 0x22, 0x02, 0x48, 0xfd, 0xf7, 0x1a, 0xfa,
	0x10, 0xbd, 0x00, 0x00, 0x74, 0x0c, 0x00, 0x20,
	0x10, 0xb5, 0x00, 0xf0, 0x99, 0xf8, 0x07, 0x49,
	0x20, 0x22, 0x08, 0x46, 0x82, 0x30, 0x03, 0xf0,
	0x8d, 0xfd, 0x04, 0x49, 0x20, 0x22, 0x40, 0x31,
	0x08, 0x46, 0x4a, 0x30, 0x03, 0xf0, 0x86, 0xfd,
	0x10, 0xbd, 0x00, 0x00, 0xe2, 0x0b, 0x00, 0x20,
	0xff, 0xb5, 0x89, 0xb0, 0x00, 0x26, 0x09, 0x98,
	0x0c, 0x46, 0x37, 0x46, 0x00, 0x28, 0x08, 0xd0,
	0x3b, 0x48, 0xff, 0xf7, 0xab, 0xff, 0x06, 0x46,
	0x3a, 0x48, 0x84, 0x42, 0x01, 0xd8, 0xff, 0x27,
	0x5f, 0x37, 0x37, 0x48, 0x08, 0x30, 0xff, 0xf7,
	0xa1, 0xff, 0x37, 0x49, 0x04, 0x46, 0x09, 0x7c,
	0x89, 0x07, 0x08, 0xd5, 0x34, 0x49, 0x20, 0x31,
	0x89, 0x88, 0x09, 0x06, 0xcd, 0x0e, 0x14, 0x21,
	0x6d, 0x1c, 0x4d, 0x43, 0x00, 0xe0, 0x00, 0x25,
	0x64, 0x21, 0xfd, 0xf7, 0xc7, 0xf9, 0x85, 0x42,
	0x00, 0xdc, 0x28, 0x46, 0x00, 0x25, 0x02, 0x90,
	0x01, 0xf0, 0xdc, 0xfb, 0x00, 0x28, 0x00, 0xd1,
	0x0c, 0x25, 0x02, 0x98, 0x40, 0x19, 0x7d, 0x25,
	0xed, 0x00, 0x60, 0x43, 0x29, 0x46, 0xfd, 0xf7,
	0xb5, 0xf9, 0x05, 0x90, 0x20, 0x46, 0x70, 0x43,
	0x29, 0x46, 0xfd, 0xf7, 0xaf, 0xf9, 0x02, 0x90,
	0x01, 0xf0, 0x06, 0xfa, 0x05, 0x46, 0x01, 0xf0,
	0xc3, 0xf9, 0x09, 0x98, 0x00, 0x28, 0x27, 0xd0,
	0x1b, 0x49, 0x50, 0x31, 0x02, 0x2d, 0x20, 0xd0,
	0x01, 0x2d, 0x1e, 0xd0, 0x00, 0x2d, 0x1c, 0xd0,
	0x08, 0x22, 0xb3, 0xb2, 0x20, 0x31, 0x68, 0x46,
	0xff, 0xf7, 0x6e, 0xff, 0x01, 0x99, 0x00, 0x98,
	0x07, 0x91, 0x06, 0x90, 0x69, 0x46, 0x1c, 0x20,
	0x08, 0x5e, 0x02, 0x99, 0x48, 0x43, 0x13, 0x49,
	0xfd, 0xf7, 0x8c, 0xf9, 0x69, 0x46, 0x1e, 0x22,
	0x8a, 0x5e, 0x05, 0x99, 0x80, 0x18, 0x40, 0x18,
	0xc0, 0x19, 0x00, 0xd5, 0x00, 0x20, 0x0d, 0xb0,
	0xf0, 0xbd, 0xb3, 0xb2, 0x04, 0x22, 0xe2, 0xe7,
	0x07, 0x49, 0xa3, 0xb2, 0x04, 0x22, 0x10, 0x31,
	0x01, 0xa8, 0xff, 0xf7, 0x4d, 0xff, 0x02, 0x99,
	0x01, 0x98, 0x07, 0x91, 0x06, 0x90, 0x69, 0x46,
	0x1c, 0x20, 0x08, 0x5e, 0x60, 0x43, 0xde, 0xe7,
	0x64, 0x0c, 0x00, 0x20, 0x7c, 0x15, 0x00, 0x00,
	0x40, 0x48, 0x00, 0x40, 0x10, 0x27, 0x00, 0x00,
	0x01, 0x4a, 0x10, 0x70, 0x51, 0x70, 0x70, 0x47,
	0xe0, 0x0b, 0x00, 0x20, 0x02, 0x48, 0x00, 0x88,
	0x01, 0x49, 0x20, 0x31, 0x08, 0x80, 0x70, 0x47,
	0xc0, 0x42, 0x00, 0x40, 0xf8, 0xb5, 0x1e, 0x46,
	0x0d, 0x46, 0x1a, 0x4b, 0x49, 0x1e, 0x06, 0x9f,
	0x19, 0x71, 0x1a, 0x80, 0x18, 0x49, 0x40, 0x00,
	0x08, 0x5a, 0x50, 0x21, 0x69, 0x43, 0x48, 0x43,
	0x7d, 0x21, 0xc9, 0x00, 0xfd, 0xf7, 0x30, 0xf9,
	0xc2, 0x08, 0x40, 0x08, 0x11, 0x4c, 0x81, 0x1a,
	0x80, 0x18, 0xa0, 0x34, 0x49, 0x1e, 0x21, 0x71,
	0x40, 0x1e, 0x60, 0x71, 0xf0, 0x19, 0x29, 0x46,
	0xfd, 0xf7, 0x22, 0xf9, 0x40, 0x1e, 0xa0, 0x82,
	0xf0, 0x1b, 0x29, 0x46, 0xfd, 0xf7, 0x32, 0xf9,
	0x40, 0x1e, 0x20, 0x82, 0x07, 0x98, 0x76, 0x08,
	0x30, 0x18, 0x29, 0x46, 0xfd, 0xf7, 0x14, 0xf9,
	0x40, 0x1e, 0xa0, 0x81, 0x07, 0x98, 0x29, 0x46,
	0x30, 0x1a, 0xfd, 0xf7, 0x23, 0xf9, 0x40, 0x1e,
	0x20, 0x81, 0xf8, 0xbd, 0x40, 0x42, 0x00, 0x40,
	0x7c, 0x7a, 0x00, 0x00, 0x10, 0xb5, 0xfd, 0xf7,
	0xb9, 0xfa, 0x10, 0xbd, 0x7c, 0xb5, 0x0c, 0x4c,
	0x05, 0x46, 0x09, 0x28, 0x07, 0xd3, 0x10, 0x20,
	0x80, 0x23, 0x02, 0x22, 0x00, 0x90, 0x04, 0x21,
	0x01, 0x90, 0x08, 0x46, 0x07, 0xe0, 0x40, 0x20,
	0x00, 0x90, 0x01, 0x90, 0x01, 0x23, 0xe0, 0x7a,
	0x5b, 0x02, 0x04, 0x22, 0x08, 0x21, 0xff, 0xf7,
	0xa9, 0xff, 0xa5, 0x72, 0x7c, 0xbd, 0x00, 0x00,
	0x60, 0x0d, 0x00, 0x20, 0x70, 0xb5, 0x1b, 0x4c,
	0x21, 0x8a, 0x21, 0x82, 0x08, 0x04, 0x80, 0x0f,
	0x25, 0xd0, 0x19, 0x48, 0x42, 0x78, 0x00, 0x2a,
	0x02, 0xd1, 0x00, 0x78, 0x00, 0x28, 0x12, 0xd0,
	0x15, 0x4d, 0x08, 0x04, 0x14, 0x3d, 0x00, 0x28,
	0x0e, 0xda, 0x03, 0xf0, 0x33, 0xf8, 0x03, 0xf0,
	0x7d, 0xf8, 0x20, 0x8a, 0x00, 0x04, 0x03, 0xd5,
	0x01, 0x20, 0x10, 0x49, 0x40, 0x03, 0x08, 0x60,
	0x28, 0x46, 0xff, 0xf7, 0xbf, 0xff, 0x70, 0xbd,
	0x48, 0x04, 0xfc, 0xd5, 0x0a, 0x48, 0x09, 0x21,
	0x20, 0x38, 0x81, 0x77, 0x03, 0x21, 0x01, 0x74,
	0x03, 0xf0, 0x68, 0xf8, 0xf0, 0xe7, 0x88, 0x04,
	0x01, 0xd5, 0x01, 0x20, 0x02, 0xe0, 0xc8, 0x04,
	0xed, 0xd5, 0x00, 0x20, 0x03, 0xf0, 0x42, 0xf8,
	0x70, 0xbd, 0x00, 0x00, 0x00, 0x42, 0x00, 0x40,
	0x80, 0x0d, 0x00, 0x20, 0x80, 0xe2, 0x00, 0xe0,
	0x70, 0xb5, 0x05, 0x46, 0x20, 0x49, 0x1f, 0x48,
	0xc8, 0x63, 0x01, 0x20, 0x1f, 0x49, 0x40, 0x03,
	0x08, 0x60, 0x1f, 0x49, 0x08, 0x60, 0x1f, 0x48,
	0x69, 0x88, 0xc1, 0x84, 0xa9, 0x88, 0x1d, 0x4e,
	0x01, 0x85, 0x28, 0x78, 0x20, 0x36, 0xf0, 0x72,
	0x03, 0x20, 0x30, 0x74, 0x1a, 0x48, 0x01, 0x68,
	0x30, 0x46, 0x20, 0x30, 0x81, 0x60, 0x00, 0x24,
	0x04, 0x70, 0x44, 0x70, 0x84, 0x70, 0xc4, 0x70,
	0x02, 0x20, 0x04, 0xf0, 0x7d, 0xfa, 0x01, 0x20,
	0x00, 0xf0, 0x2a, 0xf8, 0x01, 0x20, 0x02, 0xf0,
	0xd5, 0xff, 0x68, 0x78, 0xff, 0xf7, 0x7a, 0xff,
	0x10, 0x49, 0x0f, 0x20, 0x08, 0x72, 0x0f, 0x48,
	0x60, 0x38, 0x04, 0x81, 0x01, 0x88, 0x98, 0x22,
	0x11, 0x43, 0x01, 0x80, 0x01, 0x21, 0x81, 0x80,
	0x0a, 0x49, 0x60, 0x31, 0x09, 0x88, 0x09, 0x4a,
	0x80, 0x32, 0x11, 0x80, 0x84, 0x82, 0x34, 0x71,
	0x70, 0xbd, 0x00, 0x00, 0xe5, 0x2e, 0x00, 0x00,
	0x00, 0x0a, 0x00, 0x20, 0x80, 0xe2, 0x00, 0xe0,
	0x00, 0xe1, 0x00, 0xe0, 0x40, 0x0d, 0x00, 0x20,
	0x64, 0x12, 0x00, 0x20, 0x60, 0x42, 0x00, 0x40,
	0x04, 0x49, 0x0a, 0x88, 0x60, 0x23, 0x9a, 0x43,
	0x0a, 0x80, 0x0a, 0x88, 0x40, 0x01, 0x02, 0x43,
	0x0a, 0x80, 0x70, 0x47, 0x00, 0x42, 0x00, 0x40,
	0x10, 0xb5, 0x16, 0x48, 0x01, 0x79, 0x00, 0x29,
	0x02, 0xd0, 0x00, 0x20, 0xc0, 0x43, 0x10, 0xbd,
	0x01, 0x21, 0x01, 0x71, 0x11, 0x48, 0x0c, 0x21,
	0x12, 0x30, 0xfd, 0xf7, 0x80, 0xf8, 0x10, 0x48,
	0x01, 0x68, 0x0e, 0x48, 0x20, 0x30, 0x81, 0x60,
	0x00, 0x21, 0x01, 0x70, 0x41, 0x70, 0x81, 0x70,
	0xc1, 0x70, 0x01, 0x71, 0x0b, 0x48, 0x01, 0x88,
	0x80, 0x22, 0x11, 0x43, 0x01, 0x80, 0x01, 0x8a,
	0x01, 0x82, 0x0f, 0x21, 0x09, 0x03, 0x81, 0x82,
	0x00, 0x20, 0x02, 0xf0, 0x7b, 0xff, 0x01, 0x22,
	0x11, 0x46, 0x05, 0x48, 0x04, 0xf0, 0x8a, 0xfa,
	0x00, 0x20, 0x10, 0xbd, 0x60, 0x0d, 0x00, 0x20,
	0x64, 0x12, 0x00, 0x20, 0x00, 0x42, 0x00, 0x40,
	0x85, 0x60, 0x00, 0x00, 0x10, 0xb5, 0xff, 0xf7,
	0xc7, 0xff, 0x10, 0xbd, 0x01, 0x49, 0xc8, 0x84,
	0x70, 0x47, 0x00, 0x00, 0x40, 0x0d, 0x00, 0x20,
	0x10, 0xb5, 0x0c, 0x46, 0x81, 0xb2, 0x04, 0x48,
	0x03, 0xf0, 0xb6, 0xfb, 0x02, 0x48, 0xa1, 0xb2,
	0x08, 0x30, 0x03, 0xf0, 0xb1, 0xfb, 0x10, 0xbd,
	0x64, 0x0c, 0x00, 0x20, 0x70, 0xb5, 0x16, 0x4c,
	0x60, 0x8a, 0x16, 0x4d, 0x00, 0x07, 0x01, 0x26,
	0x00, 0x28, 0x18, 0xda, 0xe1, 0x8c, 0x02, 0x20,
	0x00, 0xf0, 0x3a, 0xfd, 0x60, 0x8a, 0xc0, 0x06,
	0x11, 0xd4, 0xff, 0xf7, 0xa9, 0xfd, 0x61, 0x6b,
	0x40, 0x1a, 0x03, 0x28, 0x0b, 0xd3, 0x60, 0x8a,
	0x08, 0x21, 0x88, 0x43, 0x60, 0x82, 0xc8, 0x02,
	0x28, 0x82, 0x29, 0x88, 0x31, 0x43, 0x29, 0x80,
	0x29, 0x89, 0x01, 0x43, 0x29, 0x81, 0x60, 0x8a,
	0xc0, 0x05, 0x07, 0xd4, 0x80, 0x20, 0x28, 0x82,
	0x29, 0x88, 0x31, 0x43, 0x29, 0x80, 0x29, 0x89,
	0x01, 0x43, 0x29, 0x81, 0x70, 0xbd, 0x00, 0x00,
	0x80, 0x0d, 0x00, 0x20, 0x00, 0x48, 0x00, 0x40,
	0x10, 0xb5, 0x07, 0x4c, 0x60, 0x8a, 0x00, 0x07,
	0x03, 0xd5, 0xa1, 0x8c, 0x02, 0x20, 0x00, 0xf0,
	0x0b, 0xfd, 0x60, 0x8a, 0xc0, 0x05, 0x02, 0xd4,
	0x80, 0x20, 0x04, 0xf0, 0xb3, 0xf8, 0x10, 0xbd,
	0x80, 0x0d, 0x00, 0x20, 0x70, 0xb5, 0x0c, 0x4e,
	0xc5, 0x00, 0xac, 0x19, 0x60, 0x88, 0xa2, 0x88,
	0x08, 0x1a, 0x11, 0x46, 0xfc, 0xf7, 0xc6, 0xff,
	0xa1, 0x79, 0x74, 0x5b, 0x08, 0x40, 0x62, 0x07,
	0x52, 0x0f, 0x91, 0x40, 0xcb, 0x43, 0x05, 0x49,
	0xe4, 0x08, 0x64, 0x18, 0x21, 0x7f, 0x90, 0x40,
	0x19, 0x40, 0x01, 0x43, 0x21, 0x77, 0x70, 0xbd,
	0x4c, 0x7a, 0x00, 0x00, 0x00, 0x48, 0x00, 0x40,
	0x70, 0xb5, 0x0c, 0x4a, 0xc3, 0x00, 0x9d, 0x18,
	0xab, 0x88, 0x0b, 0x4a, 0x00, 0x28, 0x0d, 0xd0,
	0x01, 0x28, 0x0b, 0xd0, 0x01, 0x24, 0x14, 0x57,
	0x6a, 0x88, 0x5c, 0x43, 0x61, 0x18, 0x8a, 0x42,
	0x00, 0xdd, 0x11, 0x46, 0x89, 0xb2, 0xff, 0xf7,
	0xcd, 0xff, 0x70, 0xbd, 0x02, 0x24, 0x14, 0x57,
	0xf2, 0xe7, 0x00, 0x00, 0x4c, 0x7a, 0x00, 0x00,
	0xe0, 0x0d, 0x00, 0x20, 0x10, 0xb5, 0x04, 0x49,
	0x88, 0x85, 0x20, 0x31, 0x89, 0x7b, 0x00, 0x29,
	0x01, 0xd1, 0x04, 0xf0, 0x21, 0xf9, 0x10, 0xbd,
	0xc0, 0x0d, 0x00, 0x20, 0x10, 0xb5, 0x05, 0x48,
	0x81, 0x69, 0x01, 0x22, 0x52, 0x02, 0x11, 0x43,
	0x81, 0x61, 0xd0, 0x03, 0xfe, 0xf7, 0x98, 0xfb,
	0x10, 0xbd, 0x00, 0x00, 0x00, 0x00, 0x00, 0x20,
	0x70, 0x47, 0x70, 0x47, 0x10, 0xb5, 0x06, 0x48,
	0xfd, 0xf7, 0xea, 0xfc, 0x05, 0x48, 0x81, 0x69,
	0x01, 0x22, 0xd2, 0x03, 0x11, 0x43, 0x81, 0x61,
	0x50, 0x01, 0xfe, 0xf7, 0x85, 0xfb, 0x10, 0xbd,
	0x88, 0x13, 0x00, 0x00, 0x00, 0x00, 0x00, 0x20,
	0x70, 0xb5, 0x29, 0x4e, 0xb0, 0x89, 0x35, 0x8a,
	0x20, 0x21, 0xc9, 0x43, 0x08, 0x40, 0xb0, 0x81,
	0x35, 0x82, 0x25, 0x48, 0x20, 0x30, 0x00, 0x88,
	0x24, 0x4c, 0x80, 0x07, 0x00, 0x28, 0x10, 0xdb,
	0x28, 0x06, 0x0e, 0xd5, 0x30, 0x89, 0x00, 0x06,
	0x0b, 0xd5, 0x80, 0x20, 0x04, 0xf0, 0x2e, 0xf8,
	0x60, 0x8a, 0xb1, 0x15, 0x08, 0x43, 0x60, 0x82,
	0x08, 0x20, 0x00, 0xf0, 0x15, 0xfb, 0x00, 0xf0,
	0x73, 0xfb, 0x68, 0x06, 0x04, 0xd5, 0x30, 0x89,
	0x40, 0x06, 0x01, 0xd5, 0x00, 0xf0, 0x68, 0xff,
	0xa8, 0x07, 0x04, 0xd5, 0x30, 0x89, 0x80, 0x07,
	0x01, 0xd5, 0x00, 0xf0, 0xaf, 0xfe, 0x68, 0x04,
	0x10, 0xd5, 0x30, 0x89, 0x40, 0x04, 0x0d, 0xd5,
	0x01, 0x20, 0x80, 0x03, 0x04, 0xf0, 0x0e, 0xf8,
	0x60, 0x8a, 0x08, 0x21, 0x08, 0x43, 0x60, 0x82,
	0xff, 0xf7, 0xce, 0xfc, 0x60, 0x63, 0x01, 0x20,
	0xff, 0xf7, 0xaa, 0xff, 0x28, 0x04, 0x0d, 0xd5,
	0x30, 0x89, 0x00, 0x04, 0x0a, 0xd5, 0x01, 0x20,
	0xc0, 0x03, 0x03, 0xf0, 0xfb, 0xff, 0x60, 0x8a,
	0x20, 0x21, 0x08, 0x43, 0x60, 0x82, 0x01, 0x20,
	0xff, 0xf7, 0x9b, 0xff, 0x70, 0xbd, 0x00, 0x00,
	0x00, 0x48, 0x00, 0x40, 0x80, 0x0d, 0x00, 0x20,
	0xf8, 0xb5, 0x04, 0x46, 0x07, 0x20, 0x04, 0xf0,
	0xeb, 0xf8, 0x00, 0xf0, 0x05, 0xfb, 0x64, 0x21,
	0x4d, 0x48, 0xfc, 0xf7, 0x30, 0xff, 0x4c, 0x48,
	0x01, 0x21, 0x0c, 0x38, 0x04, 0x26, 0xc1, 0x60,
	0x46, 0x77, 0x20, 0x30, 0xc6, 0x72, 0xc6, 0x76,
	0x20, 0x30, 0x46, 0x71, 0x61, 0x89, 0x41, 0x81,
	0x61, 0x89, 0x7d, 0x22, 0x0a, 0x39, 0x01, 0x81,
	0x61, 0x88, 0x41, 0x82, 0x61, 0x88, 0xd2, 0x00,
	0x0a, 0x39, 0x01, 0x82, 0x46, 0x73, 0xa1, 0x88,
	0x89, 0x18, 0x41, 0x83, 0xa1, 0x88, 0x01, 0x83,
	0x3e, 0x49, 0x46, 0x75, 0x02, 0x46, 0x8b, 0x7d,
	0x20, 0x32, 0x93, 0x70, 0xcb, 0x7d, 0x53, 0x70,
	0x0b, 0x7f, 0x83, 0x77, 0xcb, 0x7e, 0xc3, 0x77,
	0x89, 0x7e, 0x11, 0x70, 0x00, 0x21, 0xd1, 0x70,
	0xe3, 0x89, 0x83, 0x84, 0x23, 0x8a, 0xc3, 0x84,
	0x91, 0x73, 0x36, 0x4a, 0x34, 0x48, 0x10, 0x65,
	0x35, 0x4a, 0x30, 0x04, 0x10, 0x60, 0x35, 0x4a,
	0x10, 0x60, 0x35, 0x4d, 0x29, 0x81, 0xa9, 0x80,
	0xa8, 0x89, 0xa8, 0x81, 0x28, 0x8a, 0x28, 0x82,
	0x32, 0x48, 0x44, 0x21, 0x01, 0x75, 0x41, 0x7d,
	0x01, 0x22, 0x11, 0x43, 0x41, 0x75, 0x00, 0x20,
	0x03, 0xf0, 0xd4, 0xff, 0x19, 0x21, 0x49, 0x01,
	0x01, 0x20, 0x03, 0xf0, 0xdd, 0xff, 0x2a, 0x48,
	0x60, 0x30, 0x00, 0x7d, 0xfd, 0x21, 0x08, 0x40,
	0x27, 0x49, 0x60, 0x31, 0x08, 0x75, 0x26, 0x4f,
	0x20, 0x37, 0x38, 0x88, 0x30, 0x43, 0x38, 0x80,
	0x60, 0x8a, 0x00, 0xf0, 0xe3, 0xfb, 0x1e, 0x20,
	0x04, 0xf0, 0x10, 0xf8, 0x38, 0x88, 0xcf, 0x21,
	0x08, 0x40, 0x38, 0x80, 0x38, 0x88, 0x10, 0x21,
	0x08, 0x43, 0x38, 0x80, 0x38, 0x88, 0x02, 0x21,
	0x08, 0x43, 0x38, 0x80, 0x1a, 0x48, 0x60, 0x30,
	0x00, 0x7d, 0x41, 0x08, 0x18, 0x48, 0x49, 0x00,
	0x60, 0x30, 0x01, 0x75, 0xa0, 0x89, 0x00, 0xf0,
	0x21, 0xf9, 0xe0, 0x88, 0x22, 0x88, 0x01, 0x46,
	0x00, 0xf0, 0xc4, 0xf9, 0x28, 0x88, 0x01, 0x21,
	0x08, 0x43, 0x28, 0x80, 0x28, 0x89, 0x89, 0x03,
	0x08, 0x43, 0x28, 0x81, 0x20, 0x89, 0x01, 0x46,
	0x00, 0xf0, 0x10, 0xfa, 0x00, 0x22, 0x11, 0x46,
	0x01, 0x20, 0x02, 0xf0, 0xb1, 0xfe, 0x28, 0x88,
	0x01, 0x21, 0x08, 0x43, 0x28, 0x80, 0x28, 0x89,
	0xc9, 0x03, 0x08, 0x43, 0x28, 0x81, 0xf8, 0xbd,
	0x8c, 0x0d, 0x00, 0x20, 0x40, 0x80, 0x00, 0x00,
	0x11, 0x32, 0x00, 0x00, 0x00, 0x0a, 0x00, 0x20,
	0x80, 0xe2, 0x00, 0xe0, 0x00, 0xe1, 0x00, 0xe0,
	0x00, 0x48, 0x00, 0x40, 0x00, 0x5a, 0x00, 0x40,
	0xf8, 0xb5, 0x05, 0x46, 0x03, 0xf0, 0xf6, 0xfe,
	0x74, 0x4c, 0x00, 0x28, 0x0c, 0xd0, 0x60, 0x8a,
	0x40, 0x04, 0x09, 0xd4, 0x60, 0x8a, 0x01, 0x21,
	0x89, 0x03, 0x08, 0x43, 0x60, 0x82, 0x48, 0x10,
	0x00, 0xf0, 0x16, 0xfa, 0xff, 0xf7, 0xbe, 0xfe,
	0x00, 0xf0, 0x66, 0xfa, 0x00, 0x28, 0x10, 0xd0,
	0x6b, 0x48, 0x00, 0x7d, 0x00, 0x07, 0x0c, 0xd4,
	0x60, 0x8a, 0x40, 0x05, 0x09, 0xd4, 0x60, 0x8a,
	0x01, 0x21, 0x89, 0x02, 0x08, 0x43, 0x60, 0x82,
	0x04, 0x20, 0x00, 0xf0, 0x01, 0xfa, 0xff, 0xf7,
	0xb9, 0xfe, 0x08, 0x27, 0x00, 0x26, 0x28, 0x21,
	0xef, 0x5f, 0xae, 0x5f, 0x69, 0x5e, 0x28, 0x46,
	0x00, 0x91, 0x30, 0x25, 0x34, 0x21, 0x45, 0x5f,
	0x41, 0x5e, 0x5c, 0x48, 0x1c, 0x30, 0x04, 0xf0,
	0x11, 0xf8, 0x01, 0x28, 0x09, 0xd1, 0x60, 0x8a,
	0x01, 0x21, 0x49, 0x02, 0x08, 0x43, 0x60, 0x82,
	0x10, 0x20, 0x00, 0xf0, 0xe5, 0xf9, 0x00, 0xf0,
	0x6f, 0xfa, 0x54, 0x48, 0x39, 0x46, 0x3a, 0x30,
	0x04, 0xf0, 0x00, 0xf8, 0x40, 0x21, 0x01, 0x28,
	0x02, 0xd0, 0x00, 0x28, 0x05, 0xd0, 0x0a, 0xe0,
	0x60, 0x8a, 0x08, 0x43, 0x60, 0x82, 0x01, 0x20,
	0x03, 0xe0, 0x60, 0x8a, 0x88, 0x43, 0x60, 0x82,
	0x00, 0x20, 0x00, 0xf0, 0xc9, 0xfa, 0x60, 0x8a,
	0x80, 0x06, 0x26, 0xd5, 0x60, 0x8a, 0x40, 0x06,
	0x23, 0xd4, 0x47, 0x48, 0x20, 0x30, 0x40, 0x7c,
	0x00, 0x22, 0x01, 0x07, 0x43, 0x48, 0x40, 0x30,
	0x00, 0x29, 0x01, 0xda, 0x42, 0x80, 0x18, 0xe0,
	0x41, 0x88, 0x49, 0x1c, 0x89, 0xb2, 0x41, 0x80,
	0x7d, 0x29, 0x12, 0xd3, 0x42, 0x80, 0x60, 0x8a,
	0x20, 0x21, 0x88, 0x43, 0x60, 0x82, 0x3c, 0x48,
	0x89, 0x02, 0x20, 0x38, 0x01, 0x82, 0x02, 0x88,
	0x01, 0x23, 0x1a, 0x43, 0x02, 0x80, 0x02, 0x89,
	0x0a, 0x43, 0x02, 0x81, 0x00, 0x20, 0xff, 0xf7,
	0x5c, 0xfe, 0x34, 0x48, 0x39, 0x46, 0x2a, 0x30,
	0x03, 0xf0, 0xc0, 0xff, 0x10, 0x21, 0x01, 0x28,
	0x02, 0xd0, 0x00, 0x28, 0x05, 0xd0, 0x0a, 0xe0,
	0x60, 0x8a, 0x08, 0x43, 0x60, 0x82, 0x01, 0x20,
	0x03, 0xe0, 0x60, 0x8a, 0x88, 0x43, 0x60, 0x82,
	0x00, 0x20, 0x00, 0xf0, 0x77, 0xfa, 0x29, 0x48,
	0x00, 0x99, 0x44, 0x30, 0x03, 0xf0, 0xaa, 0xff,
	0x01, 0x21, 0xc9, 0x02, 0x01, 0x28, 0x02, 0xd0,
	0x00, 0x28, 0x05, 0xd0, 0x0a, 0xe0, 0x60, 0x8a,
	0x08, 0x43, 0x60, 0x82, 0x01, 0x20, 0x03, 0xe0,
	0x60, 0x8a, 0x88, 0x43, 0x60, 0x82, 0x00, 0x20,
	0x00, 0xf0, 0x36, 0xfa, 0x1d, 0x48, 0x00, 0x99,
	0x4c, 0x30, 0x03, 0xf0, 0x93, 0xff, 0x01, 0x21,
	0x09, 0x03, 0x01, 0x28, 0x02, 0xd0, 0x00, 0x28,
	0x08, 0xd0, 0x0d, 0xe0, 0x60, 0x8a, 0x08, 0x43,
	0x60, 0x82, 0x80, 0x20, 0x00, 0xf0, 0x64, 0xf9,
	0x01, 0x20, 0x03, 0xe0, 0x60, 0x8a, 0x88, 0x43,
	0x60, 0x82, 0x00, 0x20, 0x00, 0xf0, 0x2e, 0xfa,
	0xaa, 0xb2, 0xb1, 0xb2, 0xb8, 0xb2, 0x00, 0xf0,
	0x41, 0xf8, 0x0e, 0x48, 0x31, 0x46, 0x54, 0x30,
	0x03, 0xf0, 0x74, 0xff, 0x01, 0x28, 0x0a, 0xd0,
	0x00, 0x28, 0x07, 0xd1, 0x61, 0x8a, 0x01, 0x20,
	0x40, 0x03, 0x81, 0x43, 0x61, 0x82, 0x00, 0x20,
	0x00, 0xf0, 0x54, 0xfa, 0xf8, 0xbd, 0x60, 0x8a,
	0x01, 0x21, 0x49, 0x03, 0x08, 0x43, 0x60, 0x82,
	0x20, 0x20, 0x00, 0xf0, 0x3d, 0xf9, 0x01, 0x20,
	0xf2, 0xe7, 0x00, 0x00, 0x80, 0x0d, 0x00, 0x20,
	0x20, 0x48, 0x00, 0x40, 0x10, 0xb5, 0x02, 0x46,
	0x0c, 0x49, 0x64, 0x32, 0x4a, 0x84, 0x08, 0x84,
	0x00, 0x22, 0x8a, 0x77, 0xca, 0x77, 0xff, 0x30,
	0x2d, 0x30, 0x80, 0xb2, 0x19, 0x22, 0xd2, 0x01,
	0x48, 0x83, 0x90, 0x42, 0x00, 0xd9, 0x4a, 0x83,
	0x05, 0x48, 0x00, 0x88, 0x80, 0x07, 0x02, 0xd5,
	0x02, 0xf0, 0xe8, 0xfd, 0x10, 0xbd, 0x02, 0xf0,
	0xb5, 0xfd, 0x10, 0xbd, 0x80, 0x0d, 0x00, 0x20,
	0x20, 0x48, 0x00, 0x40, 0xf8, 0xb5, 0x2d, 0x4b,
	0xdb, 0x78, 0x00, 0x2b, 0x44, 0xd1, 0x88, 0x42,
	0x01, 0xd9, 0x43, 0x1a, 0x00, 0xe0, 0x00, 0x23,
	0x00, 0xf0, 0x5e, 0xf9, 0x00, 0x28, 0x00, 0xd1,
	0x00, 0x23, 0x53, 0x43, 0x7d, 0x21, 0x18, 0x46,
	0xc9, 0x00, 0xfc, 0xf7, 0x1d, 0xfd, 0x23, 0x4d,
	0x06, 0x46, 0x20, 0x3d, 0xa9, 0x8c, 0x2c, 0x46,
	0x00, 0x27, 0x40, 0x3c, 0xb1, 0x42, 0x2c, 0xd8,
	0x7d, 0x21, 0xc9, 0x00, 0x70, 0x1a, 0xfc, 0xf7,
	0x0f, 0xfd, 0x00, 0x28, 0x25, 0xd0, 0x6f, 0x85,
	0x29, 0x8d, 0x08, 0x18, 0x80, 0xb2, 0x28, 0x85,
	0x20, 0x28, 0x1d, 0xd9, 0x20, 0x20, 0x28, 0x85,
	0xe8, 0x8c, 0xb0, 0x42, 0x0e, 0xd8, 0x40, 0x20,
	0x00, 0xf0, 0xe2, 0xf8, 0x60, 0x8a, 0x80, 0x07,
	0x12, 0xd4, 0x40, 0x20, 0x00, 0xf0, 0xdc, 0xf8,
	0x60, 0x8a, 0x02, 0x21, 0x08, 0x43, 0x60, 0x82,
	0x08, 0x46, 0x07, 0xe0, 0x60, 0x8a, 0xc0, 0x07,
	0x06, 0xd1, 0x60, 0x8a, 0x01, 0x21, 0x08, 0x43,
	0x60, 0x82, 0x08, 0x46, 0x00, 0xf0, 0x6c, 0xf9,
	0xf8, 0xbd, 0x2f, 0x85, 0x60, 0x8a, 0x80, 0x07,
	0xfa, 0xd0, 0x68, 0x8d, 0x06, 0x49, 0x40, 0x1c,
	0x80, 0xb2, 0x68, 0x85, 0x88, 0x42, 0xf3, 0xd3,
	0x60, 0x8a, 0x80, 0x08, 0x80, 0x00, 0x60, 0x82,
	0x00, 0x20, 0xeb, 0xe7, 0xe0, 0x0d, 0x00, 0x20,
	0xee, 0x02, 0x00, 0x00, 0x05, 0x49, 0x00, 0x28,
	0x04, 0xd0, 0x00, 0x20, 0x0a, 0x46, 0x20, 0x3a,
	0x10, 0x85, 0x00, 0xe0, 0x01, 0x20, 0xc8, 0x70,
	0x70, 0x47, 0x00, 0x00, 0xe0, 0x0d, 0x00, 0x20,
	0x10, 0xb5, 0x03, 0x4a, 0x00, 0x23, 0x13, 0x85,
	0x53, 0x85, 0x90, 0x84, 0xd1, 0x84, 0x10, 0xbd,
	0xc0, 0x0d, 0x00, 0x20, 0x02, 0x49, 0x48, 0x81,
	0x0a, 0x38, 0x08, 0x81, 0x70, 0x47, 0x00, 0x00,
	0xc0, 0x0d, 0x00, 0x20, 0x02, 0x49, 0x48, 0x82,
	0x0a, 0x38, 0x08, 0x82, 0x70, 0x47, 0x00, 0x00,
	0xc0, 0x0d, 0x00, 0x20, 0x70, 0xb5, 0x1d, 0x4b,
	0x0c, 0x46, 0x1d, 0x49, 0x1a, 0x85, 0x61, 0x18,
	0x99, 0x84, 0x1d, 0x46, 0xdc, 0x84, 0x00, 0x21,
	0x20, 0x35, 0x69, 0x73, 0x29, 0x73, 0x19, 0x49,
	0x18, 0x86, 0x40, 0x18, 0xd8, 0x85, 0x14, 0x2a,
	0x05, 0xd3, 0x14, 0x21, 0x10, 0x46, 0xfc, 0xf7,
	0x93, 0xfc, 0x40, 0x1e, 0x00, 0xe0, 0x00, 0x20,
	0x13, 0x4a, 0x10, 0x80, 0x90, 0x88, 0x80, 0x08,
	0x80, 0x00, 0x90, 0x80, 0x90, 0x88, 0x02, 0x21,
	0x08, 0x43, 0x90, 0x80, 0x21, 0x46, 0x02, 0x20,
	0x00, 0xf0, 0xca, 0xf9, 0x0c, 0x48, 0x20, 0x38,
	0x82, 0x8b, 0x04, 0x21, 0x8a, 0x43, 0x82, 0x83,
	0x82, 0x8b, 0x0a, 0x43, 0x82, 0x83, 0x01, 0x7c,
	0x01, 0x22, 0x11, 0x43, 0x01, 0x74, 0x06, 0x48,
	0x60, 0x30, 0x41, 0x7a, 0xfb, 0x22, 0x11, 0x40,
	0x41, 0x72, 0x70, 0xbd, 0x80, 0x0d, 0x00, 0x20,
	0x78, 0xec, 0xff, 0xff, 0x24, 0xfa, 0xff, 0xff,
	0x60, 0x48, 0x00, 0x40, 0x02, 0x46, 0x10, 0xb5,
	0x02, 0x48, 0xc0, 0x8c, 0x01, 0x46, 0xff, 0xf7,
	0xb5, 0xff, 0x10, 0xbd, 0x80, 0x0d, 0x00, 0x20,
	0x10, 0xb5, 0x03, 0x49, 0x0a, 0x8d, 0x01, 0x46,
	0xff, 0xf7, 0xac, 0xff, 0x10, 0xbd, 0x00, 0x00,
	0x80, 0x0d, 0x00, 0x20, 0x70, 0xb5, 0x14, 0x4b,
	0x00, 0x22, 0x1c, 0x46, 0x19, 0x87, 0x20, 0x34,
	0x62, 0x77, 0x22, 0x77, 0x1a, 0x46, 0x40, 0x32,
	0x10, 0x80, 0x10, 0x4a, 0x80, 0x18, 0xd8, 0x87,
	0x01, 0x20, 0x0f, 0x4a, 0xc0, 0x03, 0x10, 0x82,
	0x03, 0x20, 0x00, 0xf0, 0x85, 0xf9, 0x0c, 0x48,
	0x40, 0x30, 0x82, 0x8b, 0x08, 0x21, 0x8a, 0x43,
	0x82, 0x83, 0x82, 0x8b, 0x0a, 0x43, 0x82, 0x83,
	0x01, 0x7c, 0x01, 0x22, 0x11, 0x43, 0x01, 0x74,
	0x05, 0x48, 0xc0, 0x30, 0x41, 0x7a, 0xf7, 0x22,
	0x11, 0x40, 0x41, 0x72, 0x70, 0xbd, 0x00, 0x00,
	0x80, 0x0d, 0x00, 0x20, 0x24, 0xfa, 0xff, 0xff,
	0x00, 0x48, 0x00, 0x40, 0x10, 0xb5, 0x01, 0x46,
	0xff, 0xf7, 0xcc, 0xff, 0x10, 0xbd, 0x00, 0x00,
	0x70, 0xb5, 0x04, 0x46, 0xfc, 0xf7, 0x10, 0xfc,
	0x05, 0x46, 0x20, 0x46, 0x00, 0xf0, 0x24, 0xf8,
	0x00, 0xf0, 0x26, 0xf8, 0x06, 0x49, 0x08, 0x22,
	0xc8, 0x68, 0x4c, 0x61, 0x10, 0x43, 0xc8, 0x60,
	0x20, 0x46, 0x00, 0xf0, 0x07, 0xf8, 0x28, 0x46,
	0xfc, 0xf7, 0x02, 0xfc, 0x70, 0xbd, 0x00, 0x00,
	0x80, 0x0d, 0x00, 0x20, 0x10, 0xb5, 0x07, 0x49,
	0x8a, 0x6a, 0x02, 0x43, 0x8a, 0x62, 0x08, 0x46,
	0x80, 0x38, 0x81, 0x69, 0x10, 0x22, 0x91, 0x43,
	0x81, 0x61, 0x40, 0x20, 0xfe, 0xf7, 0x24, 0xf8,
	0x10, 0xbd, 0x00, 0x00, 0x80, 0x00, 0x00, 0x20,
	0x10, 0xb5, 0xfd, 0xf7, 0x7d, 0xff, 0x10, 0xbd,
	0x10, 0xb5, 0x0f, 0x4c, 0x20, 0x88, 0xc0, 0x07,
	0x19, 0xd0, 0x32, 0x22, 0x01, 0x21, 0x00, 0x20,
	0x03, 0xf0, 0x3a, 0xfd, 0x01, 0x23, 0x19, 0x21,
	0x4b, 0x20, 0x1a, 0x46, 0x89, 0x01, 0xc0, 0x00,
	0x03, 0xf0, 0xe0, 0xfc, 0x20, 0x88, 0x04, 0x21,
	0x88, 0x43, 0x20, 0x80, 0xc8, 0x20, 0xa0, 0x80,
	0x04, 0x48, 0x03, 0xf0, 0x20, 0xfe, 0x20, 0x88,
	0x40, 0x08, 0x40, 0x00, 0x20, 0x80, 0x10, 0xbd,
	0x20, 0x48, 0x00, 0x40, 0x40, 0x0d, 0x03, 0x00,
	0x04, 0x48, 0xc0, 0x68, 0x41, 0x07, 0x03, 0xd5,
	0x00, 0x07, 0x01, 0xd4, 0x01, 0x20, 0x70, 0x47,
	0x00, 0x20, 0x70, 0x47, 0x80, 0x0d, 0x00, 0x20,
	0x10, 0xb5, 0x07, 0x48, 0xfd, 0xf7, 0x44, 0xf9,
	0x01, 0x20, 0xc0, 0x04, 0xfd, 0xf7, 0xe4, 0xff,
	0x04, 0x48, 0x81, 0x69, 0x01, 0x22, 0x92, 0x03,
	0x11, 0x43, 0x81, 0x61, 0x10, 0xbd, 0x00, 0x00,
	0x88, 0x13, 0x00, 0x00, 0x00, 0x00, 0x00, 0x20,
	0x10, 0xb5, 0x09, 0x48, 0x01, 0x21, 0xc1, 0x60,
	0x00, 0x21, 0x41, 0x82, 0xff, 0xf7, 0xb4, 0xff,
	0x06, 0x48, 0x01, 0x88, 0x04, 0x22, 0x11, 0x43,
	0x01, 0x80, 0x03, 0x48, 0x40, 0x30, 0x80, 0x8b,
	0x00, 0xf0, 0xec, 0xf8, 0x10, 0xbd, 0x00, 0x00,
	0x80, 0x0d, 0x00, 0x20, 0x20, 0x48, 0x00, 0x40,
	0x10, 0xb5, 0x07, 0x48, 0xfd, 0xf7, 0x18, 0xf9,
	0x01, 0x20, 0xc0, 0x04, 0xfd, 0xf7, 0xb8, 0xff,
	0x04, 0x48, 0x81, 0x69, 0x01, 0x22, 0x92, 0x03,
	0x11, 0x43, 0x81, 0x61, 0x10, 0xbd, 0x00, 0x00,
	0x88, 0x13, 0x00, 0x00, 0x00, 0x00, 0x00, 0x20,
	0x01, 0x22, 0x10, 0xb5, 0x92, 0x02, 0x0d, 0x49,
	0x01, 0x28, 0x09, 0xd0, 0x53, 0x00, 0x02, 0x28,
	0x88, 0x69, 0x0b, 0xd0, 0x90, 0x43, 0x88, 0x61,
	0x88, 0x69, 0x98, 0x43, 0x88, 0x61, 0x10, 0xbd,
	0x88, 0x69, 0x10, 0x43, 0x88, 0x61, 0x01, 0x20,
	0xc0, 0x03, 0x03, 0xe0, 0x18, 0x43, 0x88, 0x61,
	0x01, 0x20, 0x00, 0x04, 0xfd, 0xf7, 0x90, 0xff,
	0x10, 0xbd, 0x00, 0x00, 0x00, 0x00, 0x00, 0x20,
	0x01, 0x22, 0x10, 0xb5, 0x06, 0x49, 0x12, 0x04,
	0x00, 0x28, 0x88, 0x69, 0x05, 0xd0, 0x10, 0x43,
	0x88, 0x61, 0x50, 0x01, 0xfd, 0xf7, 0x80, 0xff,
	0x10, 0xbd, 0x90, 0x43, 0x88, 0x61, 0x10, 0xbd,
	0x00, 0x00, 0x00, 0x20, 0x70, 0xb5, 0x01, 0x25,
	0x08, 0x4c, 0x6d, 0x04, 0x00, 0x28, 0x08, 0xd0,
	0x07, 0x48, 0xfd, 0xf7, 0xcd, 0xf8, 0x68, 0x01,
	0xfd, 0xf7, 0x6e, 0xff, 0xa0, 0x69, 0x28, 0x43,
	0x01, 0xe0, 0xa0, 0x69, 0xa8, 0x43, 0xa0, 0x61,
	0x70, 0xbd, 0x00, 0x00, 0x00, 0x00, 0x00, 0x20,
	0x88, 0x13, 0x00, 0x00, 0x01, 0x22, 0x10, 0xb5,
	0x06, 0x49, 0x12, 0x03, 0x00, 0x28, 0x88, 0x69,
	0x05, 0xd0, 0x10, 0x43, 0x88, 0x61, 0x50, 0x01,
	0xfd, 0xf7, 0x56, 0xff, 0x10, 0xbd, 0x90, 0x43,
	0x88, 0x61, 0x10, 0xbd, 0x00, 0x00, 0x00, 0x20,
	0x01, 0x22, 0x10, 0xb5, 0x06, 0x49, 0x52, 0x03,
	0x00, 0x28, 0x88, 0x69, 0x05, 0xd0, 0x10, 0x43,
	0x88, 0x61, 0x50, 0x01, 0xfd, 0xf7, 0x44, 0xff,
	0x10, 0xbd, 0x90, 0x43, 0x88, 0x61, 0x10, 0xbd,
	0x00, 0x00, 0x00, 0x20, 0x01, 0x22, 0x10, 0xb5,
	0x06, 0x49, 0x92, 0x04, 0x00, 0x28, 0x88, 0x69,
	0x05, 0xd0, 0x10, 0x43, 0x88, 0x61, 0x50, 0x01,
	0xfd, 0xf7, 0x32, 0xff, 0x10, 0xbd, 0x90, 0x43,
	0x88, 0x61, 0x10, 0xbd, 0x00, 0x00, 0x00, 0x20,
	0x70, 0xb5, 0x1b, 0x4c, 0x60, 0x8a, 0x1b, 0x49,
	0x08, 0x42, 0x0a, 0xd0, 0x01, 0x20, 0x80, 0x02,
	0xff, 0xf7, 0xd6, 0xfe, 0x32, 0x22, 0x00, 0x21,
	0x01, 0x20, 0x03, 0xf0, 0x45, 0xfc, 0x20, 0x20,
	0x70, 0xbd, 0xe0, 0x68, 0x01, 0x28, 0x07, 0xd0,
	0x03, 0x28, 0x1e, 0xd0, 0x20, 0x8a, 0x40, 0x21,
	0x08, 0x43, 0x20, 0x82, 0x08, 0x46, 0x70, 0xbd,
	0x00, 0x20, 0x20, 0x82, 0x01, 0x25, 0x25, 0x83,
	0x02, 0xf0, 0x88, 0xfb, 0x00, 0x20, 0x03, 0xf0,
	0x09, 0xfc, 0xff, 0x22, 0x91, 0x32, 0x00, 0x21,
	0x01, 0x20, 0x03, 0xf0, 0x29, 0xfc, 0x08, 0x48,
	0x01, 0x88, 0x29, 0x43, 0x01, 0x80, 0xe0, 0x68,
	0x02, 0x21, 0x08, 0x43, 0xe0, 0x60, 0x08, 0x20,
	0x70, 0xbd, 0x03, 0xf0, 0xd5, 0xfa, 0x70, 0xbd,
	0x80, 0x0d, 0x00, 0x20, 0xe6, 0xf7, 0xff, 0xff,
	0x20, 0x48, 0x00, 0x40, 0x01, 0x48, 0xc0, 0x68,
	0x70, 0x47, 0x00, 0x00, 0x80, 0x0d, 0x00, 0x20,
	0x10, 0xb5, 0x03, 0xf0, 0x7d, 0xfc, 0x10, 0xbd,
	0x02, 0x49, 0x03, 0x4a, 0x48, 0x83, 0x80, 0x18,
	0x08, 0x83, 0x70, 0x47, 0xc0, 0x0d, 0x00, 0x20,
	0x3c, 0xf6, 0xff, 0xff, 0x70, 0xb5, 0x04, 0x46,
	0x00, 0x23, 0x4b, 0x20, 0x1a, 0x46, 0x64, 0x21,
	0xc0, 0x00, 0x03, 0xf0, 0xa7, 0xfb, 0x0f, 0x48,
	0x0f, 0x4d, 0x84, 0x42, 0x02, 0xd8, 0x1e, 0x20,
	0x28, 0x56, 0x09, 0xe0, 0x0d, 0x49, 0x8c, 0x42,
	0x02, 0xd8, 0x1f, 0x20, 0x28, 0x56, 0x03, 0xe0,
	0x09, 0x49, 0x20, 0x31, 0x00, 0x20, 0x08, 0x56,
	0x19, 0x21, 0x48, 0x43, 0x00, 0x19, 0x00, 0xd5,
	0x00, 0x20, 0x19, 0x21, 0xfc, 0xf7, 0x9e, 0xfa,
	0xc0, 0x05, 0x05, 0x49, 0xc0, 0x0d, 0x88, 0x80,
	0xac, 0x83, 0x70, 0xbd, 0x4c, 0x1d, 0x00, 0x00,
	0xc0, 0x0d, 0x00, 0x20, 0x04, 0x29, 0x00, 0x00,
	0x20, 0x48, 0x00, 0x40, 0x01, 0x48, 0x80, 0x8b,
	0x70, 0x47, 0x00, 0x00, 0xc0, 0x0d, 0x00, 0x20,
	0x30, 0xb5, 0x18, 0x4a, 0xd0, 0x89, 0x54, 0x89,
	0x41, 0x42, 0x4c, 0x43, 0xe5, 0x17, 0x2d, 0x0e,
	0x93, 0x89, 0x15, 0x48, 0x2c, 0x19, 0x24, 0x12,
	0xc1, 0x86, 0x1d, 0x1b, 0x85, 0x86, 0x41, 0x86,
	0x19, 0x1b, 0x01, 0x86, 0x51, 0x88, 0x41, 0x84,
	0x11, 0x88, 0x01, 0x84, 0x0d, 0x49, 0x20, 0x39,
	0xca, 0x8b, 0xc2, 0x84, 0x8a, 0x8b, 0x82, 0x84,
	0x01, 0x22, 0xd2, 0x03, 0x93, 0x88, 0xc3, 0x87,
	0x53, 0x88, 0x83, 0x87, 0x13, 0x88, 0x02, 0x46,
	0x40, 0x32, 0xd3, 0x80, 0x05, 0x4b, 0xa0, 0x3b,
	0xdb, 0x8b, 0x93, 0x80, 0xca, 0x8a, 0xc2, 0x85,
	0x89, 0x8a, 0x81, 0x85, 0x42, 0x85, 0x01, 0x85,
	0x30, 0xbd, 0x00, 0x00, 0x80, 0x80, 0x00, 0x00,
	0x80, 0x0b, 0x00, 0x20, 0x70, 0x47, 0x00, 0x00,
	0x10, 0xb5, 0x06, 0x49, 0x40, 0x78, 0x0a, 0x7f,
	0x01, 0x21, 0x91, 0x40, 0x08, 0x42, 0x04, 0xd0,
	0x00, 0x22, 0x11, 0x46, 0x02, 0x48, 0x03, 0xf0,
	0x99, 0xfc, 0x10, 0xbd, 0xc0, 0x0b, 0x00, 0x20,
	0x2d, 0x3d, 0x00, 0x00, 0x01, 0x48, 0x01, 0x21,
	0x41, 0x77, 0x70, 0x47, 0xc0, 0x0b, 0x00, 0x20,
	0xf0, 0xb5, 0x85, 0xb0, 0x2b, 0x48, 0xe4, 0x21,
	0x00, 0x90, 0xfc, 0xf7, 0x60, 0xfa, 0x29, 0x49,
	0x08, 0x20, 0x44, 0x31, 0x0a, 0x46, 0x08, 0x75,
	0x20, 0x32, 0x10, 0x70, 0x10, 0x73, 0x40, 0x31,
	0x08, 0x71, 0x08, 0x74, 0x10, 0x76, 0x08, 0x77,
	0xff, 0xf7, 0x9a, 0xff, 0x21, 0x4d, 0x00, 0x26,
	0xc4, 0x35, 0x2e, 0x77, 0x01, 0x27, 0x6f, 0x77,
	0xae, 0x77, 0x03, 0x20, 0x03, 0xf0, 0xfc, 0xfb,
	0x07, 0x20, 0x03, 0xf0, 0xf9, 0xfb, 0x1c, 0x4c,
	0x33, 0x20, 0x20, 0x80, 0x0e, 0x20, 0x20, 0x61,
	0x60, 0x61, 0x0b, 0x20, 0xa0, 0x61, 0xe6, 0x61,
	0x14, 0x20, 0x20, 0x62, 0x15, 0x20, 0x60, 0x62,
	0x11, 0x20, 0xa0, 0x62, 0xe7, 0x62, 0x01, 0x21,
	0xff, 0x20, 0x03, 0xf0, 0x75, 0xfa, 0x12, 0x48,
	0x40, 0x30, 0x81, 0x88, 0xff, 0x22, 0x11, 0x43,
	0x81, 0x80, 0x5f, 0x21, 0x01, 0x81, 0x01, 0x89,
	0x81, 0x81, 0x7d, 0x20, 0xc0, 0x00, 0x03, 0xf0,
	0x4f, 0xfa, 0x04, 0x20, 0x20, 0x81, 0x0b, 0x49,
	0x01, 0xab, 0x07, 0xc9, 0x07, 0xc3, 0x69, 0x46,
	0x00, 0x98, 0x48, 0x81, 0x28, 0x7f, 0x01, 0xa9,
	0x03, 0xf0, 0x9a, 0xfa, 0x00, 0x22, 0x11, 0x46,
	0x05, 0x48, 0x03, 0xf0, 0x37, 0xfc, 0x05, 0xb0,
	0xf0, 0xbd, 0x00, 0x00, 0xfc, 0x0a, 0x00, 0x20,
	0x00, 0x4a, 0x00, 0x40, 0x94, 0x7a, 0x00, 0x00,
	0x81, 0x3d, 0x00, 0x00, 0x10, 0xb5, 0x03, 0xf0,
	0x5f, 0xfd, 0x00, 0x22, 0x03, 0x21, 0x05, 0x48,
	0x03, 0xf0, 0x24, 0xfc, 0x04, 0x48, 0x04, 0x46,
	0xff, 0xf7, 0x72, 0xfb, 0x20, 0x46, 0x00, 0xf0,
	0x33, 0xf8, 0x10, 0xbd, 0x81, 0x3d, 0x00, 0x00,
	0x14, 0x0b, 0x00, 0x20, 0x01, 0x48, 0x01, 0x21,
	0x81, 0x77, 0x70, 0x47, 0xc0, 0x0b, 0x00, 0x20,
	0x10, 0xb5, 0x00, 0x22, 0x18, 0x21, 0x02, 0x48,
	0x03, 0xf0, 0x0c, 0xfc, 0x10, 0xbd, 0x00, 0x00,
	0x75, 0x3d, 0x00, 0x00, 0x01, 0x48, 0x00, 0x21,
	0x81, 0x77, 0x70, 0x47, 0xc0, 0x0b, 0x00, 0x20,
	0x10, 0xb5, 0xff, 0xf7, 0x57, 0xff, 0x07, 0x48,
	0x00, 0x7f, 0x01, 0x01, 0x06, 0x48, 0x08, 0x18,
	0x01, 0x8a, 0x01, 0x22, 0x11, 0x43, 0x01, 0x82,
	0x04, 0x48, 0x01, 0x88, 0x80, 0x22, 0x11, 0x43,
	0x01, 0x80, 0x10, 0xbd, 0xc0, 0x0b, 0x00, 0x20,
	0x00, 0x50, 0x00, 0x40, 0x00, 0x4a, 0x00, 0x40,
	0xf8, 0xb5, 0x01, 0x46, 0x0f, 0x48, 0x38, 0x22,
	0x05, 0x46, 0xfc, 0xf7, 0xa3, 0xf9, 0xfe, 0xf7,
	0x19, 0xfe, 0x01, 0x28, 0x14, 0xd0, 0x00, 0xf0,
	0x33, 0xfb, 0xec, 0x8e, 0xad, 0x8e, 0x06, 0x46,
	0xa5, 0x42, 0x01, 0xd9, 0x28, 0x1b, 0x00, 0xe0,
	0x60, 0x1b, 0x87, 0xb2, 0x00, 0xf0, 0xde, 0xf9,
	0xb8, 0x42, 0x31, 0x46, 0x01, 0xd2, 0x28, 0x46,
	0x00, 0xe0, 0x20, 0x46, 0x00, 0xf0, 0x06, 0xf8,
	0xf8, 0xbd, 0x00, 0x00, 0xd8, 0x03, 0x00, 0x20,
	0x70, 0x47, 0x00, 0x00, 0xf3, 0xb5, 0x83, 0xb0,
	0x0e, 0x46, 0x40, 0x20, 0x03, 0xf0, 0x4a, 0xfa,
	0x03, 0xa8, 0x02, 0xf0, 0x4f, 0xfc, 0x69, 0x4c,
	0x05, 0x46, 0x60, 0x7e, 0x00, 0x28, 0x00, 0xd0,
	0xa5, 0x7e, 0x68, 0x46, 0x81, 0x89, 0x28, 0x46,
	0x02, 0xf0, 0x64, 0xfa, 0x64, 0x4b, 0x01, 0x90,
	0x18, 0x7b, 0x18, 0x7c, 0x18, 0x7d, 0x68, 0x46,
	0x82, 0x89, 0x1f, 0x7b, 0x4b, 0x20, 0xc0, 0x00,
	0x00, 0x2d, 0x06, 0xd0, 0x01, 0x2d, 0x06, 0xd0,
	0x02, 0x2d, 0x04, 0xd0, 0x03, 0x2d, 0x13, 0xd1,
	0x03, 0xe0, 0x8a, 0x27, 0x10, 0xe0, 0x07, 0x46,
	0x0e, 0xe0, 0xaf, 0x21, 0x89, 0x00, 0x8a, 0x42,
	0x01, 0xd9, 0x0d, 0x27, 0x08, 0xe0, 0x82, 0x42,
	0x01, 0xd9, 0x7d, 0x27, 0x04, 0xe0, 0x21, 0x7d,
	0x01, 0x29, 0x0b, 0xd0, 0x19, 0x27, 0x7f, 0x01,
	0x19, 0x7c, 0x00, 0x2d, 0x09, 0xd0, 0x01, 0x2d,
	0x07, 0xd0, 0x02, 0x2d, 0x05, 0xd0, 0x03, 0x2d,
	0x0e, 0xd1, 0x04, 0xe0, 0xff, 0x27, 0x91, 0x37,
	0xf2, 0xe7, 0xa3, 0x21, 0x08, 0xe0, 0x82, 0x42,
	0x01, 0xd9, 0x0d, 0x21, 0x04, 0xe0, 0x20, 0x7d,
	0x01, 0x28, 0x0e, 0xd0, 0xff, 0x21, 0x19, 0x31,
	0x00, 0x91, 0x45, 0x49, 0x30, 0x46, 0x0e, 0x7d,
	0x00, 0x2d, 0x08, 0xd0, 0x01, 0x2d, 0x08, 0xd0,
	0x02, 0x2d, 0x06, 0xd0, 0x03, 0x2d, 0x11, 0xd1,
	0x05, 0xe0, 0x8c, 0x21, 0xf0, 0xe7, 0x07, 0x21,
	0x09, 0xe0, 0x64, 0x26, 0x0e, 0xe0, 0xff, 0x21,
	0xf5, 0x31, 0x8a, 0x42, 0xf7, 0xd2, 0x21, 0x7d,
	0x01, 0x29, 0x10, 0xd0, 0x0a, 0x21, 0xfc, 0xf7,
	0xeb, 0xf8, 0x06, 0x46, 0x37, 0x48, 0x86, 0x42,
	0x00, 0xd9, 0x06, 0x46, 0x32, 0x2f, 0x08, 0xd9,
	0xf8, 0x00, 0x35, 0x49, 0x03, 0xf0, 0x0e, 0xfd,
	0x48, 0x09, 0xc0, 0x1e, 0x02, 0xe0, 0xc6, 0x08,
	0xf0, 0xe7, 0x00, 0x20, 0x2e, 0x4f, 0x38, 0x73,
	0x00, 0x98, 0x32, 0x28, 0x06, 0xd9, 0xc0, 0x00,
	0x2d, 0x49, 0x03, 0xf0, 0xff, 0xfc, 0x48, 0x09,
	0xc0, 0x1e, 0x00, 0xe0, 0x00, 0x20, 0x38, 0x74,
	0x32, 0x2e, 0x06, 0xd9, 0xf0, 0x00, 0x28, 0x49,
	0x03, 0xf0, 0xf4, 0xfc, 0x48, 0x09, 0xc0, 0x1e,
	0x00, 0xe0, 0x00, 0x20, 0x38, 0x75, 0x22, 0x4e,
	0x01, 0x98, 0x40, 0x3e, 0x30, 0x77, 0xa0, 0x7d,
	0x22, 0x49, 0x41, 0x18, 0x68, 0x00, 0x08, 0x30,
	0x08, 0x5c, 0x70, 0x77, 0x00, 0x20, 0x1c, 0x4f,
	0xe0, 0x75, 0x60, 0x3f, 0x38, 0x89, 0x00, 0x07,
	0x0c, 0xd5, 0x30, 0x78, 0xfb, 0x21, 0x08, 0x40,
	0x30, 0x70, 0x08, 0x20, 0x38, 0x81, 0xc8, 0x20,
	0x03, 0xf0, 0xf5, 0xfa, 0x30, 0x78, 0x04, 0x21,
	0x08, 0x43, 0x30, 0x70, 0x38, 0x89, 0x40, 0x07,
	0x09, 0xd5, 0x60, 0x7d, 0x40, 0x1c, 0xc0, 0xb2,
	0x60, 0x75, 0x01, 0x28, 0x03, 0xd9, 0x04, 0x20,
	0x38, 0x81, 0x00, 0x20, 0x60, 0x75, 0x20, 0x7e,
	0xa8, 0x42, 0x06, 0xd0, 0xa0, 0x7d, 0x29, 0x46,
	0x02, 0xf0, 0x2c, 0xfb, 0x28, 0x46, 0x00, 0xf0,
	0xf1, 0xf8, 0x0b, 0x48, 0x25, 0x76, 0x01, 0x88,
	0x01, 0x22, 0x11, 0x43, 0x01, 0x80, 0x01, 0x89,
	0x40, 0x22, 0x11, 0x43, 0x01, 0x81, 0x05, 0xb0,
	0xf0, 0xbd, 0x00, 0x00, 0x00, 0x0d, 0x00, 0x20,
	0x60, 0x46, 0x00, 0x40, 0xfd, 0x0c, 0x00, 0x00,
	0x1f, 0x85, 0xeb, 0x51, 0xa0, 0x7a, 0x00, 0x00,
	0x00, 0x48, 0x00, 0x40, 0x70, 0x47, 0x00, 0x00,
	0x04, 0x48, 0x01, 0x88, 0x01, 0x22, 0x11, 0x43,
	0x01, 0x80, 0x01, 0x89, 0x40, 0x22, 0x11, 0x43,
	0x01, 0x81, 0x70, 0x47, 0x00, 0x48, 0x00, 0x40,
	0x70, 0xb5, 0x0b, 0x4d, 0x2c, 0x89, 0x0c, 0x20,
	0x84, 0x43, 0x2c, 0x81, 0xa0, 0x07, 0x05, 0xd5,
	0xa8, 0x88, 0x80, 0x07, 0x02, 0xd5, 0x01, 0x20,
	0x02, 0xf0, 0xcc, 0xfa, 0xe0, 0x07, 0x05, 0xd0,
	0xa8, 0x88, 0xc0, 0x07, 0x02, 0xd0, 0x00, 0x20,
	0x02, 0xf0, 0xc4, 0xfa, 0x70, 0xbd, 0x00, 0x00,
	0x00, 0x46, 0x00, 0x40, 0xf1, 0xb5, 0x00, 0x26,
	0x33, 0x4d, 0x82, 0xb0, 0x01, 0x27, 0x6e, 0x75,
	0xaf, 0x75, 0x32, 0x4c, 0x2e, 0x76, 0xf0, 0x20,
	0x60, 0x77, 0x3c, 0x20, 0xff, 0xf7, 0xbe, 0xf8,
	0x6e, 0x76, 0xef, 0x75, 0xae, 0x76, 0x02, 0x99,
	0x16, 0x22, 0x08, 0x46, 0x18, 0x30, 0x00, 0x90,
	0x28, 0x46, 0x1c, 0x30, 0x89, 0x1c, 0xfc, 0xf7,
	0x59, 0xf8, 0x28, 0x46, 0x16, 0x22, 0x32, 0x30,
	0x00, 0x99, 0xfc, 0xf7, 0x53, 0xf8, 0x06, 0x20,
	0x03, 0xf0, 0x1e, 0xfa, 0x44, 0x20, 0x60, 0x70,
	0xbf, 0x20, 0x20, 0x76, 0xa0, 0x89, 0x38, 0x43,
	0xa0, 0x81, 0x29, 0x7e, 0xa8, 0x7d, 0x02, 0xf0,
	0xb9, 0xfa, 0x1f, 0x48, 0x81, 0x89, 0x09, 0x0a,
	0x09, 0x02, 0x11, 0x31, 0x81, 0x81, 0x1b, 0x48,
	0x60, 0x30, 0x46, 0x70, 0x06, 0x70, 0xc4, 0x20,
	0x20, 0x81, 0x01, 0xf0, 0x6f, 0xfe, 0x19, 0x48,
	0x81, 0x8b, 0x80, 0x22, 0x91, 0x43, 0x81, 0x83,
	0x16, 0x49, 0x20, 0x20, 0x20, 0x39, 0x88, 0x81,
	0x12, 0x48, 0x20, 0x30, 0x81, 0x8a, 0x10, 0x22,
	0x91, 0x43, 0x81, 0x82, 0x0f, 0x48, 0x40, 0x30,
	0x01, 0x88, 0xb9, 0x43, 0x01, 0x80, 0x20, 0x78,
	0x15, 0x21, 0x08, 0x43, 0x20, 0x70, 0x20, 0x78,
	0xf7, 0x21, 0x08, 0x40, 0x20, 0x70, 0x09, 0x48,
	0x20, 0x38, 0x01, 0x89, 0x01, 0x81, 0x0b, 0x4a,
	0x09, 0x49, 0xd1, 0x64, 0x0a, 0x4a, 0x79, 0x04,
	0x11, 0x60, 0x0a, 0x4a, 0x11, 0x60, 0x07, 0x80,
	0xc0, 0x46, 0xc0, 0x46, 0xfe, 0xbd, 0x00, 0x00,
	0x00, 0x0d, 0x00, 0x20, 0x20, 0x46, 0x00, 0x40,
	0xc0, 0x5c, 0x00, 0x40, 0x20, 0x48, 0x00, 0x40,
	0xe9, 0x3f, 0x00, 0x00, 0x00, 0x0a, 0x00, 0x20,
	0x80, 0xe2, 0x00, 0xe0, 0x00, 0xe1, 0x00, 0xe0,
	0x06, 0x48, 0x80, 0x89, 0x11, 0x21, 0x89, 0x02,
	0x08, 0x40, 0x01, 0x21, 0x89, 0x02, 0x88, 0x42,
	0x01, 0xd1, 0x01, 0x20, 0x70, 0x47, 0x00, 0x20,
	0x70, 0x47, 0x00, 0x00, 0xc0, 0x5c, 0x00, 0x40,
	0x10, 0xb5, 0x00, 0xf0, 0x7d, 0xf9, 0x01, 0x46,
	0x0a, 0x48, 0x16, 0x22, 0x80, 0x7d, 0x50, 0x43,
	0x09, 0x4a, 0x80, 0x18, 0x03, 0x22, 0x12, 0x02,
	0x80, 0x18, 0xc0, 0x8b, 0xff, 0xf7, 0x56, 0xfe,
	0x40, 0x20, 0x03, 0xf0, 0xa3, 0xf8, 0x00, 0x22,
	0x0a, 0x21, 0x04, 0x48, 0x03, 0xf0, 0x12, 0xfa,
	0x10, 0xbd, 0x00, 0x00, 0x00, 0x0d, 0x00, 0x20,
	0x00, 0x0a, 0x00, 0x20, 0xd1, 0x3f, 0x00, 0x00,
	0x01, 0x49, 0x01, 0x20, 0x08, 0x75, 0x70, 0x47,
	0x00, 0x0d, 0x00, 0x20, 0x03, 0x49, 0x8a, 0x69,
	0xc0, 0x23, 0x9a, 0x43, 0x80, 0x01, 0x02, 0x43,
	0x8a, 0x61, 0x70, 0x47, 0x00, 0x00, 0x00, 0x20,
	0x01, 0x48, 0x00, 0x7e, 0x70, 0x47, 0x00, 0x00,
	0x00, 0x0d, 0x00, 0x20, 0x05, 0x48, 0x16, 0x21,
	0x80, 0x7d, 0x48, 0x43, 0x04, 0x49, 0x40, 0x18,
	0x03, 0x21, 0x09, 0x02, 0x40, 0x18, 0x80, 0x8c,
	0x70, 0x47, 0x00, 0x00, 0x00, 0x0d, 0x00, 0x20,
	0x00, 0x0a, 0x00, 0x20, 0x10, 0xb5, 0x16, 0x24,
	0x60, 0x43, 0x04, 0x4c, 0x04, 0x19, 0x03, 0x20,
	0x00, 0x02, 0x20, 0x18, 0x01, 0x84, 0x42, 0x84,
	0x83, 0x84, 0x10, 0xbd, 0x00, 0x0a, 0x00, 0x20,
	0x10, 0xb5, 0x20, 0x20, 0xfd, 0xf7, 0x98, 0xfb,
	0x10, 0xbd, 0x70, 0x47, 0x70, 0xb5, 0x04, 0x46,
	0x21, 0x4a, 0x00, 0x20, 0x90, 0x65, 0xd0, 0x65,
	0x10, 0x66, 0x50, 0x66, 0x10, 0x46, 0x40, 0x30,
	0x81, 0x77, 0x21, 0x69, 0x11, 0x66, 0xe1, 0x7b,
	0x01, 0x77, 0xa1, 0x7b, 0x41, 0x77, 0x21, 0x88,
	0x81, 0x84, 0x20, 0x88, 0x50, 0x21, 0x48, 0x43,
	0x7d, 0x21, 0xc9, 0x00, 0xfb, 0xf7, 0x4c, 0xff,
	0x40, 0x1e, 0x80, 0x05, 0x15, 0x49, 0x80, 0x0d,
	0x08, 0x81, 0x15, 0x49, 0x08, 0x88, 0x80, 0x22,
	0x90, 0x43, 0x62, 0x7b, 0xd2, 0x01, 0x10, 0x43,
	0x08, 0x80, 0x60, 0x88, 0x02, 0xf0, 0x9c, 0xff,
	0x20, 0x7b, 0x0f, 0x4d, 0x40, 0x1e, 0x40, 0x07,
	0x40, 0x0f, 0xc0, 0x3d, 0xa8, 0x83, 0x0d, 0x4e,
	0x61, 0x68, 0x30, 0x46, 0xfb, 0xf7, 0x30, 0xff,
	0xa9, 0x8b, 0x49, 0x1c, 0x48, 0x43, 0x28, 0x81,
	0x30, 0x46, 0xa1, 0x68, 0xfb, 0xf7, 0x28, 0xff,
	0xa9, 0x8b, 0x49, 0x1c, 0x48, 0x43, 0xa8, 0x81,
	0x01, 0x20, 0x02, 0xf0, 0x6d, 0xff, 0x70, 0xbd,
	0x00, 0x0a, 0x00, 0x20, 0x00, 0x5b, 0x00, 0x40,
	0xe0, 0x5c, 0x00, 0x40, 0x00, 0xb4, 0xc4, 0x04,
	0x38, 0xb5, 0x15, 0x4c, 0x05, 0x46, 0xa1, 0x7f,
	0x68, 0x46, 0x01, 0x70, 0x13, 0x49, 0x08, 0x89,
	0x28, 0x22, 0x02, 0x40, 0x0a, 0x81, 0x22, 0x46,
	0x6b, 0x46, 0x18, 0x32, 0x03, 0x21, 0x00, 0xf0,
	0xdd, 0xf8, 0x68, 0x46, 0xa1, 0x7f, 0x00, 0x78,
	0x81, 0x42, 0x06, 0xd0, 0x21, 0x46, 0xa0, 0x77,
	0x40, 0x39, 0x09, 0x6e, 0x00, 0x29, 0x00, 0xd0,
	0x88, 0x47, 0x7d, 0x21, 0x68, 0x08, 0x89, 0x01,
	0x07, 0x4a, 0x88, 0x42, 0x01, 0xd9, 0x08, 0x46,
	0x02, 0xe0, 0x90, 0x42, 0x00, 0xd2, 0x10, 0x46,
	0x02, 0xf0, 0x4e, 0xff, 0x38, 0xbd, 0x00, 0x00,
	0x40, 0x0a, 0x00, 0x20, 0x00, 0x5c, 0x00, 0x40,
	0xdc, 0x05, 0x00, 0x00, 0x01, 0x48, 0x80, 0x7f,
	0x70, 0x47, 0x00, 0x00, 0x40, 0x0a, 0x00, 0x20,
	0x70, 0xb5, 0x04, 0x46, 0x24, 0x4a, 0x00, 0x20,
	0x90, 0x66, 0xd0, 0x66, 0x10, 0x67, 0x50, 0x67,
	0x10, 0x46, 0x60, 0x30, 0x81, 0x73, 0x61, 0x69,
	0x11, 0x67, 0x61, 0x7c, 0x01, 0x73, 0x21, 0x7c,
	0x41, 0x73, 0x21, 0x88, 0x20, 0x38, 0x1d, 0x4d,
	0x81, 0x86, 0x28, 0x88, 0x30, 0x21, 0x88, 0x43,
	0x28, 0x80, 0xff, 0x21, 0x60, 0x88, 0x91, 0x31,
	0xfb, 0xf7, 0xc2, 0xfe, 0x80, 0x07, 0x29, 0x88,
	0x80, 0x0e, 0x08, 0x43, 0x28, 0x80, 0x20, 0x88,
	0x50, 0x21, 0x48, 0x43, 0x7d, 0x21, 0xc9, 0x00,
	0xfb, 0xf7, 0xb6, 0xfe, 0x40, 0x1e, 0x80, 0x05,
	0x11, 0x49, 0x80, 0x0d, 0x88, 0x80, 0x20, 0x79,
	0x0e, 0x4d, 0x40, 0x1e, 0x40, 0x07, 0x40, 0x0f,
	0xc0, 0x3d, 0xa8, 0x83, 0x0d, 0x4e, 0xa1, 0x68,
	0x30, 0x46, 0xfb, 0xf7, 0xa5, 0xfe, 0xa9, 0x8b,
	0x49, 0x1c, 0x48, 0x43, 0x28, 0x81, 0x30, 0x46,
	0xe1, 0x68, 0xfb, 0xf7, 0x9d, 0xfe, 0xa9, 0x8b,
	0x49, 0x1c, 0x48, 0x43, 0xa8, 0x81, 0x01, 0x20,
	0x02, 0xf0, 0xe2, 0xfe, 0x70, 0xbd, 0x00, 0x00,
	0x00, 0x0a, 0x00, 0x20, 0xe0, 0x5c, 0x00, 0x40,
	0x00, 0x5b, 0x00, 0x40, 0x00, 0xb4, 0xc4, 0x04,
	0x10, 0xb5, 0x07, 0x48, 0x81, 0x8b, 0x06, 0x48,
	0xa0, 0x30, 0x00, 0x8b, 0x49, 0x1c, 0xfb, 0xf7,
	0x83, 0xfe, 0x7d, 0x21, 0xc9, 0x00, 0x48, 0x43,
	0x50, 0x21, 0xfb, 0xf7, 0x7d, 0xfe, 0x10, 0xbd,
	0x20, 0x5c, 0x00, 0x40, 0x38, 0xb5, 0x0e, 0x4c,
	0x68, 0x46, 0xa1, 0x7b, 0x01, 0x70, 0x0d, 0x49,
	0x08, 0x89, 0x50, 0x22, 0x02, 0x40, 0x0a, 0x81,
	0x22, 0x46, 0x6b, 0x46, 0x08, 0x32, 0x04, 0x21,
	0x00, 0xf0, 0x40, 0xf8, 0x68, 0x46, 0xa1, 0x7b,
	0x00, 0x78, 0x81, 0x42, 0x06, 0xd0, 0x21, 0x46,
	0xa0, 0x73, 0x60, 0x39, 0x09, 0x6f, 0x00, 0x29,
	0x00, 0xd0, 0x88, 0x47, 0x38, 0xbd, 0x00, 0x00,
	0x60, 0x0a, 0x00, 0x20, 0x00, 0x5c, 0x00, 0x40,
	0x06, 0x48, 0x00, 0x21, 0x81, 0x73, 0x01, 0x72,
	0x41, 0x72, 0x81, 0x72, 0xc1, 0x72, 0x04, 0x48,
	0x01, 0x89, 0x50, 0x22, 0x11, 0x40, 0x01, 0x81,
	0x70, 0x47, 0x00, 0x00, 0x60, 0x0a, 0x00, 0x20,
	0x00, 0x5c, 0x00, 0x40, 0x01, 0x48, 0x80, 0x7b,
	0x70, 0x47, 0x00, 0x00, 0x60, 0x0a, 0x00, 0x20,
	0x10, 0xb5, 0xff, 0xf7, 0xb1, 0xff, 0x05, 0x49,
	0x80, 0xb2, 0xca, 0x8f, 0x82, 0x42, 0x00, 0xd2,
	0x10, 0x46, 0x89, 0x8f, 0x81, 0x42, 0x00, 0xd9,
	0x08, 0x46, 0x10, 0xbd, 0x80, 0x0a, 0x00, 0x20,
	0x01, 0x4a, 0x90, 0x87, 0xd1, 0x87, 0x70, 0x47,
	0x80, 0x0a, 0x00, 0x20, 0xf0, 0xb5, 0x8c, 0x46,
	0x00, 0x24, 0x01, 0x46, 0x26, 0x46, 0x65, 0x00,
	0x60, 0x46, 0x2f, 0x18, 0x01, 0x25, 0x28, 0x46,
	0xb8, 0x40, 0x08, 0x42, 0x0d, 0xd0, 0x10, 0x5d,
	0x17, 0x19, 0x40, 0x1c, 0xc0, 0xb2, 0x10, 0x55,
	0xbe, 0x70, 0x3f, 0x79, 0xb8, 0x42, 0x14, 0xd3,
	0x16, 0x55, 0x18, 0x78, 0xa5, 0x40, 0x28, 0x43,
	0x0e, 0xe0, 0x16, 0x55, 0x10, 0x19, 0x87, 0x78,
	0x86, 0x46, 0x7f, 0x1c, 0xff, 0xb2, 0x87, 0x70,
	0x00, 0x79, 0x87, 0x42, 0x05, 0xd3, 0x70, 0x46,
	0x86, 0x70, 0x18, 0x78, 0xa5, 0x40, 0xa8, 0x43,
	0x18, 0x70, 0x64, 0x1c, 0xe4, 0xb2, 0x02, 0x2c,
	0xd5, 0xd3, 0xf0, 0xbd, 0x30, 0xb5, 0x13, 0x49,
	0x12, 0x4a, 0x20, 0x31, 0x08, 0x23, 0x02, 0x24,
	0x01, 0x28, 0x90, 0x8a, 0x09, 0xd0, 0x80, 0x08,
	0x80, 0x00, 0x90, 0x82, 0x08, 0x89, 0x18, 0x43,
	0x08, 0x81, 0x08, 0x89, 0xa0, 0x43, 0x08, 0x81,
	0x30, 0xbd, 0x03, 0x25, 0x28, 0x43, 0x90, 0x82,
	0x08, 0x89, 0x98, 0x43, 0x08, 0x81, 0x08, 0x89,
	0x20, 0x43, 0x08, 0x81, 0x06, 0x48, 0x80, 0x8a,
	0x80, 0x06, 0xf1, 0xd0, 0x03, 0x48, 0x60, 0x38,
	0x01, 0x88, 0x01, 0x22, 0x11, 0x43, 0x01, 0x80,
	0x30, 0xbd, 0x00, 0x00, 0xa0, 0x5c, 0x00, 0x40,
	0x40, 0x5a, 0x00, 0x40, 0x04, 0x48, 0x80, 0x8a,
	0x80, 0x07, 0x80, 0x0f, 0x02, 0x28, 0x01, 0xd3,
	0x01, 0x20, 0x70, 0x47, 0x00, 0x20, 0x70, 0x47,
	0xa0, 0x5c, 0x00, 0x40, 0x10, 0xb5, 0x2a, 0x20,
	0x02, 0xf0, 0xb6, 0xff, 0x05, 0x49, 0x04, 0x48,
	0x08, 0x62, 0x05, 0x49, 0x10, 0x20, 0x08, 0x60,
	0x04, 0x49, 0x08, 0x60, 0x10, 0xbd, 0x00, 0x00,
	0xd9, 0x4c, 0x00, 0x00, 0x00, 0x0a, 0x00, 0x20,
	0x80, 0xe2, 0x00, 0xe0, 0x00, 0xe1, 0x00, 0xe0,
	0x70, 0xb5, 0x04, 0x46, 0x0c, 0x20, 0x0e, 0x4d,
	0x60, 0x43, 0x45, 0x19, 0x28, 0x46, 0x80, 0x30,
	0x04, 0x9e, 0x46, 0x64, 0x03, 0x64, 0x08, 0x46,
	0x14, 0x21, 0x48, 0x43, 0xc0, 0x35, 0x7d, 0x21,
	0x2a, 0x72, 0xc9, 0x00, 0xfb, 0xf7, 0x98, 0xfd,
	0x06, 0x4a, 0x00, 0x23, 0x21, 0x01, 0x89, 0x18,
	0x0b, 0x83, 0x88, 0x83, 0x01, 0x20, 0xa0, 0x40,
	0x10, 0x72, 0x03, 0x20, 0x08, 0x82, 0x70, 0xbd,
	0x00, 0x0a, 0x00, 0x20, 0x00, 0x6c, 0x00, 0x40,
	0x02, 0x4a, 0x00, 0x21, 0x00, 0x01, 0x80, 0x18,
	0x01, 0x82, 0x70, 0x47, 0x00, 0x6c, 0x00, 0x40,
	0x01, 0x48, 0x80, 0x8a, 0x70, 0x47, 0x00, 0x00,
	0x40, 0x5a, 0x00, 0x40, 0x03, 0x49, 0x0a, 0x8a,
	0x01, 0x23, 0x83, 0x40, 0x9a, 0x43, 0x0a, 0x82,
	0x70, 0x47, 0x00, 0x00, 0x00, 0x60, 0x00, 0x40,
	0x04, 0x49, 0x89, 0x89, 0x01, 0x22, 0x82, 0x40,
	0x11, 0x42, 0x01, 0xd0, 0x01, 0x20, 0x70, 0x47,
	0x00, 0x20, 0x70, 0x47, 0x00, 0x60, 0x00, 0x40,
	0x70, 0xb5, 0x04, 0x46, 0x0d, 0x46, 0x2b, 0x20,
	0x02, 0xf0, 0x56, 0xff, 0xa8, 0x78, 0xe9, 0x78,
	0x08, 0x43, 0x29, 0x79, 0x08, 0x43, 0x0f, 0x49,
	0x04, 0x2c, 0x03, 0xd8, 0xa2, 0x00, 0x51, 0x18,
	0x48, 0x61, 0x02, 0xe0, 0x88, 0x63, 0xe4, 0x1e,
	0xe4, 0xb2, 0x0a, 0x48, 0xa0, 0x30, 0x82, 0x88,
	0x01, 0x21, 0xa1, 0x40, 0x8a, 0x43, 0x82, 0x80,
	0x82, 0x88, 0x2b, 0x78, 0xa3, 0x40, 0x1a, 0x43,
	0x82, 0x80, 0x02, 0x89, 0x8a, 0x43, 0x02, 0x81,
	0x01, 0x89, 0x6a, 0x78, 0xa2, 0x40, 0x11, 0x43,
	0x01, 0x81, 0x70, 0xbd, 0x00, 0x60, 0x00, 0x40,
	0x04, 0x49, 0x09, 0x8a, 0x01, 0x22, 0x82, 0x40,
	0x11, 0x42, 0x01, 0xd0, 0x01, 0x20, 0x70, 0x47,
	0x00, 0x20, 0x70, 0x47, 0x00, 0x60, 0x00, 0x40,
	0x03, 0x49, 0x0a, 0x8a, 0x01, 0x23, 0x83, 0x40,
	0x1a, 0x43, 0x0a, 0x82, 0x70, 0x47, 0x00, 0x00,
	0x00, 0x60, 0x00, 0x40, 0xfe, 0xe7, 0x00, 0x00,
	0x01, 0x48, 0x00, 0x68, 0xc0, 0xb2, 0x70, 0x47,
	0x00, 0x0a, 0x00, 0x20, 0x01, 0x49, 0x08, 0x60,
	0x70, 0x47, 0x00, 0x00, 0x00, 0x0a, 0x00, 0x20,
	0x01, 0x20, 0x70, 0x47, 0x10, 0xb5, 0x12, 0x4a,
	0x10, 0x88, 0x01, 0x21, 0x11, 0x80, 0xc0, 0x07,
	0x09, 0xd0, 0x10, 0x48, 0x10, 0x4b, 0x02, 0x68,
	0x9a, 0x42, 0x05, 0xd1, 0x00, 0x22, 0x02, 0x60,
	0xda, 0x43, 0x42, 0x60, 0x01, 0x72, 0x10, 0xbd,
	0x0c, 0x48, 0x01, 0x68, 0x53, 0x29, 0x08, 0xd0,
	0x01, 0x68, 0x54, 0x29, 0x08, 0xd0, 0x00, 0x68,
	0x52, 0x28, 0xf4, 0xd1, 0x00, 0xf0, 0xf6, 0xf8,
	0x10, 0xbd, 0xff, 0xf7, 0x8a, 0xfd, 0x10, 0xbd,
	0x01, 0xf0, 0x98, 0xfa, 0x10, 0xbd, 0x00, 0x00,
	0x00, 0x58, 0x00, 0x40, 0x80, 0x1f, 0x00, 0x20,
	0x0f, 0x5a, 0xa5, 0xf0, 0x00, 0x0a, 0x00, 0x20,
	0x30, 0xb5, 0x12, 0x48, 0x02, 0x8a, 0x02, 0x21,
	0x8a, 0x43, 0x02, 0x82, 0x02, 0x8a, 0x52, 0x08,
	0x52, 0x00, 0x02, 0x82, 0x0d, 0x48, 0x40, 0x38,
	0x02, 0x88, 0x01, 0x80, 0xd3, 0xb2, 0x0c, 0x48,
	0x0c, 0x4d, 0x44, 0x68, 0x00, 0x22, 0xac, 0x42,
	0x01, 0xd1, 0x42, 0x60, 0x30, 0xbd, 0x09, 0x4d,
	0x04, 0x68, 0xed, 0x43, 0xac, 0x42, 0x02, 0xd1,
	0x03, 0x21, 0x02, 0x60, 0x01, 0xe0, 0x9b, 0x07,
	0x01, 0xd5, 0x01, 0x72, 0x30, 0xbd, 0x02, 0x72,
	0x30, 0xbd, 0x00, 0x00, 0x40, 0x58, 0x00, 0x40,
	0x80, 0x1f, 0x00, 0x20, 0xf0, 0xa5, 0x5a, 0x0f,
	0x03, 0x48, 0x81, 0x89, 0x02, 0x14, 0x91, 0x43,
	0x02, 0x15, 0x11, 0x43, 0x81, 0x81, 0x70, 0x47,
	0xc0, 0x5c, 0x00, 0x40, 0x10, 0xb5, 0x01, 0x46,
	0x50, 0x20, 0xfb, 0xf7, 0xa9, 0xfc, 0x80, 0x1e,
	0xc1, 0x05, 0x09, 0x0e, 0x40, 0x1a, 0x00, 0x02,
	0x08, 0x43, 0x01, 0x49, 0x88, 0x80, 0x10, 0xbd,
	0x00, 0x5a, 0x00, 0x40, 0x01, 0x49, 0x95, 0x20,
	0x08, 0x81, 0x70, 0x47, 0x00, 0x58, 0x00, 0x40,
	0x10, 0xb5, 0x19, 0x20, 0x40, 0x01, 0x02, 0xf0,
	0xe2, 0xfe, 0x02, 0x49, 0x59, 0x20, 0x08, 0x81,
	0x10, 0xbd, 0x00, 0x00, 0x00, 0x58, 0x00, 0x40,
	0x01, 0x49, 0x59, 0x20, 0x88, 0x81, 0x70, 0x47,
	0x00, 0x58, 0x00, 0x40, 0x10, 0xb5, 0x05, 0x21,
	0x89, 0x02, 0xfb, 0xf7, 0x81, 0xfc, 0x01, 0x49,
	0x08, 0x82, 0x10, 0xbd, 0x00, 0x58, 0x00, 0x40,
	0x01, 0x4a, 0x10, 0x83, 0xd1, 0x82, 0x70, 0x47,
	0x40, 0x00, 0x00, 0x20, 0x10, 0xb5, 0x16, 0x49,
	0x16, 0x48, 0xca, 0x8b, 0x42, 0x86, 0x89, 0x8b,
	0x01, 0x86, 0x13, 0x49, 0x20, 0x31, 0x4a, 0x88,
	0xc2, 0x86, 0x09, 0x88, 0x81, 0x86, 0x03, 0x20,
	0x02, 0xf0, 0x5e, 0xfe, 0x10, 0x4c, 0x23, 0x20,
	0x20, 0x80, 0x00, 0x20, 0x20, 0x61, 0x0b, 0x20,
	0x60, 0x61, 0x01, 0x21, 0x03, 0x20, 0x02, 0xf0,
	0xe3, 0xfc, 0x0b, 0x48, 0x40, 0x30, 0x81, 0x88,
	0x03, 0x22, 0x11, 0x43, 0x81, 0x80, 0x53, 0x21,
	0x01, 0x81, 0x01, 0x89, 0x81, 0x81, 0x7d, 0x20,
	0xc0, 0x00, 0x02, 0xf0, 0xbd, 0xfc, 0x20, 0x88,
	0x80, 0x21, 0x08, 0x43, 0x20, 0x80, 0x10, 0xbd,
	0x60, 0x80, 0x00, 0x00, 0xc0, 0x0a, 0x00, 0x20,
	0x00, 0x4a, 0x00, 0x40, 0x7c, 0xb5, 0x00, 0x20,
	0x16, 0x4c, 0x00, 0x90, 0x01, 0x90, 0x0a, 0x20,
	0x02, 0xf0, 0x89, 0xfe, 0x20, 0x89, 0x41, 0x07,
	0xf9, 0xd5, 0x20, 0x81, 0x03, 0x21, 0x68, 0x46,
	0x02, 0xf0, 0xd2, 0xfc, 0x68, 0x46, 0x40, 0x88,
	0x01, 0x23, 0x82, 0x08, 0x1e, 0x02, 0x31, 0x46,
	0x0d, 0x48, 0x01, 0xf0, 0x75, 0xfa, 0x0c, 0x4d,
	0x30, 0x3d, 0x68, 0x87, 0x68, 0x46, 0x00, 0x88,
	0x01, 0x23, 0x82, 0x08, 0x28, 0x46, 0x31, 0x46,
	0x34, 0x30, 0x01, 0xf0, 0x69, 0xfa, 0x28, 0x87,
	0x29, 0x8f, 0x68, 0x8f, 0xff, 0xf7, 0x9c, 0xff,
	0x20, 0x88, 0x80, 0x21, 0x08, 0x43, 0x20, 0x80,
	0x7c, 0xbd, 0x00, 0x00, 0x00, 0x4a, 0x00, 0x40,
	0xf0, 0x0a, 0x00, 0x20, 0x10, 0xb5, 0x06, 0x4c,
	0x0a, 0x20, 0x02, 0xf0, 0x58, 0xfe, 0x20, 0x89,
	0x41, 0x07, 0xf9, 0xd5, 0x20, 0x81, 0x03, 0x20,
	0x02, 0xf0, 0xec, 0xfd, 0x10, 0xbd, 0x00, 0x00,
	0x00, 0x4a, 0x00, 0x40, 0x70, 0x47, 0x00, 0x00,
	0x70, 0xb5, 0x32, 0x4a, 0x81, 0x00, 0x89, 0x18,
	0x09, 0x68, 0x4a, 0x05, 0x55, 0x0f, 0x30, 0x22,
	0x50, 0x43, 0x2f, 0x4a, 0x80, 0x18, 0x2f, 0x4a,
	0x84, 0x18, 0x05, 0x2d, 0x15, 0xd0, 0x00, 0x20,
	0xe0, 0x60, 0x0b, 0x28, 0x04, 0xd2, 0x04, 0x28,
	0x08, 0xd3, 0x20, 0x7d, 0x00, 0x07, 0x05, 0xd4,
	0x20, 0x7d, 0x04, 0x22, 0x10, 0x43, 0xf7, 0x22,
	0x10, 0x40, 0x20, 0x75, 0x05, 0x2d, 0x07, 0xd2,
	0x20, 0x7d, 0xf3, 0x21, 0x08, 0x40, 0x20, 0x75,
	0x70, 0xbd, 0xe0, 0x68, 0x40, 0x1c, 0xe7, 0xe7,
	0x22, 0x7d, 0x21, 0x48, 0x53, 0x07, 0x26, 0xd5,
	0x06, 0x2d, 0x24, 0xd3, 0x01, 0x68, 0x1f, 0x4a,
	0x11, 0x63, 0x01, 0x68, 0x61, 0x60, 0x00, 0x68,
	0x20, 0x60, 0x20, 0x7d, 0xfb, 0x21, 0x08, 0x40,
	0x08, 0x21, 0x08, 0x43, 0x20, 0x75, 0x00, 0x20,
	0x60, 0x75, 0xa0, 0x75, 0x06, 0x2d, 0x08, 0xd0,
	0x21, 0x7d, 0x01, 0x22, 0x11, 0x43, 0x21, 0x75,
	0x03, 0x21, 0x09, 0x02, 0x21, 0x82, 0x60, 0x82,
	0x70, 0xbd, 0x20, 0x7d, 0x03, 0x21, 0x08, 0x43,
	0x20, 0x75, 0x01, 0x20, 0x40, 0x02, 0x20, 0x82,
	0x11, 0x20, 0x40, 0x02, 0xf3, 0xe7, 0x12, 0x07,
	0xf2, 0xd5, 0x00, 0x68, 0x20, 0x60, 0x07, 0x48,
	0x40, 0x38, 0x01, 0x82, 0x29, 0x46, 0x01, 0x22,
	0x20, 0x46, 0x00, 0xf0, 0x11, 0xf8, 0x29, 0x46,
	0x02, 0x22, 0x20, 0x46, 0x00, 0xf0, 0x0c, 0xf8,
	0x70, 0xbd, 0x00, 0x00, 0x80, 0x42, 0x00, 0x40,
	0x00, 0x0a, 0x00, 0x20, 0x5c, 0x06, 0x00, 0x00,
	0x64, 0x12, 0x00, 0x20, 0x00, 0x10, 0x00, 0x20,
	0x70, 0xb5, 0x15, 0x46, 0x02, 0x7d, 0x04, 0x46,
	0x2a, 0x42, 0x0a, 0xd0, 0x68, 0x08, 0x40, 0x00,
	0x00, 0x19, 0x10, 0x30, 0x07, 0x29, 0x05, 0xd1,
	0x01, 0x88, 0x89, 0x04, 0x02, 0xd5, 0xaa, 0x43,
	0x22, 0x75, 0x70, 0xbd, 0x0c, 0x49, 0x02, 0x88,
	0x8a, 0x82, 0x09, 0x8b, 0x01, 0x80, 0x88, 0xb2,
	0x01, 0x04, 0xf6, 0xd5, 0xc1, 0x04, 0x0a, 0xd5,
	0xc1, 0xb2, 0x20, 0x46, 0x00, 0xf0, 0x2e, 0xf8,
	0xea, 0x07, 0x20, 0x7d, 0xd2, 0x0f, 0x01, 0x21,
	0x91, 0x40, 0x88, 0x43, 0x01, 0xe0, 0x20, 0x7d,
	0xa8, 0x43, 0x20, 0x75, 0x70, 0xbd, 0x00, 0x00,
	0x40, 0x42, 0x00, 0x40, 0xf0, 0xb5, 0x03, 0x25,
	0x00, 0x20, 0x6d, 0x02, 0x0b, 0x4e, 0x0c, 0x4a,
	0x33, 0x21, 0x49, 0x01, 0x30, 0x23, 0x43, 0x43,
	0x9b, 0x18, 0x5c, 0x18, 0x27, 0x7c, 0x3f, 0x07,
	0x07, 0xd5, 0x5b, 0x19, 0xdb, 0x6d, 0x37, 0x68,
	0xdb, 0x1c, 0xbb, 0x42, 0x01, 0xd2, 0x00, 0x23,
	0x23, 0x74, 0x40, 0x1c, 0xc0, 0xb2, 0x08, 0x28,
	0xec, 0xd3, 0xf0, 0xbd, 0x64, 0x12, 0x00, 0x20,
	0x00, 0x0a, 0x00, 0x20, 0x70, 0xb5, 0x04, 0x46,
	0x40, 0x7d, 0x00, 0x26, 0x0d, 0x46, 0x16, 0x28,
	0x09, 0xd2, 0x00, 0x28, 0x0c, 0xd1, 0x08, 0x46,
	0x02, 0xf0, 0x71, 0xfd, 0xc0, 0xb2, 0x00, 0x2d,
	0x01, 0xd0, 0x16, 0x28, 0x01, 0xd9, 0x26, 0x75,
	0x70, 0xbd, 0x80, 0x1c, 0xe0, 0x75, 0x26, 0x76,
	0x60, 0x7d, 0x22, 0x46, 0x41, 0x1c, 0x19, 0x32,
	0x61, 0x75, 0x85, 0x54, 0xa0, 0x7d, 0x68, 0x40,
	0xa0, 0x75, 0x61, 0x7d, 0xe2, 0x7d, 0x91, 0x42,
	0xee, 0xd1, 0x26, 0x75, 0x00, 0x28, 0xeb, 0xd1,
	0x05, 0x48, 0x00, 0x68, 0xa0, 0x60, 0x01, 0x20,
	0x20, 0x76, 0x00, 0x22, 0x02, 0x21, 0x03, 0x48,
	0x02, 0xf0, 0x78, 0xfd, 0x70, 0xbd, 0x00, 0x00,
	0x64, 0x12, 0x00, 0x20, 0xa1, 0x4a, 0x00, 0x00,
	0x70, 0xb5, 0x00, 0xf0, 0x51, 0xf8, 0x04, 0x00,
	0x27, 0xd4, 0x00, 0xf0, 0x31, 0xf8, 0x30, 0x20,
	0x44, 0x43, 0x12, 0x48, 0x24, 0x18, 0x33, 0x20,
	0x40, 0x01, 0x20, 0x18, 0xc2, 0x7c, 0x10, 0x48,
	0x21, 0x18, 0x10, 0x48, 0x05, 0x46, 0xfb, 0xf7,
	0x1d, 0xfb, 0x03, 0x20, 0x0d, 0x49, 0x40, 0x02,
	0x20, 0x18, 0x18, 0x39, 0x42, 0x6e, 0x4b, 0x6b,
	0xd2, 0x1a, 0x8a, 0x63, 0x42, 0x6e, 0x4a, 0x63,
	0x00, 0x6e, 0x08, 0x63, 0x28, 0x46, 0x00, 0xf0,
	0x7f, 0xfc, 0x00, 0xf0, 0x75, 0xfe, 0x28, 0x46,
	0x00, 0xf0, 0x9c, 0xf9, 0x28, 0x46, 0x00, 0xf0,
	0x07, 0xf8, 0x70, 0xbd, 0x00, 0x0a, 0x00, 0x20,
	0x75, 0x06, 0x00, 0x00, 0x18, 0x10, 0x00, 0x20,
	0x10, 0xb5, 0xfd, 0xf7, 0xbf, 0xf9, 0x10, 0xbd,
	0x30, 0xb5, 0x0b, 0x49, 0x00, 0x22, 0x8a, 0x82,
	0x0a, 0x4b, 0x33, 0x24, 0x10, 0x46, 0x64, 0x01,
	0x30, 0x25, 0x45, 0x43, 0xed, 0x18, 0x2d, 0x19,
	0x40, 0x1c, 0x2a, 0x75, 0xc0, 0xb2, 0x2a, 0x74,
	0x08, 0x28, 0xf5, 0xd3, 0x08, 0x8a, 0x08, 0x82,
	0xff, 0x20, 0x88, 0x82, 0x30, 0xbd, 0x00, 0x00,
	0x00, 0x42, 0x00, 0x40, 0x00, 0x0a, 0x00, 0x20,
	0xf8, 0xb5, 0x20, 0x21, 0x1e, 0x48, 0xfb, 0xf7,
	0xf2, 0xfa, 0x1e, 0x4c, 0x00, 0x20, 0x1d, 0x4f,
	0x1d, 0x4a, 0x20, 0x3c, 0x30, 0x21, 0x41, 0x43,
	0x89, 0x18, 0xc9, 0x19, 0x0b, 0x7e, 0x00, 0x2b,
	0x15, 0xd0, 0x4d, 0x7e, 0x00, 0x23, 0x99, 0x00,
	0x89, 0x18, 0x09, 0x19, 0x0e, 0x88, 0x00, 0x2e,
	0x05, 0xd0, 0xae, 0x42, 0x07, 0xd1, 0xcb, 0x78,
	0x5b, 0x1c, 0xcb, 0x70, 0x07, 0xe0, 0x0d, 0x80,
	0x88, 0x70, 0x01, 0x23, 0xf9, 0xe7, 0x5b, 0x1c,
	0xdb, 0xb2, 0x08, 0x2b, 0xeb, 0xd3, 0x40, 0x1c,
	0xc0, 0xb2, 0x08, 0x28, 0xde, 0xd3, 0x00, 0x20,
	0xc0, 0x43, 0x00, 0x23, 0x19, 0x46, 0x8d, 0x00,
	0xad, 0x18, 0x2d, 0x19, 0x2e, 0x88, 0x00, 0x2e,
	0x09, 0xd0, 0xee, 0x78, 0x9e, 0x42, 0x02, 0xd9,
	0x02, 0x20, 0x28, 0x56, 0x33, 0x46, 0x49, 0x1c,
	0xc9, 0xb2, 0x08, 0x29, 0xef, 0xd3, 0xf8, 0xbd,
	0x3c, 0x10, 0x00, 0x20, 0x5c, 0x06, 0x00, 0x00,
	0x00, 0x0a, 0x00, 0x20, 0xf8, 0xb5, 0x09, 0x4e,
	0x35, 0x8a, 0x35, 0x82, 0x00, 0x24, 0x01, 0x27,
	0xb1, 0x8a, 0x38, 0x46, 0xa0, 0x40, 0x28, 0x40,
	0x01, 0x42, 0x02, 0xd0, 0x20, 0x46, 0xff, 0xf7,
	0x63, 0xfe, 0x64, 0x1c, 0xe4, 0xb2, 0x08, 0x2c,
	0xf2, 0xd3, 0xf8, 0xbd, 0x00, 0x42, 0x00, 0x40,
	0x70, 0xb5, 0xff, 0x21, 0xc5, 0x31, 0x21, 0x48,
	0xfb, 0xf7, 0x95, 0xfa, 0x01, 0x22, 0x02, 0x21,
	0x1f, 0x48, 0x02, 0xf0, 0xb7, 0xfc, 0x02, 0x20,
	0x02, 0xf0, 0x42, 0xfc, 0x1e, 0x48, 0x1d, 0x49,
	0x01, 0x82, 0x01, 0x24, 0x84, 0x82, 0xff, 0x20,
	0x1c, 0x4a, 0x04, 0x30, 0x90, 0x80, 0x1b, 0x48,
	0x13, 0x21, 0x40, 0x30, 0x41, 0x71, 0x18, 0x21,
	0x01, 0x71, 0x41, 0x23, 0x17, 0x49, 0xdb, 0x00,
	0x60, 0x31, 0x8b, 0x82, 0x22, 0x23, 0x8b, 0x83,
	0x66, 0x23, 0x03, 0x80, 0x13, 0x48, 0x07, 0x23,
	0x20, 0x30, 0x03, 0x70, 0x0f, 0x23, 0x43, 0x70,
	0x19, 0x25, 0x05, 0x71, 0x23, 0x25, 0x45, 0x71,
	0x30, 0x25, 0x05, 0x81, 0x0b, 0x72, 0x4b, 0x72,
	0xff, 0x20, 0x90, 0x82, 0x80, 0x20, 0x10, 0x80,
	0x0c, 0x49, 0x0b, 0x48, 0xc8, 0x63, 0x0c, 0x49,
	0x50, 0x14, 0x08, 0x60, 0x0b, 0x49, 0x08, 0x60,
	0x07, 0x20, 0x02, 0xf0, 0x0d, 0xfc, 0x0a, 0x48,
	0x44, 0x76, 0x70, 0xbd, 0x18, 0x10, 0x00, 0x20,
	0xf5, 0x49, 0x00, 0x00, 0x39, 0x70, 0x00, 0x00,
	0x60, 0x5c, 0x00, 0x40, 0x00, 0x42, 0x00, 0x40,
	0xd5, 0x4b, 0x00, 0x00, 0x00, 0x0a, 0x00, 0x20,
	0x80, 0xe2, 0x00, 0xe0, 0x00, 0xe1, 0x00, 0xe0,
	0x60, 0x48, 0x00, 0x40, 0x01, 0x48, 0x80, 0x6b,
	0x70, 0x47, 0x00, 0x00, 0x00, 0x10, 0x00, 0x20,
	0x01, 0x48, 0x40, 0x6b, 0x70, 0x47, 0x00, 0x00,
	0x00, 0x10, 0x00, 0x20, 0x01, 0x48, 0x00, 0x6b,
	0x70, 0x47, 0x00, 0x00, 0x00, 0x10, 0x00, 0x20,
	0x70, 0xb5, 0x00, 0x24, 0x0e, 0x4e, 0x01, 0x25,
	0x31, 0x7a, 0x28, 0x46, 0xa0, 0x40, 0x01, 0x42,
	0x11, 0xd0, 0x30, 0x72, 0x0c, 0x20, 0x0b, 0x49,
	0x60, 0x43, 0x40, 0x18, 0xc0, 0x30, 0x01, 0x7a,
	0x00, 0x29, 0x03, 0xd0, 0x00, 0x21, 0x22, 0x01,
	0x92, 0x19, 0x11, 0x82, 0x01, 0x68, 0x00, 0x29,
	0x01, 0xd0, 0x40, 0x68, 0x88, 0x47, 0x64, 0x1c,
	0xe4, 0xb2, 0x04, 0x2c, 0xe4, 0xd3, 0x70, 0xbd,
	0x00, 0x6c, 0x00, 0x40, 0x00, 0x0a, 0x00, 0x20,
	0x10, 0xb5, 0x06, 0x49, 0x8a, 0x89, 0x06, 0x48,
	0x02, 0x70, 0x0a, 0x89, 0x42, 0x70, 0x02, 0x78,
	0x8a, 0x81, 0x42, 0x78, 0x0a, 0x81, 0x00, 0xf0,
	0x1b, 0xfc, 0x10, 0xbd, 0x00, 0x50, 0x00, 0x40,
	0x20, 0x12, 0x00, 0x20, 0x02, 0x49, 0x01, 0x48,
	0x08, 0x61, 0x70, 0x47, 0x21, 0x4d, 0x00, 0x00,
	0x00, 0x0a, 0x00, 0x20, 0x10, 0xb5, 0x04, 0x49,
	0x01, 0x22, 0x0a, 0x77, 0x4a, 0x77, 0x00, 0x22,
	0xca, 0x83, 0x00, 0xf0, 0x35, 0xf8, 0x10, 0xbd,
	0xc0, 0x11, 0x00, 0x20, 0x70, 0xb5, 0x05, 0x46,
	0x00, 0xf0, 0x38, 0xf8, 0x04, 0x46, 0xa8, 0x42,
	0x23, 0xd9, 0x00, 0x20, 0x12, 0x4a, 0x1f, 0x23,
	0x01, 0x46, 0x9b, 0x01, 0x8e, 0x00, 0xb6, 0x18,
	0xf6, 0x18, 0xf6, 0x8c, 0xa6, 0x42, 0x04, 0xd9,
	0x88, 0x00, 0x80, 0x18, 0xc0, 0x18, 0x80, 0x8c,
	0x02, 0xe0, 0x49, 0x1c, 0x0f, 0x29, 0xf1, 0xd3,
	0x28, 0x18, 0xa0, 0x42, 0x0d, 0xd2, 0x09, 0x48,
	0xc1, 0x8b, 0x02, 0x46, 0x49, 0x1c, 0x89, 0xb2,
	0xc1, 0x83, 0x20, 0x32, 0x12, 0x78, 0x91, 0x42,
	0x03, 0xd9, 0x00, 0x21, 0xc1, 0x83, 0x00, 0xf0,
	0x1d, 0xf8, 0x20, 0x46, 0x70, 0xbd, 0x00, 0x00,
	0x00, 0x0a, 0x00, 0x20, 0xc0, 0x11, 0x00, 0x20,
	0x10, 0xb5, 0x01, 0x46, 0x40, 0x22, 0x02, 0x48,
	0xfb, 0xf7, 0x94, 0xf9, 0x10, 0xbd, 0x00, 0x00,
	0xe0, 0x11, 0x00, 0x20, 0x10, 0xb5, 0x04, 0x49,
	0xc8, 0x89, 0x89, 0x89, 0x48, 0x43, 0x7d, 0x21,
	0xc9, 0x00, 0xfb, 0xf7, 0x5d, 0xf9, 0x10, 0xbd,
	0x00, 0x10, 0x00, 0x20, 0x10, 0xb5, 0x06, 0x48,
	0x00, 0x7e, 0xc0, 0x07, 0x07, 0xd0, 0x00, 0x21,
	0x0d, 0x20, 0xfd, 0xf7, 0x43, 0xfb, 0x00, 0x21,
	0x01, 0x20, 0xfc, 0xf7, 0x8f, 0xfe, 0x10, 0xbd,
	0x50, 0x03, 0x00, 0x20, 0x02, 0x4a, 0x10, 0x77,
	0x51, 0x77, 0x00, 0x20, 0xd0, 0x83, 0x70, 0x47,
	0xc0, 0x11, 0x00, 0x20, 0x10, 0xb5, 0x06, 0x4c,
	0x20, 0x7f, 0x01, 0x28, 0x07, 0xd1, 0x00, 0xf0,
	0xd5, 0xfc, 0x00, 0x28, 0x03, 0xd0, 0x00, 0xf0,
	0xc5, 0xf8, 0x00, 0x20, 0x20, 0x77, 0x10, 0xbd,
	0xe0, 0x0d, 0x00, 0x20, 0xf8, 0xb5, 0x07, 0x46,
	0x16, 0x20, 0x48, 0x43, 0x40, 0x05, 0x0d, 0x46,
	0x06, 0x0e, 0x14, 0x46, 0x07, 0x21, 0x18, 0x46,
	0xfb, 0xf7, 0x26, 0xf9, 0xa9, 0x07, 0x0a, 0x4a,
	0x89, 0x0f, 0x89, 0x18, 0x89, 0x79, 0x00, 0x29,
	0x04, 0xd0, 0x40, 0x1c, 0x8c, 0x40, 0xb9, 0x5d,
	0xc0, 0xb2, 0x0c, 0x43, 0x00, 0x21, 0x04, 0xe0,
	0x72, 0x18, 0xbc, 0x54, 0x24, 0x0a, 0x49, 0x1c,
	0xc9, 0xb2, 0x81, 0x42, 0xf8, 0xd3, 0xf8, 0xbd,
	0xec, 0x7a, 0x00, 0x00, 0xf0, 0xb5, 0x05, 0x46,
	0x00, 0x20, 0x04, 0x46, 0x09, 0x4e, 0x0e, 0xe0,
	0xcb, 0x07, 0x2f, 0x78, 0x9b, 0x0f, 0xbf, 0x19,
	0x9b, 0x1c, 0xfb, 0x5c, 0x49, 0x08, 0x9f, 0x07,
	0xff, 0x0f, 0x2f, 0x70, 0x67, 0x00, 0xbb, 0x40,
	0x18, 0x43, 0x64, 0x1c, 0xe4, 0xb2, 0x94, 0x42,
	0xee, 0xd3, 0xf0, 0xbd, 0xec, 0x7a, 0x00, 0x00,
	0x10, 0xb5, 0x14, 0x46, 0x05, 0x4a, 0x10, 0x87,
	0xc8, 0x00, 0x64, 0x21, 0xfb, 0xf7, 0xec, 0xf8,
	0x02, 0x49, 0x20, 0x31, 0x88, 0x76, 0xcc, 0x76,
	0x10, 0xbd, 0x00, 0x00, 0xc0, 0x0d, 0x00, 0x20,
	0xf0, 0xb5, 0x34, 0x4e, 0x05, 0x46, 0x70, 0x7f,
	0x85, 0xb0, 0x0c, 0x46, 0x01, 0x28, 0x19, 0xd0,
	0x01, 0x20, 0x70, 0x77, 0x00, 0x2a, 0x05, 0xd0,
	0x21, 0x46, 0x28, 0x46, 0x90, 0x47, 0x28, 0x55,
	0x64, 0x1c, 0xe4, 0xb2, 0x2c, 0x49, 0x2d, 0x48,
	0x47, 0x18, 0x89, 0x1e, 0x40, 0x18, 0x02, 0x90,
	0x01, 0x2c, 0x0a, 0xd0, 0x00, 0x95, 0x00, 0x20,
	0x01, 0x97, 0x25, 0x46, 0x69, 0x46, 0x08, 0x73,
	0x04, 0x46, 0x29, 0xe0, 0x00, 0x20, 0x05, 0xb0,
	0xf0, 0xbd, 0x29, 0x78, 0x08, 0x22, 0x00, 0x20,
	0xff, 0xf7, 0xac, 0xff, 0x02, 0x46, 0x10, 0x23,
	0x00, 0x21, 0x38, 0x46, 0xff, 0xf7, 0x82, 0xff,
	0x02, 0x98, 0x10, 0x21, 0x01, 0x80, 0x1d, 0xe0,
	0x00, 0x98, 0x07, 0x5d, 0x38, 0x46, 0x01, 0xf0,
	0xa3, 0xf9, 0x79, 0x00, 0x40, 0x02, 0x01, 0x43,
	0x01, 0x20, 0x80, 0x02, 0x01, 0x43, 0x89, 0xb2,
	0x0b, 0x22, 0x03, 0xa8, 0xff, 0xf7, 0x92, 0xff,
	0x02, 0x46, 0x16, 0x23, 0x21, 0x46, 0x01, 0x98,
	0xff, 0xf7, 0x68, 0xff, 0x64, 0x1c, 0xe4, 0xb2,
	0xac, 0x42, 0xe5, 0xd3, 0x16, 0x20, 0x45, 0x43,
	0x02, 0x98, 0x05, 0x80, 0x0b, 0x4c, 0x00, 0x20,
	0x20, 0x3c, 0xe0, 0x87, 0xff, 0xf7, 0x94, 0xfe,
	0xe1, 0x8e, 0x08, 0x18, 0x0a, 0x49, 0x09, 0x68,
	0x88, 0x42, 0x06, 0xd9, 0x00, 0xf0, 0x1e, 0xfc,
	0x00, 0x28, 0x02, 0xd0, 0x00, 0xf0, 0x0e, 0xf8,
	0x01, 0xe0, 0x01, 0x20, 0x30, 0x77, 0x01, 0x20,
	0xb9, 0xe7, 0x00, 0x00, 0xe0, 0x0d, 0x00, 0x20,
	0x02, 0x04, 0x00, 0x00, 0x00, 0x0a, 0x00, 0x20,
	0x64, 0x12, 0x00, 0x20, 0x10, 0xb5, 0xff, 0xf7,
	0x77, 0xfe, 0x09, 0x49, 0x89, 0x8e, 0x09, 0x18,
	0x08, 0x48, 0x02, 0x68, 0x91, 0x42, 0x07, 0xd3,
	0x00, 0x68, 0x09, 0x1a, 0x04, 0xd0, 0x00, 0x22,
	0x05, 0x48, 0x02, 0xf0, 0xcb, 0xfa, 0x10, 0xbd,
	0x00, 0xf0, 0x7e, 0xf8, 0x10, 0xbd, 0x00, 0x00,
	0xc0, 0x0d, 0x00, 0x20, 0x64, 0x12, 0x00, 0x20,
	0xf1, 0x50, 0x00, 0x00, 0x10, 0xb5, 0x00, 0xf0,
	0xf9, 0xfb, 0x10, 0xbd, 0x70, 0xb5, 0x1a, 0x49,
	0x08, 0x88, 0x1a, 0x4b, 0x00, 0x28, 0x04, 0xd0,
	0x08, 0x88, 0x10, 0x28, 0x0f, 0xd3, 0x10, 0x20,
	0x0e, 0xe0, 0x98, 0x88, 0x40, 0x21, 0x88, 0x43,
	0x98, 0x80, 0x13, 0x49, 0x00, 0x20, 0x20, 0x39,
	0x48, 0x77, 0x02, 0x46, 0x32, 0x21, 0x12, 0x48,
	0x02, 0xf0, 0xa4, 0xfa, 0x70, 0xbd, 0x08, 0x88,
	0xc0, 0xb2, 0x42, 0x1e, 0x14, 0x03, 0x0c, 0x4a,
	0x40, 0x3a, 0x15, 0x8f, 0xad, 0x05, 0xad, 0x0d,
	0x2c, 0x43, 0x0a, 0x4d, 0x20, 0x35, 0x2c, 0x83,
	0xd4, 0x8f, 0x0a, 0x4d, 0x64, 0x00, 0x64, 0x19,
	0x01, 0x25, 0xad, 0x02, 0x64, 0x19, 0x64, 0x88,
	0x9c, 0x81, 0xd3, 0x8f, 0x5b, 0x1c, 0xd3, 0x87,
	0x0a, 0x88, 0x10, 0x1a, 0x08, 0x80, 0x70, 0xbd,
	0x00, 0x0e, 0x00, 0x20, 0x00, 0x40, 0x00, 0x40,
	0x05, 0x50, 0x00, 0x00, 0x00, 0x0a, 0x00, 0x20,
	0x10, 0xb5, 0x14, 0x4a, 0x12, 0x49, 0x51, 0x63,
	0x13, 0x49, 0x02, 0x88, 0x8a, 0x82, 0x40, 0x88,
	0xc8, 0x82, 0xff, 0x20, 0x01, 0x30, 0x0a, 0x46,
	0x20, 0x3a, 0x10, 0x87, 0x04, 0x20, 0x88, 0x76,
	0x01, 0x20, 0xc8, 0x76, 0x00, 0x20, 0x48, 0x77,
	0x08, 0x77, 0x01, 0x20, 0x02, 0xf0, 0xf4, 0xf9,
	0x0a, 0x48, 0x01, 0x88, 0x02, 0x22, 0x11, 0x43,
	0x01, 0x80, 0x01, 0x88, 0x80, 0x22, 0x11, 0x43,
	0x01, 0x80, 0x07, 0x49, 0x80, 0x14, 0x08, 0x60,
	0x06, 0x49, 0x08, 0x60, 0x10, 0xbd, 0x00, 0x00,
	0x35, 0x58, 0x00, 0x00, 0x00, 0x0a, 0x00, 0x20,
	0xe0, 0x0d, 0x00, 0x20, 0x00, 0x40, 0x00, 0x40,
	0x80, 0xe2, 0x00, 0xe0, 0x00, 0xe1, 0x00, 0xe0,
	0x10, 0xb5, 0x00, 0xf0, 0x91, 0xfb, 0x0b, 0x48,
	0x0b, 0x4c, 0xc1, 0x7e, 0x00, 0x29, 0x21, 0x8a,
	0x80, 0x7e, 0x01, 0xd0, 0x08, 0x18, 0x00, 0xe0,
	0x08, 0x1a, 0xa0, 0x82, 0xff, 0xf7, 0x7e, 0xff,
	0x20, 0x88, 0x10, 0x21, 0x08, 0x43, 0x20, 0x80,
	0xa0, 0x88, 0x40, 0x21, 0x08, 0x43, 0xa0, 0x80,
	0x10, 0xbd, 0x00, 0x00, 0xe0, 0x0d, 0x00, 0x20,
	0x00, 0x40, 0x00, 0x40, 0x70, 0xb5, 0x05, 0x46,
	0xc8, 0x00, 0x14, 0x46, 0x64, 0x21, 0xfa, 0xf7,
	0xbb, 0xff, 0x1c, 0x49, 0x0a, 0x8a, 0x03, 0x05,
	0x12, 0x0b, 0x12, 0x03, 0x1b, 0x0d, 0x1a, 0x43,
	0x0a, 0x82, 0x8a, 0x15, 0x94, 0x42, 0x00, 0xd9,
	0x14, 0x46, 0xc2, 0x03, 0x13, 0x0c, 0x1a, 0x46,
	0x62, 0x43, 0xd4, 0x17, 0x24, 0x0e, 0xa4, 0x18,
	0x22, 0x12, 0xd2, 0x18, 0x24, 0x03, 0x1b, 0x05,
	0x1b, 0x0d, 0x0b, 0x83, 0x12, 0x05, 0x12, 0x0d,
	0x8a, 0x83, 0x0e, 0x4a, 0x23, 0x0d, 0x20, 0x32,
	0x13, 0x80, 0x90, 0x80, 0x05, 0x20, 0x10, 0x82,
	0x0b, 0x4a, 0x0b, 0x48, 0x20, 0x32, 0x02, 0x2d,
	0x0a, 0xd0, 0xf0, 0x23, 0x43, 0x77, 0x13, 0x71,
	0x08, 0x88, 0x80, 0x22, 0x10, 0x43, 0x08, 0x80,
	0x08, 0x88, 0x00, 0x06, 0xfc, 0xd4, 0x70, 0xbd,
	0xf4, 0x23, 0x43, 0x77, 0x30, 0x20, 0x10, 0x71,
	0xf2, 0xe7, 0x00, 0x00, 0x00, 0x40, 0x00, 0x40,
	0x20, 0x46, 0x00, 0x40, 0x10, 0xb5, 0x00, 0xf0,
	0x3f, 0xf8, 0x01, 0x20, 0x02, 0xf0, 0x70, 0xf9,
	0x06, 0x20, 0x02, 0xf0, 0x6d, 0xf9, 0x16, 0x4c,
	0x20, 0x78, 0xef, 0x21, 0x08, 0x40, 0x20, 0x70,
	0xff, 0xf7, 0xb6, 0xfa, 0x12, 0x48, 0x36, 0x21,
	0x20, 0x30, 0x81, 0x83, 0x81, 0x8a, 0x10, 0x22,
	0x11, 0x43, 0x81, 0x82, 0x07, 0x21, 0x08, 0x46,
	0x02, 0xf0, 0xbe, 0xf9, 0x20, 0x77, 0x20, 0x78,
	0x09, 0x21, 0x08, 0x43, 0x20, 0x70, 0x0b, 0x48,
	0x81, 0x89, 0x09, 0x0a, 0x09, 0x02, 0x11, 0x31,
	0x81, 0x81, 0x0a, 0x49, 0x08, 0x48, 0xc8, 0x64,
	0x01, 0x20, 0x09, 0x49, 0x40, 0x04, 0x08, 0x60,
	0x08, 0x49, 0x08, 0x60, 0x02, 0x49, 0x01, 0x20,
	0x20, 0x39, 0x08, 0x80, 0x10, 0xbd, 0x00, 0x00,
	0x20, 0x46, 0x00, 0x40, 0xc0, 0x5c, 0x00, 0x40,
	0xe9, 0x5b, 0x00, 0x00, 0x00, 0x0a, 0x00, 0x20,
	0x80, 0xe2, 0x00, 0xe0, 0x00, 0xe1, 0x00, 0xe0,
	0xf8, 0xb5, 0x07, 0x20, 0x02, 0xf0, 0x30, 0xf9,
	0x00, 0x20, 0x02, 0xf0, 0xe1, 0xf8, 0x38, 0x48,
	0x81, 0x88, 0x89, 0x08, 0x89, 0x00, 0x81, 0x80,
	0x81, 0x88, 0x02, 0x26, 0x31, 0x43, 0x81, 0x80,
	0x04, 0x25, 0x05, 0x80, 0x7d, 0x21, 0xc9, 0x01,
	0x30, 0x46, 0x02, 0xf0, 0xed, 0xf8, 0x30, 0x48,
	0x60, 0x30, 0x41, 0x7a, 0x29, 0x43, 0x41, 0x72,
	0x41, 0x7a, 0x01, 0x27, 0x39, 0x43, 0x41, 0x72,
	0x41, 0x7a, 0x31, 0x43, 0x41, 0x72, 0x41, 0x7a,
	0x08, 0x22, 0x11, 0x43, 0x41, 0x72, 0x19, 0x21,
	0x49, 0x01, 0x38, 0x46, 0x02, 0xf0, 0x50, 0xf8,
	0x00, 0x20, 0x02, 0xf0, 0x3f, 0xf8, 0x14, 0x20,
	0x02, 0xf0, 0x90, 0xf8, 0x22, 0x4c, 0x40, 0x3c,
	0x20, 0x88, 0xcf, 0x21, 0x08, 0x40, 0x20, 0x80,
	0x21, 0x88, 0x20, 0x20, 0x01, 0x43, 0x21, 0x80,
	0x21, 0x88, 0xb1, 0x43, 0x21, 0x80, 0x21, 0x7e,
	0xef, 0x22, 0x11, 0x40, 0x21, 0x76, 0x21, 0x7e,
	0xdf, 0x22, 0x11, 0x40, 0x21, 0x76, 0x21, 0x7e,
	0xbf, 0x22, 0x11, 0x40, 0x21, 0x76, 0x21, 0x7e,
	0x49, 0x06, 0x49, 0x0e, 0x21, 0x76, 0xa1, 0x8b,
	0x80, 0x22, 0x91, 0x43, 0xa1, 0x83, 0x12, 0x49,
	0x60, 0x39, 0x88, 0x81, 0x00, 0x23, 0x19, 0x21,
	0x4b, 0x20, 0x1a, 0x46, 0x89, 0x01, 0xc0, 0x00,
	0x01, 0xf0, 0xe4, 0xff, 0x0d, 0x48, 0xa0, 0x80,
	0x20, 0x88, 0x28, 0x43, 0x20, 0x80, 0x32, 0x22,
	0x01, 0x21, 0x00, 0x20, 0x02, 0xf0, 0x2c, 0xf8,
	0x20, 0x88, 0x38, 0x43, 0x20, 0x80, 0xff, 0x20,
	0xc3, 0x30, 0x02, 0xf0, 0x1c, 0xf9, 0x32, 0x22,
	0x01, 0x21, 0x02, 0x20, 0x02, 0xf0, 0x20, 0xf8,
	0x20, 0x88, 0xa8, 0x43, 0x20, 0x80, 0xf8, 0xbd,
	0x60, 0x48, 0x00, 0x40, 0xff, 0x01, 0x00, 0x00,
	0xf7, 0xb5, 0x82, 0xb0, 0x16, 0x46, 0xfa, 0xf7,
	0xb3, 0xfe, 0x1d, 0x4d, 0x00, 0x90, 0x28, 0x8b,
	0x04, 0x27, 0xb8, 0x43, 0x28, 0x83, 0x00, 0x20,
	0x28, 0x71, 0x19, 0x4c, 0xf5, 0x20, 0x20, 0x3c,
	0x60, 0x77, 0x32, 0x20, 0x02, 0xf0, 0xfb, 0xf8,
	0xf4, 0x20, 0x60, 0x77, 0x32, 0x20, 0x02, 0xf0,
	0xf6, 0xf8, 0x40, 0x24, 0x22, 0x46, 0x03, 0x99,
	0x02, 0x98, 0xff, 0xf7, 0xdf, 0xfe, 0x11, 0x48,
	0x01, 0x88, 0x01, 0x22, 0x11, 0x43, 0x01, 0x80,
	0x0d, 0x49, 0x08, 0x20, 0x40, 0x39, 0x08, 0x81,
	0x28, 0x8b, 0x38, 0x43, 0x28, 0x83, 0x00, 0x98,
	0xfa, 0xf7, 0x8e, 0xfe, 0x0b, 0xe0, 0x32, 0x20,
	0x02, 0xf0, 0xdd, 0xf8, 0x08, 0x34, 0xa4, 0xb2,
	0x22, 0x46, 0x03, 0x99, 0x02, 0x98, 0xff, 0xf7,
	0xc5, 0xfe, 0xff, 0xf7, 0xf9, 0xf9, 0xb4, 0x42,
	0xf1, 0xd3, 0x05, 0xb0, 0xf0, 0xbd, 0x00, 0x00,
	0x40, 0x46, 0x00, 0x40, 0x00, 0x40, 0x00, 0x40,
	0x10, 0xb5, 0x09, 0x48, 0x01, 0x8b, 0x04, 0x22,
	0x91, 0x43, 0x01, 0x83, 0x06, 0x4a, 0xf0, 0x21,
	0x20, 0x3a, 0x51, 0x77, 0x00, 0x21, 0x01, 0x71,
	0x04, 0x48, 0x01, 0x88, 0x49, 0x08, 0x49, 0x00,
	0x01, 0x80, 0x00, 0xf0, 0x39, 0xf9, 0x10, 0xbd,
	0x40, 0x46, 0x00, 0x40, 0x00, 0x40, 0x00, 0x40,
	0xfe, 0xb5, 0x40, 0x4c, 0x00, 0x78, 0xa0, 0x74,
	0x20, 0x7c, 0x00, 0x28, 0x78, 0xd1, 0x20, 0x1d,
	0x02, 0x90, 0x01, 0xf0, 0xfc, 0xf9, 0x06, 0x00,
	0x72, 0xd0, 0x01, 0x20, 0x20, 0x74, 0x00, 0x22,
	0x0c, 0x21, 0x39, 0x48, 0x02, 0xf0, 0xba, 0xf8,
	0x38, 0x48, 0x47, 0x7f, 0x05, 0x7f, 0xa0, 0x7c,
	0x02, 0xf0, 0x89, 0xf8, 0x80, 0x1c, 0x80, 0xb2,
	0x0b, 0x21, 0x48, 0x43, 0xc0, 0x1d, 0xc0, 0x08,
	0xc0, 0x19, 0x87, 0xb2, 0xa0, 0x7c, 0x31, 0x28,
	0x02, 0xd0, 0x04, 0x28, 0x00, 0xd0, 0x06, 0x25,
	0x78, 0x19, 0xb0, 0x42, 0x06, 0xd9, 0xb7, 0x42,
	0x02, 0xd3, 0x00, 0x27, 0x35, 0x46, 0x01, 0xe0,
	0xf0, 0x1b, 0x85, 0xb2, 0x00, 0x20, 0x00, 0x90,
	0x01, 0x90, 0x26, 0x48, 0xea, 0xb2, 0x00, 0x1f,
	0xf9, 0xb2, 0x6b, 0x46, 0x06, 0x46, 0x01, 0xf0,
	0x8d, 0xf9, 0x00, 0x28, 0x01, 0xd0, 0x00, 0x98,
	0xa0, 0x81, 0xea, 0xb2, 0xf9, 0xb2, 0x01, 0xab,
	0x02, 0x98, 0x01, 0xf0, 0x83, 0xf9, 0x00, 0x28,
	0x01, 0xd0, 0x01, 0x98, 0xe0, 0x81, 0x1e, 0x4f,
	0xe0, 0x89, 0x78, 0x83, 0xa0, 0x89, 0x78, 0x87,
	0x38, 0x8c, 0xb8, 0x84, 0x38, 0x8e, 0xb8, 0x86,
	0x38, 0x8d, 0xb8, 0x85, 0x60, 0x7c, 0x3d, 0x46,
	0x40, 0x35, 0x00, 0x28, 0x05, 0xd0, 0xe0, 0x89,
	0x00, 0x01, 0x68, 0x60, 0xa0, 0x89, 0x00, 0x01,
	0x0e, 0xe0, 0xe0, 0x89, 0x2a, 0x7a, 0x01, 0x01,
	0x68, 0x68, 0x00, 0xf0, 0xfd, 0xfe, 0x68, 0x60,
	0x0f, 0x48, 0x60, 0x30, 0x02, 0x7e, 0xa0, 0x89,
	0x01, 0x01, 0x68, 0x6b, 0x00, 0xf0, 0xf4, 0xfe,
	0x68, 0x63, 0x68, 0x68, 0x00, 0x11, 0xb8, 0x83,
	0x68, 0x6b, 0x00, 0x11, 0xb8, 0x87, 0x00, 0x20,
	0x60, 0x74, 0xe0, 0x82, 0x30, 0x46, 0x01, 0xf0,
	0x86, 0xf9, 0x02, 0x98, 0x01, 0xf0, 0x83, 0xf9,
	0xfe, 0xbd, 0x00, 0x00, 0x00, 0x10, 0x00, 0x20,
	0xfd, 0x54, 0x00, 0x00, 0xc0, 0x11, 0x00, 0x20,
	0x40, 0x0e, 0x00, 0x20, 0x01, 0x49, 0x00, 0x20,
	0x08, 0x74, 0x70, 0x47, 0x00, 0x10, 0x00, 0x20,
	0x30, 0xb5, 0x16, 0x4a, 0xd0, 0x89, 0x93, 0x89,
	0x41, 0x42, 0x15, 0x48, 0x54, 0x89, 0x41, 0x81,
	0x61, 0x43, 0xcc, 0x17, 0x24, 0x0e, 0x61, 0x18,
	0x09, 0x12, 0x59, 0x1a, 0x01, 0x81, 0x01, 0x46,
	0x53, 0x88, 0x40, 0x39, 0xcb, 0x87, 0x12, 0x88,
	0x8a, 0x87, 0x0c, 0x49, 0x20, 0x39, 0xca, 0x8b,
	0x42, 0x80, 0x8a, 0x8b, 0x02, 0x80, 0x09, 0x4a,
	0x60, 0x3a, 0xd3, 0x88, 0xc3, 0x81, 0x93, 0x88,
	0x83, 0x81, 0x53, 0x88, 0x43, 0x82, 0x12, 0x88,
	0x02, 0x82, 0xca, 0x8a, 0xc2, 0x80, 0x89, 0x8a,
	0x81, 0x80, 0xff, 0x21, 0xc9, 0x01, 0x09, 0x88,
	0x81, 0x82, 0x30, 0xbd, 0x80, 0x80, 0x00, 0x00,
	0x40, 0x0e, 0x00, 0x20, 0x70, 0x47, 0x00, 0x00,
	0x10, 0xb5, 0x06, 0x49, 0x40, 0x78, 0x0a, 0x7d,
	0x01, 0x21, 0x91, 0x40, 0x08, 0x42, 0x04, 0xd0,
	0x00, 0x22, 0x11, 0x46, 0x02, 0x48, 0x01, 0xf0,
	0xfd, 0xff, 0x10, 0xbd, 0x00, 0x10, 0x00, 0x20,
	0x5d, 0x56, 0x00, 0x00, 0xfe, 0xb5, 0xff, 0xf7,
	0xb7, 0xff, 0x28, 0x4a, 0x08, 0x20, 0x11, 0x46,
	0x10, 0x72, 0x20, 0x31, 0x08, 0x76, 0x10, 0x75,
	0x08, 0x73, 0x08, 0x70, 0x50, 0x22, 0x1c, 0x31,
	0x23, 0x48, 0x01, 0xf0, 0x27, 0xf9, 0x22, 0x49,
	0x50, 0x22, 0xa0, 0x39, 0x08, 0x46, 0xa8, 0x30,
	0x01, 0xf0, 0x20, 0xf9, 0x1e, 0x4d, 0x00, 0x26,
	0x2d, 0x1d, 0x2e, 0x74, 0x2e, 0x75, 0x01, 0x27,
	0x6f, 0x75, 0x6f, 0x74, 0x03, 0x20, 0x01, 0xf0,
	0x63, 0xff, 0x1a, 0x4c, 0x33, 0x20, 0x20, 0x80,
	0x0b, 0x20, 0x20, 0x61, 0x0e, 0x20, 0x60, 0x61,
	0xa6, 0x61, 0xe0, 0x61, 0x10, 0x20, 0x20, 0x62,
	0x67, 0x62, 0x01, 0x21, 0x3f, 0x20, 0x01, 0xf0,
	0xe3, 0xfd, 0x12, 0x48, 0x40, 0x30, 0x81, 0x88,
	0x3f, 0x22, 0x11, 0x43, 0x81, 0x80, 0x53, 0x21,
	0x01, 0x81, 0x01, 0x89, 0x81, 0x81, 0x7d, 0x20,
	0xc0, 0x00, 0x01, 0xf0, 0xbd, 0xfd, 0x04, 0x20,
	0x20, 0x81, 0x0b, 0x48, 0x6b, 0x46, 0x07, 0xc8,
	0x07, 0xc3, 0x06, 0x48, 0x69, 0x46, 0x5c, 0x38,
	0xc8, 0x80, 0x28, 0x7d, 0x01, 0xf0, 0x08, 0xfe,
	0x00, 0x22, 0x08, 0x21, 0x05, 0x48, 0x01, 0xf0,
	0xa5, 0xff, 0xfe, 0xbd, 0x80, 0x0e, 0x00, 0x20,
	0xfc, 0x0f, 0x00, 0x20, 0x00, 0x4a, 0x00, 0x40,
	0xf8, 0x7a, 0x00, 0x00, 0x7d, 0x57, 0x00, 0x00,
	0x01, 0x49, 0x01, 0x20, 0x48, 0x74, 0x70, 0x47,
	0x00, 0x10, 0x00, 0x20, 0xf0, 0xb5, 0x44, 0x48,
	0x91, 0xb0, 0x81, 0x8c, 0x00, 0x24, 0x8a, 0x08,
	0x69, 0x46, 0x0a, 0x80, 0x01, 0x8d, 0x8a, 0x08,
	0x69, 0x46, 0x4a, 0x80, 0xc1, 0x8d, 0x8a, 0x08,
	0x69, 0x46, 0x8a, 0x80, 0x81, 0x8d, 0x8a, 0x08,
	0x69, 0x46, 0xca, 0x80, 0xc1, 0x8c, 0x40, 0x8d,
	0x08, 0x18, 0xc0, 0x08, 0x69, 0x46, 0x08, 0x81,
	0x37, 0x48, 0x3c, 0x30, 0x05, 0x46, 0x07, 0x46,
	0x1a, 0x35, 0x0e, 0x90, 0x44, 0x37, 0xff, 0x30,
	0xc5, 0x30, 0x07, 0x95, 0x0b, 0x90, 0xe0, 0x00,
	0x40, 0x19, 0x03, 0x90, 0x80, 0x1c, 0x0c, 0x90,
	0x0c, 0x20, 0x60, 0x43, 0xc6, 0x19, 0x03, 0x2c,
	0x01, 0xd2, 0x01, 0x23, 0x00, 0xe0, 0x00, 0x23,
	0x61, 0x00, 0x68, 0x46, 0x42, 0x5a, 0x0e, 0x98,
	0xa1, 0x00, 0x08, 0x18, 0xff, 0x21, 0x01, 0x31,
	0x00, 0xf0, 0x3a, 0xfb, 0x03, 0x99, 0x00, 0xb2,
	0x08, 0x80, 0x0b, 0x99, 0x49, 0x7d, 0x00, 0x29,
	0x01, 0xd0, 0x00, 0x01, 0x04, 0xe0, 0x01, 0x01,
	0x32, 0x7a, 0x30, 0x68, 0x00, 0xf0, 0xe0, 0xfd,
	0x30, 0x60, 0x00, 0x11, 0x0c, 0x99, 0x64, 0x1c,
	0x08, 0x80, 0x04, 0x2c, 0xd3, 0xd3, 0xe0, 0x00,
	0x40, 0x19, 0x03, 0x90, 0x80, 0x1c, 0x0c, 0x90,
	0x0c, 0x20, 0x60, 0x43, 0xc6, 0x19, 0x18, 0x21,
	0x62, 0x00, 0x68, 0x46, 0x69, 0x5e, 0x80, 0x5a,
	0x00, 0xf0, 0x88, 0xfa, 0x01, 0xb2, 0x03, 0x98,
	0x01, 0x80, 0x0b, 0x98, 0x40, 0x7d, 0x00, 0x28,
	0x01, 0xd0, 0x08, 0x01, 0x05, 0xe0, 0x20, 0x37,
	0x3a, 0x7e, 0x09, 0x01, 0x30, 0x68, 0x00, 0xf0,
	0xbb, 0xfd, 0x30, 0x60, 0x0c, 0x99, 0x00, 0x11,
	0x08, 0x80, 0x29, 0x8c, 0x0b, 0x48, 0x01, 0xf0,
	0x63, 0xf8, 0x0a, 0x48, 0x29, 0x88, 0x08, 0x30,
	0x01, 0xf0, 0x5e, 0xf8, 0x00, 0x21, 0x0b, 0x98,
	0x0a, 0x46, 0x41, 0x75, 0x04, 0x21, 0x06, 0x48,
	0x01, 0xf0, 0x10, 0xff, 0x07, 0x98, 0x00, 0xf0,
	0x21, 0xf8, 0x11, 0xb0, 0xf0, 0xbd, 0x00, 0x00,
	0x00, 0x0e, 0x00, 0x20, 0xfc, 0x0f, 0x00, 0x20,
	0x7d, 0x57, 0x00, 0x00, 0x10, 0xb5, 0xff, 0xf7,
	0xf5, 0xfe, 0x07, 0x48, 0x00, 0x7d, 0x01, 0x01,
	0x06, 0x48, 0x08, 0x18, 0x01, 0x8a, 0x01, 0x22,
	0x11, 0x43, 0x01, 0x82, 0x04, 0x48, 0x01, 0x88,
	0x80, 0x22, 0x11, 0x43, 0x01, 0x80, 0x10, 0xbd,
	0x00, 0x10, 0x00, 0x20, 0x00, 0x50, 0x00, 0x40,
	0x00, 0x4a, 0x00, 0x40, 0x10, 0xb5, 0x04, 0x46,
	0x01, 0x46, 0x28, 0x22, 0x07, 0x48, 0xfa, 0xf7,
	0xa5, 0xfc, 0x00, 0x20, 0x20, 0x21, 0x18, 0x22,
	0x20, 0x5e, 0x61, 0x5e, 0xa2, 0x5e, 0x00, 0xf0,
	0x17, 0xf9, 0x20, 0x46, 0xfc, 0xf7, 0x92, 0xf9,
	0x10, 0xbd, 0x00, 0x00, 0x30, 0x03, 0x00, 0x20,
	0x01, 0x49, 0x00, 0x20, 0x08, 0x70, 0x70, 0x47,
	0x60, 0x12, 0x00, 0x20, 0x04, 0x48, 0x01, 0x78,
	0x01, 0x29, 0x03, 0xd0, 0x01, 0x21, 0x01, 0x70,
	0x08, 0x46, 0x70, 0x47, 0x00, 0x20, 0x70, 0x47,
	0x60, 0x12, 0x00, 0x20, 0x01, 0x49, 0x01, 0x20,
	0x48, 0x70, 0x70, 0x47, 0x60, 0x12, 0x00, 0x20,
	0x02, 0x48, 0x40, 0x78, 0x00, 0x28, 0x00, 0xd0,
	0x01, 0x20, 0x70, 0x47, 0x60, 0x12, 0x00, 0x20,
	0x01, 0x49, 0x00, 0x20, 0x48, 0x70, 0x70, 0x47,
	0x60, 0x12, 0x00, 0x20, 0x02, 0x48, 0x00, 0x21,
	0x01, 0x70, 0x01, 0x21, 0x41, 0x70, 0x70, 0x47,
	0x60, 0x12, 0x00, 0x20, 0x10, 0xb5, 0x04, 0x49,
	0x08, 0x89, 0x08, 0x81, 0x40, 0x06, 0x01, 0xd5,
	0xff, 0xf7, 0xe4, 0xfb, 0x10, 0xbd, 0x00, 0x00,
	0x00, 0x40, 0x00, 0x40, 0x10, 0xb5, 0xfc, 0xf7,
	0x57, 0xfd, 0x00, 0x21, 0x0e, 0x20, 0xfc, 0xf7,
	0x1d, 0xfe, 0xff, 0x20, 0x01, 0x30, 0x00, 0xf0,
	0x65, 0xf9, 0x00, 0x21, 0x08, 0x20, 0xfc, 0xf7,
	0x65, 0xf9, 0x10, 0xbd, 0xf8, 0xb5, 0x00, 0xf0,
	0x65, 0xf9, 0x06, 0x46, 0x01, 0x25, 0x68, 0x46,
	0x05, 0x70, 0x00, 0x24, 0x28, 0x46, 0xa0, 0x40,
	0x30, 0x42, 0x03, 0xd0, 0x69, 0x46, 0x20, 0x46,
	0xfc, 0xf7, 0x54, 0xf9, 0x64, 0x1c, 0xe4, 0xb2,
	0x09, 0x2c, 0xf3, 0xd3, 0xf8, 0xbd, 0x10, 0xb5,
	0x01, 0x28, 0x01, 0xd1, 0x00, 0xf0, 0xc2, 0xfd,
	0x10, 0xbd, 0x00, 0x00, 0x10, 0xb5, 0x01, 0x46,
	0x3c, 0x22, 0x02, 0x48, 0x01, 0xf0, 0x8e, 0xff,
	0x10, 0xbd, 0x00, 0x00, 0x44, 0x12, 0x00, 0x20,
	0x01, 0xb5, 0x68, 0x46, 0x00, 0x78, 0x01, 0x28,
	0x03, 0xd1, 0x00, 0x21, 0x13, 0x20, 0xfc, 0xf7,
	0xe5, 0xfd, 0x69, 0x46, 0x04, 0x20, 0xfc, 0xf7,
	0x31, 0xf9, 0x08, 0xbd, 0x10, 0xb5, 0x01, 0x46,
	0xc8, 0x22, 0x02, 0x48, 0x01, 0xf0, 0x76, 0xff,
	0x10, 0xbd, 0x00, 0x00, 0x34, 0x12, 0x00, 0x20,
	0x10, 0xb5, 0x01, 0xf0, 0x3d, 0xff, 0x00, 0xf0,
	0x47, 0xf8, 0x0d, 0x48, 0x0f, 0x21, 0x01, 0x81,
	0x0b, 0x4a, 0xf0, 0x21, 0x40, 0x32, 0x91, 0x83,
	0x09, 0x49, 0x20, 0x31, 0x0a, 0x79, 0x12, 0x09,
	0x12, 0x01, 0x0a, 0x71, 0x01, 0x89, 0x03, 0x22,
	0x12, 0x02, 0x11, 0x43, 0x01, 0x81, 0x04, 0x48,
	0x08, 0x21, 0x20, 0x38, 0x01, 0x81, 0x82, 0x88,
	0x0a, 0x43, 0x82, 0x80, 0x10, 0xbd, 0x00, 0x00,
	0x20, 0x46, 0x00, 0x40, 0x01, 0xb5, 0x68, 0x46,
	0x00, 0x78, 0x01, 0x28, 0x05, 0xd1, 0xfc, 0xf7,
	0x6b, 0xff, 0x00, 0x21, 0x10, 0x20, 0xfc, 0xf7,
	0xa9, 0xfd, 0x69, 0x46, 0x05, 0x20, 0xfc, 0xf7,
	0xf5, 0xf8, 0x08, 0xbd, 0x10, 0xb5, 0x01, 0x46,
	0x0a, 0x22, 0x02, 0x48, 0x01, 0xf0, 0x3a, 0xff,
	0x10, 0xbd, 0x00, 0x00, 0x3c, 0x12, 0x00, 0x20,
	0x01, 0xb5, 0x68, 0x46, 0x00, 0x78, 0x00, 0x28,
	0x05, 0xd0, 0xfc, 0xf7, 0xc9, 0xfc, 0x00, 0x21,
	0x0f, 0x20, 0xfc, 0xf7, 0x8f, 0xfd, 0x69, 0x46,
	0x07, 0x20, 0xfc, 0xf7, 0xdb, 0xf8, 0x08, 0xbd,
	0x10, 0xb5, 0x00, 0x21, 0x01, 0x48, 0xfe, 0xf7,
	0xb3, 0xfc, 0x10, 0xbd, 0x04, 0x7b, 0x00, 0x00,
	0x10, 0xb5, 0xfe, 0xf7, 0x13, 0xfd, 0xfe, 0xf7,
	0x45, 0xfd, 0xc1, 0x07, 0x80, 0x22, 0x09, 0x48,
	0x00, 0x29, 0xc1, 0x6d, 0x05, 0xd0, 0x0b, 0x06,
	0x0a, 0xd4, 0x11, 0x43, 0xc1, 0x65, 0x01, 0x20,
	0x04, 0xe0, 0x0b, 0x06, 0x04, 0xd5, 0x91, 0x43,
	0xc1, 0x65, 0x00, 0x20, 0xff, 0xf7, 0xd0, 0xff,
	0x10, 0xbd, 0x00, 0x00, 0x00, 0x12, 0x00, 0x20,
	0x08, 0xb5, 0x00, 0x20, 0xfe, 0xf7, 0xe8, 0xfd,
	0xfe, 0xf7, 0x16, 0xfd, 0x00, 0x20, 0x03, 0x4b,
	0x02, 0x46, 0x03, 0x49, 0x00, 0x90, 0xfe, 0xf7,
	0xbb, 0xfd, 0x08, 0xbd, 0x91, 0x59, 0x00, 0x00,
	0x40, 0x0d, 0x03, 0x00, 0x10, 0xb5, 0x00, 0x20,
	0xfe, 0xf7, 0xd6, 0xfd, 0x10, 0xbd, 0x00, 0x00,
	0xf8, 0xb5, 0x0f, 0x46, 0x06, 0x46, 0x01, 0x46,
	0x15, 0x46, 0x40, 0x48, 0x01, 0xf0, 0x5a, 0xfd,
	0x3e, 0x4c, 0x24, 0x3c, 0x02, 0x28, 0x07, 0xd0,
	0x04, 0x21, 0xe2, 0x6d, 0x01, 0x28, 0x63, 0xd0,
	0x8a, 0x43, 0xe2, 0x65, 0x00, 0xf0, 0xb4, 0xf8,
	0x38, 0x48, 0x31, 0x46, 0x08, 0x30, 0x01, 0xf0,
	0x49, 0xfd, 0x02, 0x28, 0x08, 0xd0, 0x08, 0x21,
	0x00, 0x28, 0xe0, 0x6d, 0x56, 0xd0, 0x88, 0x43,
	0xe0, 0x65, 0x00, 0x20, 0x00, 0xf0, 0xbc, 0xf8,
	0x30, 0x48, 0x39, 0x46, 0x10, 0x30, 0x01, 0xf0,
	0x39, 0xfd, 0x02, 0x28, 0x07, 0xd0, 0x10, 0x21,
	0xe2, 0x6d, 0x01, 0x28, 0x4a, 0xd0, 0x8a, 0x43,
	0xe2, 0x65, 0xff, 0xf7, 0x2d, 0xff, 0x29, 0x48,
	0x29, 0x46, 0x18, 0x30, 0x01, 0xf0, 0x2a, 0xfd,
	0x02, 0x28, 0x07, 0xd0, 0x20, 0x21, 0xe2, 0x6d,
	0x01, 0x28, 0x3d, 0xd0, 0x8a, 0x43, 0xe2, 0x65,
	0xff, 0xf7, 0x58, 0xff, 0x21, 0x48, 0x39, 0x46,
	0x20, 0x30, 0x01, 0xf0, 0x1b, 0xfd, 0x02, 0x28,
	0x08, 0xd0, 0x01, 0x21, 0x49, 0x02, 0xe2, 0x6d,
	0x01, 0x28, 0x2f, 0xd0, 0x8a, 0x43, 0xe2, 0x65,
	0xff, 0xf7, 0xfd, 0xfe, 0x19, 0x48, 0x29, 0x46,
	0x28, 0x30, 0x01, 0xf0, 0x0b, 0xfd, 0x02, 0x28,
	0x08, 0xd0, 0x01, 0x21, 0x89, 0x02, 0xe2, 0x6d,
	0x01, 0x28, 0x21, 0xd0, 0x8a, 0x43, 0xe2, 0x65,
	0x00, 0xf0, 0x46, 0xf8, 0x11, 0x48, 0x31, 0x46,
	0x30, 0x30, 0x01, 0xf0, 0xfb, 0xfc, 0x02, 0x28,
	0x09, 0xd0, 0x01, 0x21, 0xc9, 0x02, 0x01, 0x28,
	0xe0, 0x6d, 0x13, 0xd0, 0x08, 0x43, 0xe0, 0x65,
	0x01, 0x20, 0x00, 0xf0, 0x45, 0xf8, 0xf8, 0xbd,
	0x0a, 0x43, 0x9a, 0xe7, 0x08, 0x43, 0xe0, 0x65,
	0x01, 0x20, 0xa7, 0xe7, 0x0a, 0x43, 0xb3, 0xe7,
	0x0a, 0x43, 0xc0, 0xe7, 0x0a, 0x43, 0xce, 0xe7,
	0x0a, 0x43, 0xdc, 0xe7, 0x88, 0x43, 0xe0, 0x65,
	0x00, 0x20, 0xea, 0xe7, 0x24, 0x12, 0x00, 0x20,
	0x10, 0xb5, 0x06, 0x48, 0xff, 0x22, 0xc1, 0x6d,
	0x01, 0x32, 0x11, 0x43, 0xc1, 0x65, 0x00, 0x22,
	0x11, 0x46, 0x03, 0x48, 0x01, 0xf0, 0x32, 0xfd,
	0x10, 0xbd, 0x00, 0x00, 0x00, 0x12, 0x00, 0x20,
	0x4d, 0x58, 0x00, 0x00, 0x02, 0x49, 0xca, 0x6d,
	0x82, 0x43, 0xca, 0x65, 0x70, 0x47, 0x00, 0x00,
	0x00, 0x12, 0x00, 0x20, 0x01, 0x48, 0xc0, 0x6d,
	0x70, 0x47, 0x00, 0x00, 0x00, 0x12, 0x00, 0x20,
	0x10, 0xb5, 0x01, 0x28, 0x01, 0xd1, 0x00, 0xf0,
	0x69, 0xfc, 0x10, 0xbd, 0x10, 0xb5, 0x01, 0x46,
	0x0a, 0x22, 0x02, 0x48, 0x01, 0xf0, 0x36, 0xfe,
	0x10, 0xbd, 0x00, 0x00, 0x4c, 0x12, 0x00, 0x20,
	0x10, 0xb5, 0x01, 0x28, 0x01, 0xd1, 0x00, 0xf0,
	0x59, 0xfc, 0x10, 0xbd, 0xc8, 0x30, 0x10, 0xb5,
	0x01, 0xb2, 0xc8, 0x22, 0x01, 0x48, 0x01, 0xf0,
	0x25, 0xfe, 0x10, 0xbd, 0x54, 0x12, 0x00, 0x20,
	0x01, 0xb5, 0x68, 0x46, 0x00, 0x78, 0x01, 0x28,
	0x03, 0xd1, 0x00, 0x21, 0x11, 0x20, 0xfc, 0xf7,
	0x7d, 0xfc, 0x69, 0x46, 0x02, 0x20, 0xfb, 0xf7,
	0xc9, 0xff, 0x08, 0xbd, 0x10, 0xb5, 0x01, 0x46,
	0xc8, 0x22, 0x02, 0x48, 0x01, 0xf0, 0x0e, 0xfe,
	0x10, 0xbd, 0x00, 0x00, 0x24, 0x12, 0x00, 0x20,
	0x01, 0xb5, 0x68, 0x46, 0x00, 0x78, 0x01, 0x28,
	0x03, 0xd1, 0x00, 0x21, 0x0c, 0x20, 0xfc, 0xf7,
	0x65, 0xfc, 0x69, 0x46, 0x03, 0x20, 0xfb, 0xf7,
	0xb1, 0xff, 0x08, 0xbd, 0xc8, 0x30, 0x10, 0xb5,
	0x01, 0xb2, 0xc8, 0x22, 0x01, 0x48, 0x01, 0xf0,
	0xf5, 0xfd, 0x10, 0xbd, 0x2c, 0x12, 0x00, 0x20,
	0x10, 0xb5, 0x05, 0x4c, 0x20, 0x89, 0x00, 0x07,
	0x05, 0xd5, 0xff, 0xf7, 0xe1, 0xfb, 0x08, 0x20,
	0x20, 0x81, 0xff, 0xf7, 0x85, 0xff, 0x10, 0xbd,
	0x00, 0x46, 0x00, 0x40, 0x70, 0x47, 0x00, 0x00,
	0x02, 0x48, 0x00, 0x6a, 0x00, 0x28, 0x00, 0xd0,
	0x00, 0x47, 0x70, 0x47, 0x00, 0x0a, 0x00, 0x20,
	0x02, 0x46, 0x00, 0x20, 0x02, 0xe0, 0x13, 0x78,
	0x58, 0x40, 0x52, 0x1c, 0x49, 0x1e, 0xfa, 0xd2,
	0x70, 0x47, 0x00, 0x00, 0x10, 0xb5, 0x10, 0x49,
	0x8a, 0x8a, 0x10, 0x49, 0x82, 0x42, 0x04, 0xd2,
	0x02, 0x46, 0x01, 0x23, 0x0e, 0x48, 0x0f, 0x4c,
	0x04, 0xe0, 0x02, 0x46, 0x01, 0x23, 0x0c, 0x48,
	0x45, 0x24, 0x24, 0x01, 0x00, 0x19, 0x00, 0xf0,
	0x7b, 0xf8, 0x0b, 0x49, 0x4a, 0x7d, 0x00, 0x2a,
	0x02, 0xd0, 0x02, 0x46, 0x08, 0x3a, 0xca, 0x82,
	0x16, 0x22, 0x8a, 0x5e, 0x80, 0x1a, 0x00, 0xd5,
	0x00, 0x20, 0x80, 0xb2, 0x10, 0xbd, 0x00, 0x00,
	0x40, 0x0e, 0x00, 0x20, 0x10, 0x27, 0x00, 0x00,
	0x00, 0x0a, 0x00, 0x20, 0x4c, 0x04, 0x00, 0x00,
	0x00, 0x10, 0x00, 0x20, 0xf8, 0xb5, 0xff, 0x26,
	0x04, 0x46, 0xf6, 0x01, 0x70, 0x8a, 0x28, 0x4f,
	0xa0, 0x42, 0x04, 0xd2, 0x01, 0x23, 0x22, 0x46,
	0x39, 0x46, 0x26, 0x48, 0x04, 0xe0, 0x25, 0x48,
	0x01, 0x23, 0x22, 0x46, 0x39, 0x46, 0x08, 0x38,
	0x00, 0xf0, 0x4e, 0xf8, 0x05, 0x46, 0x22, 0x48,
	0x80, 0x8a, 0x80, 0x06, 0x05, 0xd0, 0x1e, 0x49,
	0x68, 0x46, 0x9c, 0x39, 0x41, 0x80, 0x01, 0x21,
	0x0e, 0xe0, 0xfd, 0xf7, 0x7b, 0xff, 0x1d, 0x4a,
	0x00, 0x21, 0x90, 0x42, 0x18, 0xd8, 0x70, 0x8a,
	0x32, 0x30, 0xa0, 0x42, 0x29, 0xd2, 0x16, 0x49,
	0x68, 0x46, 0x36, 0x39, 0x41, 0x80, 0x02, 0x21,
	0x01, 0x80, 0x01, 0x46, 0x02, 0x20, 0x08, 0x5e,
	0x39, 0x46, 0x68, 0x43, 0xfa, 0xf7, 0xf6, 0xf9,
	0x69, 0x46, 0x00, 0x22, 0x8a, 0x5e, 0x80, 0x18,
	0x00, 0xd5, 0x00, 0x20, 0x80, 0xb2, 0xf8, 0xbd,
	0x0f, 0x4a, 0x90, 0x42, 0x70, 0x8a, 0x08, 0xd8,
	0x32, 0x30, 0xa0, 0x42, 0x0d, 0xd2, 0x08, 0x49,
	0x68, 0x46, 0xda, 0x39, 0x41, 0x80, 0x06, 0x21,
	0xe2, 0xe7, 0x32, 0x30, 0xa0, 0x42, 0x04, 0xd2,
	0x08, 0x49, 0x68, 0x46, 0x41, 0x80, 0x0b, 0x21,
	0xda, 0xe7, 0x68, 0x46, 0x47, 0x80, 0xd7, 0xe7,
	0x10, 0x27, 0x00, 0x00, 0xc4, 0x0b, 0x00, 0x20,
	0x40, 0x5a, 0x00, 0x40, 0x58, 0x1b, 0x00, 0x00,
	0x04, 0x29, 0x00, 0x00, 0x8a, 0x25, 0x00, 0x00,
	0x70, 0xb5, 0x02, 0x24, 0x04, 0x5f, 0x00, 0x25,
	0x45, 0x5f, 0x20, 0x46, 0x50, 0x43, 0xca, 0x1f,
	0x1e, 0x46, 0xf9, 0x3a, 0x08, 0xd0, 0xfa, 0xf7,
	0xbd, 0xf9, 0x40, 0x19, 0x00, 0x2e, 0x02, 0xd0,
	0x00, 0x28, 0x00, 0xda, 0x00, 0x20, 0x70, 0xbd,
	0x00, 0x12, 0xf6, 0xe7, 0x70, 0xb5, 0x07, 0x20,
	0x01, 0xf0, 0x92, 0xfb, 0x20, 0x4c, 0x16, 0x21,
	0xa0, 0x7d, 0x20, 0x4d, 0x48, 0x43, 0x03, 0x26,
	0x40, 0x19, 0x36, 0x02, 0x80, 0x19, 0x81, 0x8b,
	0x01, 0x20, 0xfd, 0xf7, 0xf1, 0xf9, 0xa0, 0x7d,
	0x16, 0x21, 0x48, 0x43, 0x40, 0x19, 0x80, 0x19,
	0xc1, 0x8b, 0x02, 0x20, 0xfd, 0xf7, 0xe8, 0xf9,
	0x17, 0x48, 0x01, 0x7e, 0xfd, 0x22, 0x11, 0x40,
	0x01, 0x76, 0x01, 0x7e, 0x02, 0x22, 0x11, 0x43,
	0x01, 0x76, 0x01, 0x7e, 0xfb, 0x22, 0x11, 0x40,
	0x01, 0x76, 0x01, 0x7e, 0x04, 0x22, 0x11, 0x43,
	0x01, 0x76, 0x01, 0x7e, 0x20, 0x22, 0x11, 0x43,
	0x01, 0x76, 0x02, 0x7e, 0x40, 0x21, 0x0a, 0x43,
	0x02, 0x76, 0x7d, 0x20, 0x0a, 0x4a, 0x40, 0x01,
	0x20, 0x32, 0x90, 0x80, 0x90, 0x80, 0x08, 0x48,
	0x20, 0x38, 0x02, 0x88, 0x01, 0x23, 0x1a, 0x43,
	0x02, 0x80, 0x02, 0x89, 0x0a, 0x43, 0x02, 0x81,
	0x02, 0x20, 0x01, 0xf0, 0x4f, 0xfa, 0x70, 0xbd,
	0x00, 0x0d, 0x00, 0x20, 0x00, 0x0a, 0x00, 0x20,
	0x20, 0x48, 0x00, 0x40, 0x02, 0x48, 0x00, 0x69,
	0x00, 0x28, 0x00, 0xd0, 0x00, 0x47, 0x70, 0x47,
	0x00, 0x0a, 0x00, 0x20, 0x02, 0x48, 0xc0, 0x6b,
	0x00, 0x28, 0x00, 0xd0, 0x00, 0x47, 0x70, 0x47,
	0x00, 0x0a, 0x00, 0x20, 0x00, 0x29, 0x00, 0xd1,
	0x40, 0x08, 0x70, 0x47, 0xf8, 0xb5, 0x47, 0x4c,
	0x07, 0x46, 0x22, 0x79, 0x25, 0x46, 0x01, 0x21,
	0xc0, 0x01, 0x20, 0x3d, 0x00, 0x2a, 0x22, 0x78,
	0x52, 0xd0, 0x26, 0x46, 0x0e, 0x3e, 0x00, 0x2a,
	0x0e, 0xd0, 0x21, 0x78, 0x09, 0x29, 0x12, 0xd0,
	0x21, 0x78, 0x0a, 0x29, 0x40, 0xd3, 0x00, 0x2f,
	0x3c, 0xd0, 0xa0, 0x78, 0x61, 0x78, 0x88, 0x55,
	0x60, 0x78, 0x00, 0x28, 0x25, 0xd0, 0x2e, 0xe0,
	0x00, 0x2f, 0x62, 0xd1, 0x21, 0x70, 0x61, 0x78,
	0x00, 0x20, 0x88, 0x55, 0x42, 0xe0, 0x0a, 0x20,
	0x20, 0x70, 0xa0, 0x78, 0x00, 0xf0, 0x0c, 0xfa,
	0xb8, 0x42, 0x01, 0xd0, 0x02, 0x20, 0xf8, 0xbd,
	0x60, 0x78, 0x00, 0x28, 0x36, 0xd0, 0x60, 0x78,
	0x69, 0x7c, 0x40, 0x1c, 0x88, 0x42, 0x31, 0xd3,
	0xa0, 0x78, 0x61, 0x78, 0x88, 0x55, 0x69, 0x7c,
	0x30, 0x46, 0xff, 0xf7, 0xb5, 0xfe, 0x00, 0x28,
	0x01, 0xd0, 0x03, 0x20, 0xf8, 0xbd, 0x0c, 0x20,
	0xf8, 0xbd, 0xa0, 0x78, 0x01, 0xf0, 0x37, 0xfb,
	0x80, 0x1c, 0x68, 0x74, 0x68, 0x7c, 0x0c, 0x28,
	0x01, 0xd9, 0x05, 0x20, 0xf8, 0xbd, 0x00, 0x20,
	0x20, 0x70, 0xa0, 0x70, 0x60, 0x78, 0x40, 0x1c,
	0x60, 0x70, 0x13, 0xe0, 0x04, 0x20, 0xf8, 0xbd,
	0xa1, 0x78, 0x49, 0x08, 0x01, 0x43, 0xa1, 0x70,
	0x20, 0x78, 0x40, 0x1c, 0x20, 0x70, 0x09, 0xe0,
	0x08, 0x2a, 0x0c, 0xd0, 0xa2, 0x78, 0x52, 0x08,
	0x02, 0x43, 0xa2, 0x70, 0x20, 0x78, 0x40, 0x1c,
	0x20, 0x70, 0xe1, 0x70, 0x14, 0x48, 0x00, 0x68,
	0xa0, 0x60, 0x00, 0x20, 0xf8, 0xbd, 0xaa, 0x7a,
	0x09, 0x2a, 0xa2, 0x78, 0x0f, 0xd3, 0xd2, 0x06,
	0xd2, 0x0e, 0x0f, 0x2a, 0x01, 0xd0, 0x0d, 0x20,
	0xf8, 0xbd, 0xa2, 0x78, 0x52, 0x09, 0x52, 0x01,
	0xa2, 0x70, 0xa2, 0x78, 0x52, 0x08, 0x02, 0x43,
	0xa2, 0x70, 0x05, 0x20, 0x08, 0xe0, 0xd2, 0x07,
	0x01, 0xd0, 0x01, 0x20, 0xf8, 0xbd, 0xa2, 0x78,
	0x52, 0x08, 0x02, 0x43, 0xa2, 0x70, 0x09, 0x20,
	0x20, 0x70, 0x00, 0x20, 0xa8, 0x74, 0x21, 0x71,
	0xd8, 0xe7, 0x00, 0x00, 0x80, 0x0d, 0x00, 0x20,
	0x64, 0x12, 0x00, 0x20, 0x04, 0x49, 0x8a, 0x89,
	0x00, 0x22, 0x8a, 0x81, 0x8a, 0x89, 0x00, 0x02,
	0x02, 0x43, 0x8a, 0x81, 0x70, 0x47, 0x00, 0x00,
	0x00, 0x42, 0x00, 0x40, 0xf8, 0xb5, 0x15, 0x49,
	0x4a, 0x78, 0x08, 0x46, 0x0a, 0x24, 0x03, 0x25,
	0x20, 0x38, 0x00, 0x2a, 0x1e, 0xd1, 0x0a, 0x78,
	0x07, 0x2a, 0x1b, 0xd3, 0x8b, 0x78, 0x00, 0x21,
	0x06, 0x22, 0x94, 0x46, 0x0e, 0x4a, 0x4e, 0x00,
	0xb6, 0x18, 0xb7, 0x7a, 0x9f, 0x42, 0x02, 0xd0,
	0xf6, 0x7a, 0x9e, 0x42, 0x0a, 0xd1, 0x49, 0x00,
	0x89, 0x18, 0x89, 0x7a, 0x6a, 0x46, 0x11, 0x70,
	0x01, 0x22, 0x02, 0x23, 0x03, 0x74, 0x81, 0x74,
	0x42, 0x74, 0xf8, 0xbd, 0x49, 0x1c, 0xc9, 0xb2,
	0x61, 0x45, 0xe8, 0xd3, 0x84, 0x77, 0x05, 0x74,
	0xf8, 0xbd, 0x00, 0x00, 0x80, 0x0d, 0x00, 0x20,
	0x7c, 0x7a, 0x00, 0x00, 0x10, 0xb5, 0xff, 0xf7,
	0x2d, 0xff, 0xdb, 0x22, 0x0a, 0x49, 0x92, 0x00,
	0x8c, 0x18, 0x1b, 0x22, 0x52, 0x01, 0x89, 0x18,
	0x0c, 0x28, 0x0a, 0xd0, 0x00, 0x28, 0x07, 0xd0,
	0x03, 0x22, 0x0a, 0x74, 0x88, 0x77, 0x00, 0xf0,
	0x09, 0xf8, 0x20, 0x46, 0xfc, 0xf7, 0x52, 0xff,
	0x10, 0xbd, 0x02, 0x20, 0x08, 0x74, 0xf6, 0xe7,
	0x00, 0x0a, 0x00, 0x20, 0xf8, 0xb5, 0x01, 0x20,
	0xff, 0xf7, 0xa4, 0xff, 0x16, 0x49, 0x00, 0x20,
	0x88, 0x82, 0x16, 0x48, 0x01, 0xf0, 0xfa, 0xfa,
	0x15, 0x4d, 0x28, 0x7c, 0x2e, 0x46, 0x15, 0x4f,
	0x60, 0x3e, 0x02, 0x28, 0x01, 0xd0, 0x38, 0x68,
	0x19, 0xe0, 0x01, 0x24, 0xa8, 0x7a, 0x64, 0x02,
	0x09, 0x28, 0x00, 0xd3, 0x80, 0x24, 0x68, 0x7c,
	0x01, 0x28, 0x08, 0xd1, 0xa8, 0x7c, 0xc0, 0x09,
	0x03, 0xd0, 0x60, 0x00, 0x20, 0x18, 0x80, 0x08,
	0x00, 0xe0, 0xa0, 0x08, 0x44, 0x42, 0xfe, 0xf7,
	0xeb, 0xf9, 0x60, 0x43, 0x08, 0x49, 0xfa, 0xf7,
	0x3d, 0xf8, 0x39, 0x68, 0x08, 0x18, 0xf0, 0x66,
	0x00, 0x20, 0x28, 0x71, 0xf8, 0xbd, 0x00, 0x00,
	0x00, 0x42, 0x00, 0x40, 0x85, 0x60, 0x00, 0x00,
	0x60, 0x0d, 0x00, 0x20, 0x64, 0x12, 0x00, 0x20,
	0x40, 0x42, 0x0f, 0x00, 0x10, 0xb5, 0x13, 0x48,
	0x01, 0x79, 0x01, 0x29, 0x21, 0xd1, 0x01, 0x46,
	0x20, 0x31, 0xcb, 0x78, 0x02, 0x46, 0x20, 0x3a,
	0x00, 0x2b, 0x8b, 0x68, 0x01, 0xd0, 0x12, 0x8d,
	0x00, 0xe0, 0xd2, 0x8c, 0x9a, 0x18, 0x0c, 0x4b,
	0x1b, 0x68, 0x93, 0x42, 0x11, 0xd3, 0x0b, 0x4b,
	0x00, 0x22, 0x9a, 0x82, 0xca, 0x78, 0x03, 0x21,
	0x00, 0x2a, 0x01, 0xd0, 0x07, 0x22, 0x00, 0xe0,
	0x06, 0x22, 0x82, 0x77, 0x01, 0x74, 0xff, 0xf7,
	0xa1, 0xff, 0x02, 0x48, 0x0c, 0x30, 0xfc, 0xf7,
	0xe9, 0xfe, 0x10, 0xbd, 0x60, 0x0d, 0x00, 0x20,
	0x64, 0x12, 0x00, 0x20, 0x00, 0x42, 0x00, 0x40,
	0x70, 0x47, 0x70, 0x47, 0x70, 0x47, 0x06, 0x28,
	0x03, 0xd0, 0x51, 0x28, 0x01, 0xd0, 0x00, 0x20,
	0x70, 0x47, 0x01, 0x20, 0x70, 0x47, 0x20, 0x28,
	0x09, 0xd0, 0x07, 0x28, 0x07, 0xd0, 0x22, 0x28,
	0x05, 0xd0, 0x54, 0x28, 0x03, 0xd0, 0x55, 0x28,
	0x01, 0xd0, 0x00, 0x20, 0x70, 0x47, 0x01, 0x20,
	0x70, 0x47, 0x01, 0x28, 0x05, 0xd0, 0x71, 0x28,
	0x03, 0xd0, 0x81, 0x28, 0x01, 0xd0, 0x00, 0x20,
	0x70, 0x47, 0x01, 0x20, 0x70, 0x47, 0x03, 0x28,
	0x0b, 0xd0, 0x04, 0x28, 0x09, 0xd0, 0x31, 0x28,
	0x07, 0xd0, 0x05, 0x28, 0x05, 0xd0, 0x02, 0x28,
	0x03, 0xd0, 0x09, 0x28, 0x01, 0xd0, 0x00, 0x20,
	0x70, 0x47, 0x01, 0x20, 0x70, 0x47, 0x00, 0x00,
	0x02, 0x48, 0x00, 0x6d, 0x00, 0x28, 0x00, 0xd0,
	0x00, 0x47, 0x70, 0x47, 0x00, 0x0a, 0x00, 0x20,
	0x70, 0xb5, 0x06, 0x46, 0x14, 0x46, 0x0d, 0x46,
	0x06, 0x20, 0x01, 0xf0, 0x9d, 0xf9, 0x0f, 0x4b,
	0x00, 0x2e, 0x18, 0x78, 0x02, 0xd0, 0xe0, 0x21,
	0x08, 0x43, 0x01, 0xe0, 0x40, 0x06, 0x40, 0x0e,
	0x18, 0x70, 0x0b, 0x48, 0x01, 0x21, 0x49, 0x03,
	0x82, 0x89, 0x00, 0x2d, 0x01, 0xd0, 0x0a, 0x43,
	0x00, 0xe0, 0x8a, 0x43, 0x82, 0x81, 0x01, 0x21,
	0x09, 0x03, 0x82, 0x89, 0x00, 0x2c, 0x02, 0xd0,
	0x0a, 0x43, 0x82, 0x81, 0x70, 0xbd, 0x8a, 0x43,
	0xfb, 0xe7, 0x00, 0x00, 0x20, 0x46, 0x00, 0x40,
	0xc0, 0x5c, 0x00, 0x40, 0x70, 0xb5, 0x14, 0x4d,
	0xa8, 0x88, 0x04, 0x21, 0x88, 0x43, 0xa8, 0x80,
	0x11, 0x4c, 0x20, 0x34, 0x20, 0x7e, 0xf7, 0x21,
	0x08, 0x40, 0x20, 0x76, 0x20, 0x7e, 0x08, 0x21,
	0x08, 0x43, 0x20, 0x76, 0x20, 0x7e, 0x80, 0x26,
	0x30, 0x43, 0x20, 0x76, 0x0b, 0x48, 0x41, 0x8b,
	0x03, 0x20, 0xfc, 0xf7, 0xcd, 0xff, 0x08, 0x49,
	0x09, 0x48, 0x60, 0x31, 0x88, 0x81, 0x2e, 0x82,
	0x28, 0x88, 0x01, 0x21, 0x08, 0x43, 0x28, 0x80,
	0x28, 0x89, 0x30, 0x43, 0x28, 0x81, 0x20, 0x88,
	0x02, 0x21, 0x88, 0x43, 0x20, 0x80, 0x70, 0xbd,
	0x00, 0x48, 0x00, 0x40, 0x80, 0x0d, 0x00, 0x20,
	0x10, 0x27, 0x00, 0x00, 0x10, 0xb5, 0x10, 0x48,
	0x40, 0x8b, 0x41, 0x08, 0x08, 0x18, 0x84, 0xb2,
	0x19, 0x20, 0xc0, 0x01, 0x84, 0x42, 0x00, 0xd9,
	0x04, 0x46, 0x80, 0x20, 0x01, 0xf0, 0x3a, 0xf8,
	0x20, 0x46, 0xff, 0x38, 0x19, 0x21, 0x2d, 0x38,
	0xf9, 0xf7, 0x54, 0xff, 0x41, 0x06, 0x07, 0x48,
	0x49, 0x0e, 0x81, 0x81, 0x05, 0x4a, 0x04, 0x21,
	0x20, 0x3a, 0x91, 0x81, 0x01, 0x88, 0x02, 0x22,
	0x11, 0x43, 0x01, 0x80, 0x10, 0xbd, 0x00, 0x00,
	0x80, 0x0d, 0x00, 0x20, 0x20, 0x48, 0x00, 0x40,
	0x70, 0x47, 0x00, 0x28, 0x00, 0xdc, 0x40, 0x42,
	0x70, 0x47, 0x00, 0x00, 0x10, 0xb5, 0x0c, 0x4b,
	0x01, 0x24, 0x1c, 0x70, 0x1a, 0x82, 0x12, 0x0c,
	0x9a, 0x82, 0x0a, 0x4a, 0x9a, 0x80, 0x00, 0x22,
	0x1a, 0x81, 0x49, 0x08, 0x05, 0xe0, 0x02, 0x88,
	0x9a, 0x81, 0x80, 0x1c, 0x5a, 0x78, 0x00, 0x2a,
	0xfc, 0xd1, 0x49, 0x1e, 0xf7, 0xd2, 0x18, 0x8a,
	0x99, 0x8a, 0x09, 0x04, 0x08, 0x43, 0x10, 0xbd,
	0x00, 0x70, 0x00, 0x40, 0x21, 0x10, 0x00, 0x00,
	0x02, 0x49, 0x08, 0x83, 0x08, 0x8b, 0xc0, 0x07,
	0xc0, 0x0f, 0x70, 0x47, 0x00, 0x70, 0x00, 0x40,
	0x53, 0x1e, 0x58, 0x43, 0x10, 0xb5, 0x40, 0x18,
	0x10, 0x2a, 0x07, 0xd0, 0x08, 0x2a, 0x07, 0xd0,
	0x04, 0x2a, 0x07, 0xd0, 0x11, 0x46, 0xf9, 0xf7,
	0xf3, 0xfe, 0x10, 0xbd, 0x00, 0x11, 0x10, 0xbd,
	0xc0, 0x10, 0x10, 0xbd, 0x80, 0x10, 0x10, 0xbd,
	0x00, 0x21, 0x02, 0xe0, 0x42, 0x1e, 0x10, 0x40,
	0x49, 0x1c, 0x00, 0x28, 0xfa, 0xd1, 0x08, 0x46,
	0x70, 0x47, 0x00, 0x00, 0xf8, 0xb5, 0x2b, 0x4a,
	0x13, 0x7f, 0x12, 0x7f, 0x5b, 0x06, 0x5c, 0x0f,
	0x29, 0x4b, 0x03, 0x25, 0x2d, 0x02, 0x5d, 0x19,
	0xad, 0x7d, 0x16, 0x27, 0x19, 0x26, 0x7d, 0x43,
	0x52, 0x07, 0x76, 0x01, 0xed, 0x18, 0x52, 0x0f,
	0xab, 0x19, 0x00, 0x28, 0x06, 0xd0, 0x01, 0x28,
	0x07, 0xd0, 0x02, 0x28, 0x08, 0xd0, 0x03, 0x28,
	0x09, 0xd0, 0x22, 0xe0, 0x9c, 0x79, 0xda, 0x79,
	0x1f, 0xe0, 0x1c, 0x7a, 0x5a, 0x7a, 0x1c, 0xe0,
	0x5c, 0x7a, 0x1a, 0x7a, 0x19, 0xe0, 0x03, 0x20,
	0x00, 0x02, 0x2d, 0x18, 0x68, 0x8d, 0x0e, 0xb2,
	0x00, 0x28, 0x16, 0xd0, 0x2c, 0x20, 0x28, 0x5e,
	0x2a, 0x21, 0x69, 0x5e, 0x80, 0x19, 0xf9, 0xf7,
	0xc5, 0xfe, 0x04, 0xb2, 0xe8, 0x8d, 0x00, 0x28,
	0x0e, 0xd0, 0x30, 0x20, 0x28, 0x5e, 0x2e, 0x21,
	0x69, 0x5e, 0x80, 0x19, 0xf9, 0xf7, 0xba, 0xfe,
	0x02, 0xb2, 0x07, 0x2c, 0x07, 0xdd, 0x07, 0x24,
	0x08, 0xe0, 0x2c, 0x24, 0x2c, 0x5f, 0xed, 0xe7,
	0x30, 0x22, 0xaa, 0x5e, 0xf5, 0xe7, 0x00, 0x2c,
	0x00, 0xda, 0x00, 0x24, 0x07, 0x2a, 0x01, 0xdd,
	0x07, 0x22, 0x02, 0xe0, 0x00, 0x2a, 0x00, 0xda,
	0x00, 0x22, 0xd1, 0xb2, 0xe0, 0xb2, 0x01, 0xf0,
	0xe7, 0xf8, 0xf8, 0xbd, 0x20, 0x46, 0x00, 0x40,
	0x00, 0x0a, 0x00, 0x20, 0x10, 0xb5, 0xfe, 0xf7,
	0x71, 0xf9, 0x10, 0xbd, 0x02, 0x48, 0x40, 0x6b,
	0x00, 0x28, 0x00, 0xd0, 0x00, 0x47, 0x70, 0x47,
	0x00, 0x0a, 0x00, 0x20, 0x10, 0xb5, 0x00, 0x29,
	0x01, 0xd0, 0x0d, 0x21, 0x00, 0xe0, 0x19, 0x21,
	0xf9, 0xf7, 0x72, 0xfe, 0x10, 0xbd, 0x00, 0x00,
	0x70, 0xb5, 0xff, 0xf7, 0xb3, 0xfb, 0x04, 0x46,
	0x00, 0x05, 0x40, 0x0f, 0x0f, 0x4d, 0x00, 0x28,
	0x19, 0xd0, 0x00, 0x26, 0xf6, 0x43, 0xff, 0xf7,
	0x0f, 0xfa, 0x00, 0x28, 0x06, 0xd0, 0xa8, 0x78,
	0x01, 0x28, 0x03, 0xd0, 0x01, 0x21, 0x30, 0x46,
	0x00, 0xf0, 0x1e, 0xf8, 0x05, 0x20, 0x40, 0x02,
	0x04, 0x42, 0x02, 0xd0, 0x00, 0x22, 0x04, 0x21,
	0x01, 0xe0, 0x00, 0x22, 0x10, 0x21, 0x04, 0x48,
	0x01, 0xf0, 0xb8, 0xf8, 0x70, 0xbd, 0x00, 0x20,
	0xe8, 0x70, 0x70, 0xbd, 0x70, 0x03, 0x00, 0x20,
	0xd1, 0x63, 0x00, 0x00, 0x10, 0xb5, 0x03, 0x48,
	0x01, 0x21, 0xc1, 0x70, 0xff, 0xf7, 0xd0, 0xff,
	0x10, 0xbd, 0x00, 0x00, 0x70, 0x03, 0x00, 0x20,
	0xf3, 0xb5, 0x42, 0x4c, 0x85, 0xb0, 0x26, 0x8c,
	0xe5, 0x8b, 0x27, 0x7f, 0x00, 0x28, 0x01, 0xdb,
	0x01, 0x46, 0x00, 0xe0, 0x41, 0x42, 0x8a, 0xb2,
	0x00, 0x21, 0x00, 0x91, 0x3b, 0x49, 0x20, 0x31,
	0x01, 0x91, 0x00, 0x28, 0x30, 0xdd, 0x20, 0x8e,
	0x03, 0x90, 0xa1, 0x8d, 0x02, 0x91, 0x10, 0x46,
	0x06, 0x99, 0x00, 0xf0, 0x6d, 0xf8, 0x02, 0x99,
	0x28, 0x18, 0x88, 0x42, 0x01, 0xd8, 0x85, 0xb2,
	0x58, 0xe0, 0x40, 0x1a, 0x80, 0xb2, 0x06, 0x99,
	0xff, 0xf7, 0xd4, 0xfc, 0x02, 0x9d, 0x00, 0x28,
	0x50, 0xd0, 0x06, 0x99, 0x00, 0xf0, 0x61, 0xf8,
	0x03, 0x99, 0x30, 0x18, 0x88, 0x42, 0x01, 0xd8,
	0x86, 0xb2, 0x47, 0xe0, 0x40, 0x1a, 0x80, 0xb2,
	0x06, 0x99, 0xff, 0xf7, 0x8b, 0xff, 0x03, 0x9e,
	0x00, 0x28, 0x3f, 0xd0, 0x01, 0x98, 0x00, 0x7d,
	0x01, 0x28, 0x3b, 0xd1, 0x02, 0x2f, 0x39, 0xd1,
	0x01, 0x27, 0xe5, 0x8e, 0x26, 0x8f, 0x33, 0xe0,
	0x00, 0x28, 0x33, 0xda, 0x61, 0x8e, 0x03, 0x91,
	0xe0, 0x8d, 0x02, 0x90, 0x10, 0x46, 0x06, 0x99,
	0x00, 0xf0, 0x3f, 0xf8, 0x03, 0x99, 0x41, 0x18,
	0xb1, 0x42, 0x01, 0xd8, 0x30, 0x1a, 0xdb, 0xe7,
	0x88, 0x1b, 0x80, 0xb2, 0x06, 0x99, 0xff, 0xf7,
	0x69, 0xff, 0x03, 0x9e, 0x00, 0x28, 0x1d, 0xd0,
	0x06, 0x99, 0x00, 0xf0, 0x29, 0xf8, 0x02, 0x99,
	0x41, 0x18, 0xa9, 0x42, 0x01, 0xd8, 0x28, 0x1a,
	0xb9, 0xe7, 0x02, 0x99, 0x08, 0x18, 0x40, 0x1b,
	0x80, 0xb2, 0x06, 0x99, 0xff, 0xf7, 0x8e, 0xfc,
	0x02, 0x9d, 0x00, 0x28, 0x0a, 0xd0, 0x01, 0x98,
	0x00, 0x7d, 0x01, 0x28, 0x06, 0xd1, 0x01, 0x2f,
	0x04, 0xd1, 0x65, 0x8f, 0xa6, 0x8f, 0x02, 0x27,
	0x01, 0x20, 0x00, 0x90, 0x26, 0x84, 0xe5, 0x83,
	0x27, 0x77, 0x2a, 0x46, 0x31, 0x46, 0x38, 0x46,
	0xfe, 0xf7, 0xf8, 0xfd, 0x00, 0x98, 0x07, 0xb0,
	0xf0, 0xbd, 0x00, 0x00, 0x50, 0x03, 0x00, 0x20,
	0x00, 0x29, 0x01, 0xd1, 0x40, 0x04, 0x00, 0x0c,
	0x70, 0x47, 0x00, 0x29, 0x01, 0xd0, 0x0d, 0x21,
	0x00, 0xe0, 0x19, 0x21, 0x48, 0x43, 0x80, 0xb2,
	0x70, 0x47, 0x70, 0x47, 0x02, 0x48, 0xc0, 0x6c,
	0x00, 0x28, 0x00, 0xd0, 0x00, 0x47, 0x70, 0x47,
	0x00, 0x0a, 0x00, 0x20, 0x70, 0x47, 0x00, 0x00,
	0x05, 0x48, 0x81, 0x88, 0x05, 0x4a, 0x0c, 0x23,
	0x92, 0x7d, 0x5a, 0x43, 0x04, 0x4b, 0xd2, 0x18,
	0x92, 0x7e, 0x11, 0x43, 0x81, 0x80, 0x70, 0x47,
	0x00, 0x46, 0x00, 0x40, 0x00, 0x0d, 0x00, 0x20,
	0xa0, 0x7a, 0x00, 0x00, 0x10, 0xb5, 0x11, 0x49,
	0x44, 0x18, 0x10, 0x49, 0x40, 0x39, 0x43, 0x18,
	0x19, 0x78, 0x00, 0x22, 0x24, 0x78, 0x24, 0x06,
	0x03, 0xd5, 0x1f, 0x29, 0x05, 0xda, 0x49, 0x1c,
	0x04, 0xe0, 0x00, 0x29, 0x01, 0xdd, 0x49, 0x1e,
	0x00, 0xe0, 0x01, 0x22, 0x19, 0x70, 0x00, 0x2a,
	0x0b, 0xd0, 0x06, 0x49, 0x64, 0x39, 0x8a, 0x88,
	0x01, 0x23, 0x83, 0x40, 0x9a, 0x43, 0x8a, 0x80,
	0x00, 0x22, 0x0a, 0x21, 0x02, 0x48, 0x00, 0xf0,
	0xd1, 0xff, 0x10, 0xbd, 0x64, 0x46, 0x00, 0x40,
	0x79, 0x65, 0x00, 0x00, 0xf8, 0xb5, 0x2b, 0x4a,
	0x10, 0x78, 0xfd, 0x23, 0x18, 0x40, 0x10, 0x70,
	0x02, 0x29, 0x01, 0xd0, 0x03, 0x29, 0x06, 0xd1,
	0x00, 0xbf, 0x00, 0xbf, 0x00, 0xbf, 0x10, 0x78,
	0x02, 0x21, 0x08, 0x43, 0x10, 0x70, 0x00, 0x20,
	0x10, 0x71, 0x50, 0x71, 0x22, 0x48, 0x81, 0x7d,
	0x0c, 0x20, 0x41, 0x43, 0x21, 0x48, 0x0c, 0x18,
	0x20, 0x7c, 0x50, 0x76, 0xa1, 0x7c, 0x20, 0x7d,
	0x11, 0x29, 0x02, 0xd9, 0x11, 0x39, 0x49, 0x10,
	0x00, 0xe0, 0x00, 0x21, 0x51, 0x75, 0x11, 0x28,
	0x02, 0xd9, 0x11, 0x38, 0x40, 0x10, 0x00, 0xe0,
	0x00, 0x20, 0x10, 0x75, 0x25, 0x8b, 0xe6, 0x8a,
	0x10, 0x7f, 0x08, 0x21, 0x08, 0x43, 0x10, 0x77,
	0x28, 0x2d, 0x06, 0xd9, 0x28, 0x46, 0xc8, 0x21,
	0x28, 0x38, 0xf9, 0xf7, 0x3f, 0xfd, 0x07, 0x46,
	0x00, 0xe0, 0x00, 0x27, 0x10, 0x48, 0x00, 0x88,
	0x00, 0x09, 0x00, 0x01, 0x07, 0x43, 0x28, 0x2e,
	0x06, 0xd9, 0x28, 0x46, 0xc8, 0x21, 0x28, 0x38,
	0xf9, 0xf7, 0x30, 0xfd, 0x80, 0x00, 0x00, 0xe0,
	0x00, 0x20, 0x07, 0x43, 0x08, 0x48, 0x07, 0x80,
	0x04, 0x48, 0x03, 0x21, 0x20, 0x38, 0x01, 0x81,
	0x81, 0x88, 0xa2, 0x7e, 0x11, 0x43, 0x81, 0x80,
	0xf8, 0xbd, 0x00, 0x00, 0x20, 0x46, 0x00, 0x40,
	0x00, 0x0d, 0x00, 0x20, 0xa0, 0x7a, 0x00, 0x00,
	0xe0, 0x5c, 0x00, 0x40, 0xf0, 0xb5, 0x30, 0x49,
	0x30, 0x4b, 0x02, 0x46, 0x08, 0x7e, 0x5c, 0x7a,
	0x89, 0x7d, 0xa5, 0x07, 0x2e, 0x4c, 0x16, 0x27,
	0x03, 0x26, 0x79, 0x43, 0x36, 0x02, 0x09, 0x19,
	0x89, 0x19, 0x00, 0x2d, 0x0d, 0xdb, 0x4b, 0x8c,
	0x88, 0x8c, 0x83, 0x42, 0x02, 0xd9, 0x00, 0x20,
	0x89, 0x8b, 0x0f, 0xe0, 0x09, 0x8c, 0x81, 0x42,
	0x01, 0xd8, 0x03, 0x20, 0xf0, 0xbd, 0x01, 0x20,
	0xf0, 0xbd, 0x5b, 0x7a, 0x5b, 0x07, 0x07, 0xd5,
	0xcb, 0x8b, 0x11, 0x88, 0x03, 0x20, 0x8b, 0x42,
	0x00, 0xd9, 0x19, 0x46, 0x11, 0x80, 0xf0, 0xbd,
	0x00, 0x28, 0x0d, 0xd0, 0x01, 0x28, 0x19, 0xd0,
	0x02, 0x28, 0x26, 0xd0, 0x03, 0x28, 0xf6, 0xd1,
	0x12, 0x88, 0x8b, 0x8c, 0xd2, 0x18, 0x4b, 0x8c,
	0x9a, 0x42, 0x25, 0xd2, 0x00, 0x20, 0xf0, 0xbd,
	0x0c, 0x8c, 0x8b, 0x8c, 0x9c, 0x42, 0xdc, 0xd9,
	0x49, 0x8c, 0x99, 0x42, 0xdb, 0xd9, 0x12, 0x88,
	0xe3, 0x18, 0x93, 0x42, 0xd5, 0xd3, 0x8a, 0x42,
	0xd5, 0xd8, 0xf0, 0xbd, 0x0c, 0x8c, 0x8b, 0x8c,
	0x12, 0x88, 0xe5, 0x18, 0x95, 0x42, 0xcc, 0xd3,
	0xa2, 0x42, 0x01, 0xd9, 0x02, 0x20, 0xf0, 0xbd,
	0x49, 0x8c, 0xd2, 0x18, 0x8a, 0x42, 0xe1, 0xd3,
	0xf0, 0xbd, 0x10, 0x88, 0x8a, 0x8c, 0x09, 0x8c,
	0x80, 0x18, 0x88, 0x42, 0xbf, 0xd3, 0xbc, 0xe7,
	0x09, 0x8c, 0x8a, 0x42, 0xbb, 0xd3, 0xf0, 0xbd,
	0x00, 0x0d, 0x00, 0x20, 0x40, 0x48, 0x00, 0x40,
	0x00, 0x0a, 0x00, 0x20, 0xff, 0xb5, 0x81, 0xb0,
	0x05, 0x46, 0x42, 0x79, 0x03, 0x98, 0x08, 0x18,
	0xa9, 0x79, 0x00, 0x29, 0x03, 0xd0, 0x29, 0x79,
	0x81, 0x42, 0x02, 0xd3, 0x04, 0xe0, 0x82, 0x42,
	0x02, 0xd2, 0x00, 0x20, 0x05, 0xb0, 0xf0, 0xbd,
	0x29, 0x79, 0x00, 0x91, 0x8a, 0x18, 0x10, 0x1a,
	0x86, 0xb2, 0xb1, 0x42, 0x03, 0xd8, 0x30, 0x46,
	0xf9, 0xf7, 0x7e, 0xfc, 0x0e, 0x46, 0x00, 0x27,
	0x3c, 0x46, 0x0d, 0xe0, 0x30, 0x19, 0x00, 0x99,
	0x80, 0xb2, 0x81, 0x42, 0x02, 0xd8, 0xf9, 0xf7,
	0x73, 0xfc, 0x08, 0x46, 0x29, 0x68, 0x40, 0x00,
	0x08, 0x5a, 0xc7, 0x19, 0x64, 0x1c, 0xe4, 0xb2,
	0x03, 0x98, 0x84, 0x42, 0xee, 0xd3, 0x01, 0x46,
	0x38, 0x46, 0xf9, 0xf7, 0x65, 0xfc, 0x04, 0x99,
	0x08, 0x60, 0x01, 0x20, 0xd6, 0xe7, 0x00, 0x21,
	0x41, 0x71, 0x81, 0x71, 0x70, 0x47, 0x81, 0x79,
	0x00, 0x29, 0x01, 0xd0, 0x00, 0x79, 0x70, 0x47,
	0x40, 0x79, 0x70, 0x47, 0x00, 0x23, 0x43, 0x71,
	0x01, 0x60, 0x83, 0x71, 0x02, 0x71, 0x70, 0x47,
	0x43, 0x79, 0x02, 0x68, 0x5b, 0x00, 0xd1, 0x52,
	0x41, 0x79, 0x49, 0x1c, 0xc9, 0xb2, 0x41, 0x71,
	0x02, 0x79, 0x91, 0x42, 0x03, 0xd3, 0x00, 0x21,
	0x41, 0x71, 0x01, 0x21, 0x81, 0x71, 0x70, 0x47,
	0x70, 0x47, 0x00, 0x00, 0x70, 0xb5, 0x0d, 0x4c,
	0x0d, 0x4d, 0xc0, 0x07, 0x03, 0xd0, 0xa0, 0x69,
	0xa8, 0x43, 0xa0, 0x61, 0x70, 0xbd, 0x01, 0x20,
	0x80, 0x03, 0xfd, 0xf7, 0x15, 0xf8, 0xa0, 0x69,
	0x28, 0x43, 0xa0, 0x61, 0x01, 0x20, 0x80, 0x02,
	0xfb, 0xf7, 0x5a, 0xf8, 0x00, 0x20, 0xfd, 0xf7,
	0xa1, 0xff, 0xfd, 0xf7, 0x99, 0xff, 0xfd, 0xf7,
	0x8b, 0xff, 0xfe, 0xe7, 0x00, 0x00, 0x00, 0x20,
	0x00, 0x01, 0x00, 0x00, 0x10, 0xb5, 0xfa, 0xf7,
	0x0b, 0xf9, 0xfa, 0xf7, 0x13, 0xfb, 0x0d, 0x48,
	0x81, 0x7f, 0x40, 0x7f, 0xfc, 0xf7, 0x28, 0xfa,
	0xf9, 0xf7, 0xd8, 0xff, 0x00, 0xf0, 0x5c, 0xf8,
	0x01, 0x22, 0x11, 0x46, 0x08, 0x48, 0x00, 0xf0,
	0x75, 0xfe, 0xfa, 0xf7, 0xd9, 0xfe, 0x00, 0x28,
	0x04, 0xd0, 0x00, 0x22, 0x01, 0x21, 0x05, 0x48,
	0x00, 0xf0, 0x6c, 0xfe, 0xfa, 0xf7, 0xae, 0xff,
	0x10, 0xbd, 0x00, 0x00, 0x3c, 0x7b, 0x00, 0x00,
	0xad, 0x69, 0x00, 0x00, 0xb5, 0x15, 0x00, 0x00,
	0x70, 0xb5, 0x1e, 0x4c, 0x1e, 0x48, 0xa1, 0x6b,
	0x02, 0x68, 0x4b, 0x23, 0x52, 0x1a, 0x21, 0x46,
	0x1b, 0x01, 0x20, 0x31, 0x9a, 0x42, 0x09, 0xd9,
	0x04, 0x22, 0x0a, 0x73, 0x00, 0x68, 0xa0, 0x63,
	0xe2, 0x6b, 0x00, 0x2a, 0x1a, 0xd0, 0x00, 0x21,
	0x20, 0x20, 0x25, 0xe0, 0x22, 0x8e, 0x60, 0x8e,
	0x82, 0x42, 0x14, 0xd0, 0x11, 0x4b, 0xe6, 0x8e,
	0x48, 0x33, 0x9b, 0x89, 0xa5, 0x8e, 0x9b, 0x1b,
	0x82, 0x42, 0x01, 0xd9, 0xeb, 0x42, 0x0a, 0xd4,
	0x82, 0x42, 0x02, 0xd2, 0x5a, 0x1b, 0x00, 0x2a,
	0x05, 0xdc, 0x00, 0x22, 0x02, 0x21, 0x0b, 0x48,
	0x00, 0xf0, 0x34, 0xfe, 0x70, 0xbd, 0x20, 0x86,
	0x02, 0x20, 0x08, 0x73, 0xe0, 0x8d, 0xa0, 0x81,
	0xe0, 0x83, 0xfd, 0xf7, 0x17, 0xf9, 0xe2, 0x6b,
	0x00, 0x2a, 0xf3, 0xd0, 0x00, 0x21, 0x10, 0x20,
	0x90, 0x47, 0x70, 0xbd, 0x90, 0x03, 0x00, 0x20,
	0x64, 0x12, 0x00, 0x20, 0xc1, 0x68, 0x00, 0x00,
	0x10, 0xb5, 0x17, 0x48, 0x00, 0x7c, 0xfa, 0xf7,
	0x47, 0xff, 0x15, 0x48, 0x03, 0x21, 0x48, 0x30,
	0xfd, 0xf7, 0x44, 0xfc, 0x12, 0x48, 0x03, 0x21,
	0x5c, 0x30, 0xfd, 0xf7, 0xc5, 0xfc, 0x10, 0x48,
	0x40, 0x30, 0xc1, 0x8e, 0x80, 0x8e, 0xfd, 0xf7,
	0x6f, 0xfd, 0xfc, 0xf7, 0x73, 0xf9, 0xfd, 0xf7,
	0x77, 0xf9, 0x0b, 0x4b, 0xe4, 0x33, 0x1a, 0x46,
	0x64, 0x3a, 0x11, 0x46, 0x56, 0x31, 0x08, 0x46,
	0x48, 0x38, 0x00, 0xf0, 0x61, 0xfb, 0x06, 0x48,
	0xa2, 0x30, 0xfd, 0xf7, 0x43, 0xfb, 0x04, 0x48,
	0x78, 0x30, 0xfc, 0xf7, 0x4b, 0xf8, 0x02, 0x48,
	0xd0, 0x30, 0xfc, 0xf7, 0xdd, 0xfa, 0x10, 0xbd,
	0x1c, 0x7b, 0x00, 0x00, 0x10, 0xb5, 0x05, 0x48,
	0xc0, 0x89, 0x80, 0xb2, 0xfd, 0xf7, 0x64, 0xfc,
	0xfd, 0xf7, 0x00, 0xfd, 0xf9, 0xf7, 0xb6, 0xff,
	0x10, 0xbd, 0x00, 0x00, 0xd8, 0x03, 0x00, 0x20,
	0x10, 0xb5, 0x09, 0x49, 0x09, 0x78, 0xc9, 0x06,
	0x0c, 0xd4, 0x08, 0x49, 0x4b, 0x88, 0xca, 0x88,
	0x07, 0x49, 0x88, 0x42, 0x01, 0xd2, 0x07, 0x49,
	0x01, 0xe0, 0x7d, 0x21, 0xc9, 0x00, 0xc8, 0x20,
	0xf9, 0xf7, 0x3c, 0xff, 0x10, 0xbd, 0x00, 0x00,
	0x30, 0x03, 0x00, 0x20, 0x9c, 0x7b, 0x00, 0x00,
	0x4c, 0x1d, 0x00, 0x00, 0xc4, 0x09, 0x00, 0x00,
	0x10, 0xb5, 0x0e, 0x4a, 0x10, 0x72, 0x08, 0x28,
	0x06, 0xd0, 0x0b, 0xdc, 0x01, 0x28, 0x08, 0xd0,
	0x02, 0x28, 0x06, 0xd0, 0x04, 0x28, 0x04, 0xd1,
	0x08, 0x46, 0x00, 0xf0, 0xc1, 0xfa, 0xf9, 0xf7,
	0xfd, 0xfe, 0x10, 0xbd, 0x10, 0x28, 0x05, 0xd0,
	0x20, 0x28, 0xfa, 0xd1, 0xc0, 0x01, 0xfa, 0xf7,
	0x6f, 0xff, 0x10, 0xbd, 0x01, 0x20, 0xc0, 0x02,
	0xf9, 0xe7, 0x00, 0x00, 0xc0, 0x00, 0x00, 0x20,
	0xf0, 0xb5, 0x61, 0x4c, 0x85, 0xb0, 0x60, 0x7b,
	0x00, 0x28, 0x05, 0xd1, 0xa0, 0x7b, 0x00, 0x28,
	0x02, 0xd1, 0xe0, 0x7b, 0x00, 0x28, 0x7d, 0xd0,
	0xfa, 0xf7, 0x48, 0xff, 0x60, 0x7b, 0x5a, 0x4e,
	0x80, 0x07, 0x00, 0x27, 0xa0, 0x36, 0x00, 0x28,
	0x1c, 0xda, 0x01, 0x20, 0xf9, 0xf7, 0x78, 0xfe,
	0x00, 0x28, 0x17, 0xd1, 0x30, 0x46, 0x0c, 0x21,
	0x21, 0x30, 0xf9, 0xf7, 0x5c, 0xfb, 0xb7, 0x72,
	0x77, 0x72, 0x4b, 0x21, 0x51, 0x48, 0xc9, 0x00,
	0x00, 0x91, 0x01, 0x90, 0x02, 0x97, 0x01, 0x23,
	0x4f, 0x4a, 0x03, 0x97, 0x00, 0x21, 0x4f, 0x48,
	0xf9, 0xf7, 0x14, 0xfd, 0x60, 0x7b, 0xfd, 0x21,
	0x08, 0x40, 0x60, 0x73, 0x60, 0x7b, 0x48, 0x4d,
	0x40, 0x07, 0x60, 0x35, 0x00, 0x28, 0x08, 0xda,
	0xe8, 0x8f, 0xfa, 0xf7, 0x89, 0xf8, 0x00, 0x28,
	0x03, 0xd1, 0x60, 0x7b, 0xfb, 0x21, 0x08, 0x40,
	0x60, 0x73, 0x60, 0x7b, 0x00, 0x07, 0x0e, 0xd5,
	0x01, 0x20, 0xf9, 0xf7, 0x49, 0xfe, 0x00, 0x28,
	0x09, 0xd0, 0xf2, 0x88, 0xb1, 0x88, 0x70, 0x88,
	0x3f, 0x4b, 0xf9, 0xf7, 0x53, 0xfb, 0x00, 0x28,
	0x6c, 0xd0, 0xf9, 0xf7, 0x9b, 0xfe, 0x60, 0x7b,
	0xc0, 0x06, 0x0a, 0xd5, 0x36, 0x48, 0xc0, 0x30,
	0x40, 0x7b, 0x1e, 0x22, 0x03, 0x21, 0xf9, 0xf7,
	0xad, 0xfd, 0x60, 0x7b, 0xef, 0x21, 0x08, 0x40,
	0x60, 0x73, 0x60, 0x7b, 0x80, 0x06, 0x0e, 0xd5,
	0x34, 0x48, 0x00, 0x8c, 0xfa, 0xf7, 0x5c, 0xf8,
	0x33, 0x48, 0x00, 0x22, 0xc7, 0x81, 0x32, 0x21,
	0x32, 0x48, 0x00, 0xf0, 0x33, 0xfd, 0x60, 0x7b,
	0xdf, 0x21, 0x08, 0x40, 0x60, 0x73, 0x60, 0x7b,
	0xbf, 0x27, 0x40, 0x06, 0x00, 0x28, 0x04, 0xda,
	0x00, 0xf0, 0xbe, 0xfa, 0x60, 0x7b, 0x38, 0x40,
	0x60, 0x73, 0x60, 0x7b, 0x00, 0x06, 0x06, 0xd5,
	0x29, 0x48, 0xfc, 0xf7, 0xbf, 0xf8, 0x60, 0x7b,
	0x40, 0x06, 0x40, 0x0e, 0x60, 0x73, 0xa0, 0x7b,
	0xc0, 0x07, 0x00, 0xe0, 0x30, 0xe0, 0x09, 0xd0,
	0x6b, 0x89, 0x2a, 0x89, 0xe9, 0x88, 0x01, 0x20,
	0xfd, 0xf7, 0x2c, 0xfb, 0xa0, 0x7b, 0x40, 0x08,
	0x40, 0x00, 0xa0, 0x73, 0xa0, 0x7b, 0x00, 0x07,
	0x1a, 0xd5, 0x2b, 0x8e, 0xaa, 0x8e, 0xe9, 0x8d,
	0x68, 0x8e, 0xf9, 0xf7, 0x67, 0xfe, 0x00, 0x28,
	0x0e, 0xd0, 0x2b, 0x8e, 0xaa, 0x8e, 0xe9, 0x8d,
	0x68, 0x8e, 0xf9, 0xf7, 0x6b, 0xfe, 0x14, 0x48,
	0x60, 0x38, 0x02, 0x78, 0x10, 0x21, 0x0a, 0x43,
	0x02, 0x70, 0x20, 0x7a, 0x08, 0x43, 0x20, 0x72,
	0xa0, 0x7b, 0xf7, 0x21, 0x08, 0x40, 0xa0, 0x73,
	0xa0, 0x7b, 0x40, 0x06, 0x04, 0xd5, 0xa8, 0x8f,
	0xf0, 0x85, 0xa0, 0x7b, 0x38, 0x40, 0xa0, 0x73,
	0x05, 0xb0, 0xf0, 0xbd, 0x60, 0x7b, 0xf7, 0x21,
	0x08, 0x40, 0x60, 0x73, 0x8f, 0xe7, 0x00, 0x00,
	0x20, 0x00, 0x00, 0x20, 0xcd, 0x6f, 0x00, 0x00,
	0x8d, 0x6f, 0x00, 0x00, 0x6d, 0x6f, 0x00, 0x00,
	0x01, 0x6a, 0x00, 0x00, 0x9c, 0x7b, 0x00, 0x00,
	0x90, 0x03, 0x00, 0x20, 0x51, 0x02, 0x00, 0x00,
	0x70, 0x01, 0x00, 0x20, 0x70, 0xb5, 0x45, 0x4c,
	0x20, 0x78, 0x45, 0x4d, 0x29, 0x7a, 0x88, 0x42,
	0x7d, 0xd0, 0x20, 0x78, 0x29, 0x7a, 0x08, 0x26,
	0x48, 0x40, 0x00, 0x07, 0x00, 0x28, 0x0f, 0xda,
	0x28, 0x7a, 0x00, 0x07, 0x05, 0xd5, 0x01, 0x20,
	0xfd, 0xf7, 0x54, 0xfc, 0x20, 0x78, 0x30, 0x43,
	0x05, 0xe0, 0x00, 0x20, 0xfd, 0xf7, 0x4e, 0xfc,
	0x20, 0x78, 0xf7, 0x21, 0x08, 0x40, 0x20, 0x70,
	0x20, 0x78, 0x29, 0x7a, 0x48, 0x40, 0x40, 0x07,
	0x17, 0xd5, 0x28, 0x7a, 0x04, 0x21, 0x42, 0x07,
	0x32, 0x48, 0x40, 0x30, 0x00, 0x2a, 0x05, 0xda,
	0x18, 0x22, 0x02, 0x71, 0x41, 0x71, 0x20, 0x78,
	0x08, 0x43, 0x04, 0xe0, 0x06, 0x71, 0x41, 0x71,
	0x20, 0x78, 0xfb, 0x21, 0x08, 0x40, 0x20, 0x70,
	0x2b, 0x48, 0x60, 0x30, 0x81, 0x8f, 0x40, 0x30,
	0xc1, 0x85, 0x20, 0x78, 0x29, 0x7a, 0x48, 0x40,
	0x80, 0x07, 0x10, 0xd5, 0x28, 0x7a, 0x80, 0x07,
	0x06, 0xd5, 0x00, 0x20, 0xfc, 0xf7, 0x4a, 0xfd,
	0x20, 0x78, 0x02, 0x21, 0x08, 0x43, 0x05, 0xe0,
	0x01, 0x20, 0xfc, 0xf7, 0x43, 0xfd, 0x20, 0x78,
	0xfd, 0x21, 0x08, 0x40, 0x20, 0x70, 0x20, 0x78,
	0x29, 0x7a, 0x48, 0x40, 0xc0, 0x07, 0x09, 0xd0,
	0x28, 0x7a, 0xc0, 0x07, 0x20, 0x78, 0x02, 0xd0,
	0x01, 0x21, 0x08, 0x43, 0x01, 0xe0, 0x40, 0x08,
	0x40, 0x00, 0x20, 0x70, 0x20, 0x78, 0x29, 0x7a,
	0x48, 0x40, 0xc0, 0x06, 0x09, 0xd5, 0x28, 0x7a,
	0xc0, 0x06, 0x20, 0x78, 0x02, 0xd5, 0x10, 0x21,
	0x08, 0x43, 0x01, 0xe0, 0xef, 0x21, 0x08, 0x40,
	0x20, 0x70, 0x20, 0x78, 0x29, 0x7a, 0x48, 0x40,
	0x80, 0x06, 0x15, 0xd5, 0x28, 0x7a, 0x80, 0x06,
	0x0e, 0xd5, 0x0a, 0x48, 0x00, 0x21, 0x20, 0x30,
	0x01, 0x74, 0x09, 0x49, 0xc0, 0x31, 0xca, 0x7c,
	0x82, 0x74, 0x89, 0x7c, 0x41, 0x74, 0x20, 0x78,
	0x20, 0x21, 0x08, 0x43, 0x03, 0xe0, 0x03, 0xe0,
	0x20, 0x78, 0xdf, 0x21, 0x08, 0x40, 0x20, 0x70,
	0x70, 0xbd, 0x00, 0x00, 0x30, 0x03, 0x00, 0x20,
	0x20, 0x00, 0x00, 0x20, 0x06, 0x49, 0x8a, 0x6a,
	0x02, 0x42, 0x8a, 0x6a, 0x03, 0xd0, 0x82, 0x43,
	0x8a, 0x62, 0x01, 0x20, 0x70, 0x47, 0x02, 0x43,
	0x8a, 0x62, 0x00, 0x20, 0x70, 0x47, 0x00, 0x00,
	0x10, 0x03, 0x00, 0x20, 0xf8, 0xb5, 0x8b, 0x4e,
	0x30, 0x8f, 0x8b, 0x4c, 0x61, 0x8a, 0x88, 0x42,
	0x09, 0xd0, 0x01, 0x20, 0xff, 0xf7, 0xe6, 0xff,
	0x00, 0x28, 0x04, 0xd0, 0x60, 0x8a, 0x30, 0x87,
	0x30, 0x8f, 0xfc, 0xf7, 0x55, 0xfd, 0x70, 0x8e,
	0xa1, 0x89, 0x88, 0x42, 0x0a, 0xd0, 0x01, 0x20,
	0x80, 0x03, 0xff, 0xf7, 0xd7, 0xff, 0x00, 0x28,
	0x04, 0xd0, 0xa0, 0x89, 0x70, 0x86, 0x70, 0x8e,
	0xfc, 0xf7, 0x3c, 0xfd, 0xf0, 0x8e, 0x21, 0x8a,
	0x88, 0x42, 0x09, 0xd0, 0x02, 0x20, 0xff, 0xf7,
	0xc9, 0xff, 0x00, 0x28, 0x04, 0xd0, 0x20, 0x8a,
	0xf0, 0x86, 0xf0, 0x8e, 0xfc, 0xf7, 0xe0, 0xfe,
	0x70, 0x8f, 0xa1, 0x8a, 0x88, 0x42, 0x09, 0xd0,
	0x04, 0x20, 0xff, 0xf7, 0xbb, 0xff, 0x00, 0x28,
	0x04, 0xd0, 0xa0, 0x8a, 0x70, 0x87, 0x70, 0x8f,
	0xfc, 0xf7, 0x64, 0xfd, 0xb0, 0x8f, 0xe1, 0x8a,
	0x88, 0x42, 0x0a, 0xd0, 0x01, 0x20, 0xc0, 0x03,
	0xff, 0xf7, 0xac, 0xff, 0x00, 0x28, 0x04, 0xd0,
	0xe0, 0x8a, 0xb0, 0x87, 0xb0, 0x8f, 0xfc, 0xf7,
	0xbd, 0xfc, 0xb0, 0x8e, 0xe1, 0x89, 0x88, 0x42,
	0x0a, 0xd0, 0x01, 0x20, 0x00, 0x04, 0xff, 0xf7,
	0x9d, 0xff, 0x00, 0x28, 0x04, 0xd0, 0xe0, 0x89,
	0xb0, 0x86, 0xb0, 0x8e, 0xfc, 0xf7, 0xb6, 0xfc,
	0xf0, 0x8f, 0x21, 0x8b, 0x88, 0x42, 0x09, 0xd0,
	0x10, 0x20, 0xff, 0xf7, 0x8f, 0xff, 0x00, 0x28,
	0x04, 0xd0, 0x20, 0x8b, 0xf0, 0x87, 0xf0, 0x8f,
	0xfc, 0xf7, 0x08, 0xfc, 0x57, 0x4d, 0x40, 0x35,
	0x28, 0x88, 0x61, 0x8b, 0x88, 0x42, 0x03, 0xd1,
	0x68, 0x88, 0xa1, 0x8b, 0x88, 0x42, 0x0c, 0xd0,
	0x20, 0x20, 0xff, 0xf7, 0x7b, 0xff, 0x00, 0x28,
	0x07, 0xd0, 0x60, 0x8b, 0x28, 0x80, 0xa0, 0x8b,
	0x68, 0x80, 0x69, 0x88, 0x28, 0x88, 0xfc, 0xf7,
	0x7f, 0xfc, 0xa8, 0x88, 0x21, 0x8c, 0x88, 0x42,
	0x06, 0xd0, 0x80, 0x20, 0xff, 0xf7, 0x6a, 0xff,
	0x00, 0x28, 0x01, 0xd0, 0x20, 0x8c, 0xa8, 0x80,
	0xe8, 0x88, 0x61, 0x8c, 0x05, 0x27, 0xff, 0x01,
	0x88, 0x42, 0x11, 0xd0, 0xff, 0x20, 0x01, 0x30,
	0xff, 0xf7, 0x5c, 0xff, 0x00, 0x28, 0x0b, 0xd0,
	0x60, 0x8c, 0xb8, 0x42, 0x00, 0xd8, 0x60, 0x8c,
	0x61, 0x8c, 0x38, 0x46, 0x81, 0x42, 0x00, 0xd8,
	0x60, 0x8c, 0x60, 0x84, 0x60, 0x8c, 0xe8, 0x80,
	0x28, 0x89, 0xa1, 0x8c, 0x88, 0x42, 0x07, 0xd0,
	0x01, 0x20, 0x40, 0x02, 0xff, 0xf7, 0x46, 0xff,
	0x00, 0x28, 0x01, 0xd0, 0xa0, 0x8c, 0x28, 0x81,
	0x68, 0x89, 0xe1, 0x8c, 0x88, 0x42, 0x10, 0xd0,
	0x01, 0x20, 0x80, 0x02, 0xff, 0xf7, 0x3a, 0xff,
	0x00, 0x28, 0x0a, 0xd0, 0xe0, 0x8c, 0xb8, 0x42,
	0x00, 0xd8, 0xe0, 0x8c, 0xe0, 0x8c, 0xb8, 0x42,
	0x00, 0xd8, 0xe7, 0x8c, 0xe7, 0x84, 0xe0, 0x8c,
	0x68, 0x81, 0xa8, 0x7b, 0x2a, 0x4f, 0x20, 0x37,
	0xb9, 0x7e, 0x88, 0x42, 0x04, 0xd0, 0xb8, 0x7e,
	0xa8, 0x73, 0xa8, 0x7b, 0xfc, 0xf7, 0xe2, 0xf8,
	0xe8, 0x7b, 0xf9, 0x7e, 0x88, 0x42, 0x05, 0xd0,
	0xf8, 0x7e, 0xe8, 0x73, 0xf8, 0x7e, 0xe8, 0x73,
	0xf9, 0xf7, 0x42, 0xfd, 0xb0, 0x8d, 0x21, 0x88,
	0x88, 0x42, 0x07, 0xd0, 0x01, 0x20, 0xc0, 0x02,
	0xff, 0xf7, 0x10, 0xff, 0x00, 0x28, 0x01, 0xd0,
	0x20, 0x88, 0xb0, 0x85, 0xf0, 0x8d, 0x61, 0x88,
	0x01, 0x27, 0x3f, 0x03, 0x88, 0x42, 0x06, 0xd0,
	0x38, 0x46, 0xff, 0xf7, 0x03, 0xff, 0x00, 0x28,
	0x01, 0xd0, 0x60, 0x88, 0xf0, 0x85, 0x30, 0x8e,
	0xa1, 0x88, 0x88, 0x42, 0x06, 0xd0, 0x38, 0x46,
	0xff, 0xf7, 0xf8, 0xfe, 0x00, 0x28, 0x01, 0xd0,
	0xa0, 0x88, 0x30, 0x86, 0xa8, 0x89, 0xa1, 0x8d,
	0x88, 0x42, 0x16, 0xd0, 0x01, 0x20, 0x40, 0x03,
	0xff, 0xf7, 0xec, 0xfe, 0x00, 0x28, 0x10, 0xd0,
	0xa1, 0x8d, 0x0a, 0x48, 0x81, 0x42, 0x05, 0xd8,
	0xa2, 0x8d, 0x09, 0x49, 0x8a, 0x42, 0x01, 0xd2,
	0x08, 0x46, 0x03, 0xe0, 0xa1, 0x8d, 0x81, 0x42,
	0x00, 0xd8, 0xa0, 0x8d, 0xa0, 0x85, 0xa0, 0x8d,
	0xa8, 0x81, 0xf8, 0xbd, 0x10, 0x03, 0x00, 0x20,
	0x80, 0x00, 0x00, 0x20, 0xff, 0xff, 0x00, 0x00,
	0xb8, 0x0b, 0x00, 0x00, 0x10, 0xb5, 0x04, 0x46,
	0x05, 0x48, 0xc0, 0x7a, 0x00, 0xf0, 0xdb, 0xfa,
	0x03, 0x49, 0x42, 0x1c, 0x0b, 0x31, 0x20, 0x46,
	0xf9, 0xf7, 0xc0, 0xf8, 0x10, 0xbd, 0x00, 0x00,
	0xc0, 0x00, 0x00, 0x20, 0x10, 0xb5, 0x03, 0x48,
	0x80, 0x21, 0x41, 0x72, 0x08, 0x46, 0xfa, 0xf7,
	0xbb, 0xfc, 0x10, 0xbd, 0xc0, 0x00, 0x00, 0x20,
	0x10, 0xb5, 0x01, 0x79, 0x02, 0x29, 0x04, 0xd0,
	0x01, 0x20, 0x40, 0x02, 0xfa, 0xf7, 0xb0, 0xfc,
	0x10, 0xbd, 0x42, 0x79, 0x81, 0x1d, 0x04, 0x48,
	0xf9, 0xf7, 0xa4, 0xf8, 0x02, 0x48, 0x80, 0x21,
	0x21, 0x38, 0x81, 0x72, 0x48, 0x00, 0xf1, 0xe7,
	0xe1, 0x00, 0x00, 0x20, 0x10, 0xb5, 0xff, 0xf7,
	0xe7, 0xff, 0xf9, 0xf7, 0x23, 0xfc, 0x10, 0xbd,
	0x70, 0xb5, 0x0d, 0x4a, 0x05, 0x46, 0x10, 0x7b,
	0x14, 0x46, 0x01, 0x07, 0x20, 0x3c, 0x00, 0x29,
	0x03, 0xdb, 0x28, 0x32, 0xd0, 0x89, 0xe0, 0x86,
	0x02, 0xe0, 0xf7, 0x21, 0x08, 0x40, 0x10, 0x73,
	0x00, 0x22, 0x02, 0x21, 0x05, 0x48, 0x00, 0xf0,
	0xc1, 0xfa, 0xe2, 0x6b, 0x00, 0x2a, 0x02, 0xd0,
	0x29, 0x46, 0x02, 0x20, 0x90, 0x47, 0x70, 0xbd,
	0xb0, 0x03, 0x00, 0x20, 0xc1, 0x68, 0x00, 0x00,
	0x70, 0xb5, 0x04, 0x46, 0x00, 0x79, 0x08, 0x25,
	0x02, 0x28, 0x0a, 0xd0, 0xa8, 0x01, 0xfa, 0xf7,
	0x73, 0xfc, 0x07, 0x48, 0xc2, 0x6b, 0x00, 0x2a,
	0x02, 0xd0, 0x21, 0x46, 0x28, 0x46, 0x90, 0x47,
	0x70, 0xbd, 0x04, 0x48, 0x80, 0x21, 0x81, 0x72,
	0x04, 0x25, 0x48, 0x00, 0xef, 0xe7, 0x00, 0x00,
	0x90, 0x03, 0x00, 0x20, 0xc0, 0x00, 0x00, 0x20,
	0xf8, 0xb5, 0x0f, 0x46, 0x06, 0x46, 0x14, 0x46,
	0x3c, 0x21, 0x12, 0x48, 0xf9, 0xf7, 0x6b, 0xf8,
	0x10, 0x4d, 0x70, 0x8a, 0x0c, 0x3d, 0x10, 0x49,
	0xa8, 0x81, 0xc8, 0x87, 0xba, 0x88, 0x2a, 0x86,
	0x40, 0x31, 0x48, 0x80, 0x8a, 0x80, 0x63, 0x88,
	0xe2, 0x88, 0x21, 0x88, 0xa0, 0x88, 0xf9, 0xf7,
	0xf1, 0xfb, 0x70, 0x8a, 0xe8, 0x83, 0x20, 0x89,
	0x28, 0x84, 0x08, 0x48, 0x81, 0x89, 0x28, 0x46,
	0x40, 0x30, 0x81, 0x80, 0x00, 0x21, 0x41, 0x80,
	0xc1, 0x71, 0xa9, 0x74, 0x30, 0x46, 0xfc, 0xf7,
	0x0f, 0xf9, 0xf8, 0xbd, 0x9c, 0x03, 0x00, 0x20,
	0x80, 0x00, 0x00, 0x20, 0x9c, 0x7b, 0x00, 0x00,
	0x06, 0x4a, 0x10, 0xb5, 0x00, 0x20, 0x11, 0x46,
	0x50, 0x80, 0x40, 0x39, 0x88, 0x74, 0x08, 0x82,
	0x01, 0x20, 0xd0, 0x71, 0xfc, 0xf7, 0x4c, 0xfc,
	0x10, 0xbd, 0x00, 0x00, 0xd0, 0x03, 0x00, 0x20,
	0x10, 0xb5, 0x1a, 0x48, 0x00, 0x7d, 0x1a, 0x4c,
	0x01, 0x07, 0x20, 0x8a, 0x00, 0x29, 0x11, 0xda,
	0x10, 0x21, 0x08, 0x43, 0x20, 0x82, 0xe0, 0x68,
	0x04, 0x21, 0x08, 0x43, 0xe0, 0x60, 0x32, 0x22,
	0x00, 0x21, 0x01, 0x20, 0x00, 0xf0, 0x34, 0xf9,
	0xff, 0xf7, 0x58, 0xf8, 0x10, 0x24, 0xfc, 0xf7,
	0xad, 0xfd, 0x19, 0xe0, 0x21, 0x8b, 0x04, 0x29,
	0x07, 0xd3, 0x20, 0x21, 0x08, 0x43, 0x20, 0x82,
	0x08, 0x01, 0xfc, 0xf7, 0xb1, 0xfb, 0x20, 0x24,
	0x0e, 0xe0, 0x08, 0x22, 0x10, 0x43, 0x20, 0x82,
	0x48, 0x00, 0x08, 0x49, 0x40, 0x18, 0x82, 0x88,
	0x00, 0x21, 0x01, 0x20, 0x00, 0xf0, 0x18, 0xf9,
	0x20, 0x8b, 0x40, 0x1c, 0x20, 0x83, 0x08, 0x24,
	0x20, 0x46, 0x10, 0xbd, 0x20, 0x48, 0x00, 0x40,
	0x80, 0x0d, 0x00, 0x20, 0xc8, 0x7a, 0x00, 0x00,
	0x08, 0x49, 0xca, 0x14, 0x00, 0x28, 0x08, 0x88,
	0x05, 0xd0, 0x01, 0x23, 0x18, 0x43, 0x08, 0x80,
	0x88, 0x88, 0x10, 0x43, 0x04, 0xe0, 0x40, 0x08,
	0x40, 0x00, 0x08, 0x80, 0x88, 0x88, 0x90, 0x43,
	0x88, 0x80, 0x70, 0x47, 0x20, 0x5c, 0x00, 0x40,
	0x10, 0xb5, 0xfa, 0x21, 0xf8, 0xf7, 0x9c, 0xff,
	0x40, 0x1e, 0xc1, 0x06, 0x03, 0x48, 0xc9, 0x0e,
	0x82, 0x88, 0x92, 0x0a, 0x92, 0x02, 0x11, 0x43,
	0x81, 0x80, 0x10, 0xbd, 0x20, 0x5c, 0x00, 0x40,
	0x10, 0xb5, 0x32, 0x21, 0xf8, 0xf7, 0x8c, 0xff,
	0x04, 0x46, 0x02, 0x28, 0x00, 0xd2, 0x02, 0x24,
	0x60, 0x00, 0x0a, 0x21, 0xf8, 0xf7, 0x84, 0xff,
	0x00, 0x04, 0x00, 0x0c, 0x00, 0xd1, 0x01, 0x20,
	0x00, 0x02, 0x64, 0x1e, 0x01, 0x49, 0x20, 0x43,
	0x88, 0x82, 0x10, 0xbd, 0x40, 0x4a, 0x00, 0x40,
	0x10, 0xb5, 0x0a, 0x4c, 0x01, 0x29, 0x21, 0x88,
	0x0d, 0xd0, 0x81, 0x43, 0x21, 0x80, 0x20, 0x88,
	0x00, 0x05, 0x00, 0x0d, 0xff, 0xf7, 0x80, 0xf8,
	0x21, 0x88, 0x09, 0x05, 0x09, 0x0d, 0x00, 0x03,
	0x01, 0x43, 0x21, 0x80, 0x10, 0xbd, 0x01, 0x43,
	0xf0, 0xe7, 0x00, 0x00, 0x40, 0x4a, 0x00, 0x40,
	0x10, 0xb5, 0x03, 0x29, 0x02, 0xd9, 0x03, 0x21,
	0x00, 0x22, 0x01, 0xe0, 0x00, 0x22, 0x07, 0xe0,
	0x05, 0x4c, 0x93, 0x00, 0x1b, 0x19, 0x9b, 0x6d,
	0x54, 0x00, 0x52, 0x1c, 0x03, 0x53, 0xd2, 0xb2,
	0x8a, 0x42, 0xf5, 0xd3, 0x10, 0xbd, 0x00, 0x00,
	0x00, 0x4a, 0x00, 0x40, 0x07, 0x48, 0x00, 0x89,
	0x80, 0x07, 0x08, 0xd5, 0x05, 0x48, 0xc0, 0x38,
	0x01, 0x89, 0x49, 0x05, 0x03, 0xd5, 0x01, 0x15,
	0x01, 0x81, 0x01, 0x20, 0x70, 0x47, 0x00, 0x20,
	0x70, 0x47, 0x00, 0x00, 0xc0, 0x5c, 0x00, 0x40,
	0x10, 0xb5, 0x12, 0x4b, 0x57, 0x22, 0x9a, 0x80,
	0x10, 0x4a, 0x40, 0x3a, 0x13, 0x88, 0x08, 0x24,
	0x23, 0x43, 0x13, 0x80, 0x0e, 0x4a, 0x00, 0x23,
	0x00, 0x01, 0x80, 0x18, 0x03, 0x82, 0xcb, 0x88,
	0x83, 0x83, 0x8b, 0x88, 0x03, 0x83, 0x0b, 0x89,
	0x5b, 0x1e, 0x83, 0x82, 0x0b, 0x78, 0x4c, 0x78,
	0x23, 0x43, 0x8c, 0x78, 0xc9, 0x78, 0x0c, 0x43,
	0x23, 0x43, 0x03, 0x82, 0x05, 0x49, 0x01, 0x20,
	0x08, 0x60, 0x05, 0x49, 0x08, 0x60, 0x10, 0x80,
	0x10, 0xbd, 0x00, 0x00, 0x40, 0x52, 0x00, 0x40,
	0x00, 0x50, 0x00, 0x40, 0x80, 0xe2, 0x00, 0xe0,
	0x00, 0xe1, 0x00, 0xe0, 0x10, 0xb5, 0x04, 0x46,
	0xf8, 0xf7, 0xfe, 0xfe, 0x01, 0x46, 0x04, 0x48,
	0x02, 0x89, 0xa2, 0x43, 0x02, 0x81, 0x08, 0x46,
	0xf8, 0xf7, 0xfa, 0xfe, 0x10, 0xbd, 0x00, 0x00,
	0x00, 0x48, 0x00, 0x40, 0x70, 0xb5, 0x16, 0x46,
	0x13, 0x4c, 0x0a, 0x46, 0x05, 0x46, 0x00, 0x2b,
	0x1d, 0xd0, 0x64, 0x21, 0x10, 0x46, 0xf8, 0xf7,
	0xef, 0xfe, 0x40, 0x1e, 0x00, 0x07, 0x00, 0x0f,
	0x00, 0x2e, 0x01, 0xd0, 0x10, 0x21, 0x08, 0x43,
	0x20, 0x72, 0x4b, 0x20, 0x29, 0x46, 0xc0, 0x00,
	0xf8, 0xf7, 0xe2, 0xfe, 0x40, 0x1e, 0x40, 0x07,
	0x61, 0x7e, 0x80, 0x0e, 0xc7, 0x22, 0x11, 0x40,
	0x08, 0x43, 0x60, 0x76, 0x20, 0x7a, 0x40, 0x06,
	0x40, 0x0e, 0x20, 0x72, 0x70, 0xbd, 0x20, 0x7a,
	0x80, 0x21, 0x08, 0x43, 0xf9, 0xe7, 0x00, 0x00,
	0x20, 0x48, 0x00, 0x40, 0x05, 0x49, 0x00, 0x28,
	0x48, 0x7e, 0x02, 0xd0, 0x40, 0x22, 0x10, 0x43,
	0x01, 0xe0, 0xbf, 0x22, 0x10, 0x40, 0x48, 0x76,
	0x70, 0x47, 0x00, 0x00, 0x20, 0x48, 0x00, 0x40,
	0x10, 0xb5, 0x0a, 0x46, 0x04, 0x46, 0x64, 0x21,
	0x10, 0x46, 0xf8, 0xf7, 0xb9, 0xfe, 0x40, 0x1e,
	0x01, 0x07, 0x09, 0x0f, 0x08, 0x01, 0x08, 0x43,
	0x21, 0x02, 0x01, 0x43, 0x03, 0x48, 0x01, 0x80,
	0x01, 0x88, 0x42, 0x15, 0x11, 0x43, 0x01, 0x80,
	0x10, 0xbd, 0x00, 0x00, 0x40, 0x48, 0x00, 0x40,
	0x70, 0xb5, 0x0d, 0x46, 0x06, 0x46, 0x19, 0x21,
	0x00, 0x20, 0x89, 0x01, 0x8a, 0x42, 0x01, 0xd9,
	0x03, 0x20, 0x0a, 0xe0, 0x19, 0x21, 0x49, 0x01,
	0x8a, 0x42, 0x01, 0xd9, 0x02, 0x20, 0x04, 0xe0,
	0xff, 0x21, 0x91, 0x31, 0x8a, 0x42, 0x00, 0xd9,
	0x01, 0x20, 0x0a, 0x49, 0x80, 0x00, 0x44, 0x18,
	0x21, 0x88, 0x10, 0x46, 0xf8, 0xf7, 0x8c, 0xfe,
	0x40, 0x1e, 0x40, 0x07, 0x61, 0x88, 0xc0, 0x0e,
	0x08, 0x43, 0x00, 0x2d, 0x01, 0xd0, 0x80, 0x21,
	0x08, 0x43, 0x71, 0x01, 0x01, 0x43, 0x02, 0x48,
	0x41, 0x72, 0x70, 0xbd, 0x1c, 0x7a, 0x00, 0x00,
	0x20, 0x48, 0x00, 0x40, 0x10, 0xb5, 0x10, 0x4c,
	0x21, 0x7d, 0xbf, 0x22, 0x11, 0x40, 0x21, 0x75,
	0x21, 0x7d, 0xdf, 0x22, 0x11, 0x40, 0x21, 0x75,
	0x21, 0x7d, 0xfb, 0x22, 0x11, 0x40, 0x21, 0x75,
	0x00, 0x21, 0x21, 0x74, 0x0a, 0x21, 0xf8, 0xf7,
	0x67, 0xfe, 0x40, 0x1e, 0x00, 0x07, 0x00, 0x0f,
	0x60, 0x74, 0x06, 0x48, 0x00, 0x68, 0x53, 0x28,
	0x03, 0xd0, 0x3f, 0x20, 0x00, 0x02, 0xa0, 0x83,
	0x10, 0xbd, 0x21, 0x20, 0x00, 0x02, 0xfa, 0xe7,
	0x60, 0x48, 0x00, 0x40, 0x00, 0x0a, 0x00, 0x20,
	0x10, 0xb5, 0x0c, 0x4c, 0x14, 0x28, 0x03, 0xd2,
	0x20, 0x7c, 0xfd, 0x21, 0x08, 0x40, 0x0f, 0xe0,
	0x14, 0x21, 0x14, 0x38, 0xf8, 0xf7, 0x5e, 0xfe,
	0xc0, 0x06, 0x01, 0x0e, 0x05, 0x48, 0x20, 0x30,
	0x82, 0x88, 0xf8, 0x23, 0x9a, 0x43, 0x11, 0x43,
	0x81, 0x80, 0x20, 0x7c, 0x02, 0x21, 0x08, 0x43,
	0x20, 0x74, 0x10, 0xbd, 0x40, 0x48, 0x00, 0x40,
	0x70, 0xb5, 0x0e, 0x4c, 0xc6, 0x00, 0x35, 0x19,
	0x68, 0x88, 0xaa, 0x88, 0x88, 0x42, 0x00, 0xd9,
	0x01, 0x46, 0x08, 0x1a, 0x11, 0x46, 0xf8, 0xf7,
	0x41, 0xfe, 0xa4, 0x5b, 0xa9, 0x79, 0x62, 0x07,
	0x08, 0x40, 0x52, 0x0f, 0x91, 0x40, 0xcb, 0x43,
	0x05, 0x49, 0xe4, 0x08, 0x64, 0x18, 0x21, 0x7d,
	0x90, 0x40, 0x19, 0x40, 0x01, 0x43, 0x21, 0x75,
	0x70, 0xbd, 0x00, 0x00, 0x2c, 0x7a, 0x00, 0x00,
	0x40, 0x48, 0x00, 0x40, 0x41, 0x09, 0x8a, 0x00,
	0x04, 0x49, 0x51, 0x18, 0x8a, 0x68, 0xc3, 0x06,
	0xdb, 0x0e, 0x01, 0x20, 0x98, 0x40, 0x82, 0x43,
	0x8a, 0x60, 0x70, 0x47, 0x00, 0x5a, 0x00, 0x40,
	0x41, 0x09, 0x8a, 0x00, 0x04, 0x49, 0x51, 0x18,
	0x8a, 0x68, 0xc3, 0x06, 0xdb, 0x0e, 0x01, 0x20,
	0x98, 0x40, 0x02, 0x43, 0x8a, 0x60, 0x70, 0x47,
	0x00, 0x5a, 0x00, 0x40, 0x06, 0x23, 0xc3, 0x5e,
	0x00, 0x22, 0x8b, 0x42, 0x04, 0xda, 0xc1, 0x78,
	0x49, 0x1c, 0xc1, 0x70, 0x82, 0x70, 0x07, 0xe0,
	0x04, 0x23, 0xc3, 0x5e, 0x8b, 0x42, 0x03, 0xdd,
	0xc2, 0x70, 0x81, 0x78, 0x49, 0x1c, 0x81, 0x70,
	0xc3, 0x78, 0x41, 0x78, 0x8b, 0x42, 0x07, 0xd9,
	0xc1, 0x70, 0x01, 0x78, 0x01, 0x29, 0x0d, 0xd0,
	0x01, 0x21, 0x01, 0x70, 0x08, 0x46, 0x70, 0x47,
	0x83, 0x78, 0x8b, 0x42, 0x06, 0xd9, 0x81, 0x70,
	0x01, 0x78, 0x00, 0x29, 0x02, 0xd0, 0x02, 0x70,
	0x00, 0x20, 0x70, 0x47, 0x02, 0x20, 0x70, 0x47,
	0x10, 0xb5, 0xff, 0x28, 0x09, 0xd0, 0x00, 0x28,
	0x07, 0xd0, 0x55, 0x28, 0x05, 0xd0, 0x33, 0x28,
	0x03, 0xd0, 0x00, 0xf0, 0x04, 0xf8, 0xc0, 0xb2,
	0x10, 0xbd, 0x00, 0x20, 0x10, 0xbd, 0x20, 0x28,
	0x01, 0xd2, 0x01, 0x20, 0x70, 0x47, 0x80, 0x28,
	0x01, 0xd2, 0x00, 0x09, 0x70, 0x47, 0xe0, 0x28,
	0x02, 0xd2, 0xc0, 0x08, 0x08, 0x38, 0x70, 0x47,
	0x80, 0x08, 0x24, 0x38, 0x70, 0x47, 0x00, 0xbf,
	0x40, 0x1e, 0xfc, 0xd2, 0x70, 0x47, 0x00, 0x00,
	0x02, 0x48, 0x01, 0x68, 0x49, 0x1c, 0x01, 0x60,
	0x70, 0x47, 0x00, 0x00, 0x64, 0x12, 0x00, 0x20,
	0x02, 0x46, 0x05, 0x48, 0x00, 0x7f, 0x52, 0x07,
	0x08, 0x23, 0x52, 0x0e, 0x18, 0x40, 0x49, 0x07,
	0x10, 0x43, 0x49, 0x0f, 0x08, 0x43, 0x70, 0x47,
	0x20, 0x46, 0x00, 0x40, 0xf7, 0xb5, 0x00, 0x24,
	0x0f, 0x46, 0x06, 0x46, 0x25, 0x46, 0xf8, 0xf7,
	0x87, 0xfd, 0x01, 0x46, 0x18, 0x48, 0x00, 0x22,
	0x03, 0x68, 0xb3, 0x42, 0x01, 0xd1, 0x05, 0x46,
	0x08, 0xe0, 0x03, 0x68, 0x00, 0x2b, 0x00, 0xd1,
	0x04, 0x46, 0x52, 0x1c, 0xd2, 0xb2, 0x14, 0x30,
	0x12, 0x2a, 0xf1, 0xd3, 0x02, 0x98, 0x00, 0x28,
	0x00, 0xd0, 0x38, 0x46, 0x0f, 0x4a, 0x80, 0xb2,
	0x12, 0x68, 0xcc, 0x23, 0xd2, 0x19, 0x00, 0x2d,
	0x06, 0xd0, 0x28, 0x81, 0xab, 0x72, 0x6a, 0x60,
	0x08, 0x46, 0xf8, 0xf7, 0x69, 0xfd, 0xfe, 0xbd,
	0x00, 0x2c, 0xf9, 0xd0, 0x26, 0x60, 0x20, 0x81,
	0xa3, 0x72, 0x62, 0x60, 0x04, 0x48, 0x08, 0x38,
	0x42, 0x68, 0x0c, 0x34, 0x44, 0x60, 0x20, 0x60,
	0x62, 0x60, 0x14, 0x60, 0xec, 0xe7, 0x00, 0x00,
	0x70, 0x12, 0x00, 0x20, 0x64, 0x12, 0x00, 0x20,
	0x10, 0xb5, 0x00, 0xf0, 0x63, 0xf8, 0x02, 0x48,
	0x00, 0x60, 0x40, 0x60, 0x10, 0xbd, 0x00, 0x00,
	0x68, 0x12, 0x00, 0x20, 0xf1, 0xb5, 0xf8, 0xf7,
	0x43, 0xfd, 0x0c, 0x4b, 0x19, 0x68, 0x0a, 0x68,
	0xaa, 0x24, 0x0b, 0x4d, 0x0c, 0xe0, 0x0c, 0x39,
	0x0f, 0x68, 0x00, 0x9e, 0xb7, 0x42, 0x05, 0xd1,
	0x8c, 0x72, 0x2f, 0x68, 0x7d, 0x26, 0xf6, 0x00,
	0xbe, 0x19, 0x4e, 0x60, 0x11, 0x46, 0x12, 0x68,
	0x99, 0x42, 0xf0, 0xd1, 0xf8, 0xf7, 0x30, 0xfd,
	0xf8, 0xbd, 0x00, 0x00, 0x68, 0x12, 0x00, 0x20,
	0x64, 0x12, 0x00, 0x20, 0x1b, 0x48, 0x04, 0x68,
	0x2f, 0xe0, 0xf8, 0xf7, 0x21, 0xfd, 0x21, 0x46,
	0x0c, 0x39, 0x0f, 0x68, 0x18, 0x4a, 0x00, 0x26,
	0x12, 0x68, 0x8b, 0x7a, 0xcc, 0x2b, 0x09, 0xd0,
	0x4b, 0x68, 0xd3, 0x1a, 0x0e, 0xd4, 0x0b, 0x89,
	0x00, 0x2b, 0x08, 0xd0, 0x0b, 0x89, 0x9a, 0x18,
	0x4a, 0x60, 0x06, 0xe0, 0x55, 0x22, 0x8a, 0x72,
	0xf8, 0xf7, 0x0e, 0xfd, 0x14, 0xe0, 0xaa, 0x22,
	0x8a, 0x72, 0x01, 0x26, 0x8a, 0x7a, 0xaa, 0x2a,
	0x09, 0xd1, 0x62, 0x68, 0x23, 0x68, 0x5a, 0x60,
	0x22, 0x68, 0x63, 0x68, 0x1a, 0x60, 0x00, 0x22,
	0x22, 0x60, 0x62, 0x60, 0x0a, 0x60, 0xf8, 0xf7,
	0xfb, 0xfc, 0x00, 0x2e, 0x00, 0xd0, 0xb8, 0x47,
	0x2c, 0x46, 0x25, 0x68, 0x01, 0x48, 0x84, 0x42,
	0xc8, 0xd0, 0xca, 0xe7, 0x68, 0x12, 0x00, 0x20,
	0x64, 0x12, 0x00, 0x20, 0x30, 0xb5, 0x08, 0x49,
	0x00, 0x22, 0x0a, 0x60, 0x07, 0x49, 0x40, 0x1e,
	0x48, 0x61, 0x07, 0x48, 0x07, 0x23, 0xc4, 0x69,
	0x24, 0x02, 0x24, 0x0a, 0x4d, 0x04, 0x2c, 0x43,
	0xc4, 0x61, 0x8a, 0x61, 0x0b, 0x61, 0x30, 0xbd,
	0x64, 0x12, 0x00, 0x20, 0x00, 0xe0, 0x00, 0xe0,
	0x04, 0xed, 0x00, 0xe0, 0x10, 0xb5, 0xfa, 0xf7,
	0x87, 0xfb, 0x15, 0x48, 0xfa, 0xf7, 0x92, 0xfd,
	0xfe, 0xf7, 0x8c, 0xf8, 0x13, 0x48, 0x0f, 0x21,
	0x80, 0x7c, 0xf9, 0xf7, 0xad, 0xff, 0x10, 0x48,
	0x40, 0x38, 0xfd, 0xf7, 0x1b, 0xfb, 0xfd, 0xf7,
	0x11, 0xfb, 0xfd, 0xf7, 0x37, 0xff, 0xfd, 0xf7,
	0x6b, 0xfa, 0xfc, 0xf7, 0xff, 0xfe, 0x0a, 0x48,
	0x50, 0x38, 0xfe, 0xf7, 0xd9, 0xf8, 0x08, 0x48,
	0x1c, 0x30, 0xfd, 0xf7, 0xa5, 0xfc, 0x08, 0x48,
	0xfd, 0xf7, 0x30, 0xf8, 0xfd, 0xf7, 0x28, 0xf8,
	0xfd, 0xf7, 0x1a, 0xf8, 0x01, 0x22, 0x11, 0x46,
	0x04, 0x48, 0xff, 0xf7, 0x17, 0xff, 0x10, 0xbd,
	0x98, 0x7d, 0x00, 0x00, 0x1c, 0x7b, 0x00, 0x00,
	0x40, 0x42, 0x0f, 0x00, 0xdd, 0x77, 0x00, 0x00,
	0xf8, 0xb5, 0x04, 0x46, 0x3c, 0x21, 0x16, 0x48,
	0xf8, 0xf7, 0xe1, 0xfc, 0x14, 0x4e, 0x04, 0x25,
	0x36, 0x1f, 0x75, 0x71, 0x00, 0x20, 0x20, 0x5e,
	0xfe, 0xf7, 0x10, 0xfa, 0x75, 0x73, 0x01, 0x27,
	0x37, 0x73, 0x60, 0x5f, 0xfe, 0xf7, 0x22, 0xfa,
	0x75, 0x75, 0x02, 0x20, 0x20, 0x5e, 0xfe, 0xf7,
	0x9d, 0xf8, 0x75, 0x77, 0x06, 0x20, 0x20, 0x5e,
	0xfe, 0xf7, 0xd4, 0xf8, 0x20, 0x36, 0x75, 0x71,
	0x08, 0x20, 0x20, 0x5e, 0xfe, 0xf7, 0x7a, 0xf8,
	0x75, 0x73, 0x0a, 0x20, 0x20, 0x5e, 0xfe, 0xf7,
	0xcd, 0xf9, 0x75, 0x75, 0x37, 0x75, 0x0c, 0x20,
	0x20, 0x5e, 0xfe, 0xf7, 0xd7, 0xf9, 0xf8, 0xbd,
	0x24, 0x12, 0x00, 0x20, 0xc1, 0x80, 0x91, 0x42,
	0x01, 0xda, 0x00, 0x21, 0x00, 0xe0, 0x89, 0x1a,
	0x81, 0x80, 0x70, 0x47, 0x10, 0xb5, 0xfa, 0xf7,
	0xd5, 0xf9, 0xfa, 0xf7, 0xa5, 0xfd, 0xfc, 0xf7,
	0xd7, 0xff, 0x10, 0xbd, 0x70, 0x47, 0x00, 0x00,
	0xf0, 0xb5, 0x95, 0xb0, 0x44, 0x48, 0x09, 0x90,
	0x00, 0x88, 0x00, 0x26, 0x01, 0x09, 0x68, 0x46,
	0x81, 0x82, 0x09, 0x98, 0x40, 0x88, 0x01, 0x09,
	0x68, 0x46, 0xc1, 0x82, 0x09, 0x98, 0x80, 0x88,
	0x01, 0x09, 0x68, 0x46, 0x01, 0x83, 0x09, 0x98,
	0x40, 0x89, 0x01, 0x09, 0x68, 0x46, 0x41, 0x83,
	0x09, 0x98, 0xc0, 0x88, 0x01, 0x09, 0x68, 0x46,
	0x81, 0x83, 0x09, 0x98, 0x00, 0x89, 0x01, 0x09,
	0x68, 0x46, 0xc1, 0x83, 0x34, 0x48, 0x40, 0x38,
	0x81, 0x8f, 0xc0, 0x8f, 0x08, 0x18, 0x41, 0x09,
	0x68, 0x46, 0x01, 0x84, 0x30, 0x48, 0x14, 0x30,
	0x0d, 0x90, 0x38, 0x30, 0x10, 0x90, 0x54, 0x30,
	0x05, 0x46, 0x20, 0x35, 0x0f, 0x90, 0xa8, 0x7f,
	0x00, 0x28, 0x01, 0xd0, 0x01, 0x2e, 0x44, 0xd0,
	0x00, 0x24, 0xb0, 0x00, 0x0e, 0x90, 0x0d, 0x98,
	0xe1, 0x00, 0x09, 0x18, 0x0e, 0x98, 0x62, 0x00,
	0x08, 0x18, 0x02, 0x90, 0x80, 0x1c, 0x12, 0x90,
	0x0c, 0x20, 0x10, 0x99, 0x60, 0x43, 0x40, 0x18,
	0x13, 0x90, 0x0e, 0x99, 0x47, 0x18, 0x0f, 0x98,
	0xa1, 0x00, 0x08, 0x18, 0x84, 0x46, 0x05, 0xa8,
	0xff, 0x21, 0x80, 0x5a, 0x01, 0x31, 0xe2, 0xb2,
	0x06, 0x2a, 0x03, 0xd0, 0x04, 0x2a, 0x07, 0xd2,
	0x01, 0x23, 0x06, 0xe0, 0x09, 0x9a, 0x34, 0x21,
	0x51, 0x5e, 0xfe, 0xf7, 0xeb, 0xf9, 0x04, 0xe0,
	0x00, 0x23, 0x02, 0x46, 0x60, 0x46, 0xfe, 0xf7,
	0x47, 0xfa, 0x02, 0x99, 0x00, 0xb2, 0x08, 0x80,
	0x69, 0x7f, 0x00, 0x29, 0x01, 0xd0, 0x00, 0x01,
	0x05, 0xe0, 0x13, 0x99, 0x0a, 0x7a, 0x01, 0x01,
	0x38, 0x68, 0xfe, 0xf7, 0xed, 0xfc, 0x38, 0x60,
	0x00, 0x11, 0x12, 0x99, 0x64, 0x1c, 0x08, 0x80,
	0x07, 0x2c, 0xc0, 0xd3, 0x76, 0x1c, 0x02, 0x2e,
	0xb5, 0xd3, 0x0d, 0x98, 0x08, 0x21, 0x41, 0x5e,
	0x02, 0x46, 0x30, 0x20, 0x00, 0x24, 0x10, 0x5e,
	0xfb, 0xf7, 0xce, 0xfb, 0xa8, 0x7f, 0x00, 0x28,
	0x00, 0xd1, 0x6c, 0x77, 0x15, 0xb0, 0xf0, 0xbd,
	0x00, 0x0b, 0x00, 0x20, 0xf8, 0xb5, 0x04, 0x14,
	0x8b, 0xb2, 0x26, 0x46, 0x82, 0xb2, 0x5e, 0x43,
	0x0d, 0x14, 0x10, 0x46, 0x37, 0x14, 0x58, 0x43,
	0x36, 0x04, 0x80, 0x19, 0x00, 0x21, 0x79, 0x41,
	0x16, 0x46, 0x6e, 0x43, 0x37, 0x14, 0x36, 0x04,
	0x80, 0x19, 0x79, 0x41, 0x26, 0x46, 0x6e, 0x43,
	0x89, 0x19, 0xf8, 0xbd, 0x30, 0xb4, 0x74, 0x46,
	0x64, 0x1e, 0x25, 0x78, 0x64, 0x1c, 0xab, 0x42,
	0x00, 0xd2, 0x1d, 0x46, 0x63, 0x5d, 0x5b, 0x00,
	0xe3, 0x18, 0x30, 0xbc, 0x18, 0x47, 0x00, 0x00,
	0x10, 0xb5, 0xfc, 0xf7, 0x0b, 0xff, 0x72, 0xb6,
	0xfa, 0xf7, 0x60, 0xff, 0x0f, 0x48, 0x80, 0x78,
	0x01, 0x28, 0x01, 0xd1, 0xfc, 0xf7, 0xe8, 0xfe,
	0x14, 0x20, 0xfc, 0xf7, 0xef, 0xfe, 0x0c, 0x48,
	0x0c, 0x4c, 0xa5, 0x22, 0x01, 0x1b, 0x20, 0x46,
	0xf8, 0xf7, 0xd2, 0xfb, 0x0a, 0x48, 0x21, 0x1a,
	0xf8, 0xf7, 0xd5, 0xfb, 0x09, 0x48, 0xff, 0xf7,
	0x37, 0xfe, 0xfa, 0xf7, 0x6d, 0xff, 0xf9, 0xf7,
	0xcb, 0xff, 0x62, 0xb6, 0xff, 0xf7, 0x5a, 0xfe,
	0x00, 0x20, 0x10, 0xbd, 0xbc, 0x7b, 0x00, 0x00,
	0x80, 0x1f, 0x00, 0x20, 0x80, 0x1b, 0x00, 0x20,
	0x00, 0x00, 0x00, 0x20, 0x20, 0x4e, 0x00, 0x00,
	0x00, 0x01, 0x00, 0x00, 0x02, 0x00, 0x00, 0x00,
	0x00, 0x01, 0x00, 0x00, 0x01, 0x00, 0x00, 0x00,
	0x00, 0x01, 0x00, 0x00, 0x01, 0x00, 0x00, 0x00,
	0x00, 0x01, 0x00, 0x00, 0x02, 0x00, 0x00, 0x00,
	0x01, 0x01, 0x00, 0x00, 0x02, 0x00, 0x00, 0x00,
	0xed, 0x1c, 0x00, 0x00, 0xa5, 0x1c, 0x00, 0x00,
	0xb5, 0x1b, 0x00, 0x00, 0x2d, 0x00, 0x4d, 0x00,
	0x8c, 0x00, 0x09, 0x01, 0x03, 0x00, 0x00, 0x00,
	0xcd, 0x20, 0x00, 0x00, 0x04, 0x00, 0x00, 0x00,
	0x41, 0x24, 0x00, 0x00, 0x31, 0x00, 0x00, 0x00,
	0x01, 0x24, 0x00, 0x00, 0x05, 0x00, 0x00, 0x00,
	0x81, 0x1f, 0x00, 0x00, 0x00, 0x00, 0x00, 0x00,
	0x19, 0x23, 0x00, 0x00, 0x32, 0x00, 0x03, 0x00,
	0x64, 0x00, 0x02, 0x00, 0xc8, 0x00, 0x01, 0x00,
	0x90, 0x01, 0x00, 0x00, 0x00, 0x00, 0xb8, 0x0b,
	0xf4, 0x01, 0x1f, 0x00, 0x08, 0x00, 0xb8, 0x0b,
	0xf4, 0x01, 0x1f, 0x00, 0x20, 0x00, 0xf8, 0x2a,
	0xf4, 0x01, 0x0f, 0x00, 0x24, 0x00, 0xf8, 0x2a,
	0xf4, 0x01, 0x0f, 0x00, 0x00, 0x00, 0x32, 0x00,
	0x32, 0x00, 0x1f, 0x00, 0x08, 0x00, 0x32, 0x00,
	0x32, 0x00, 0x1f, 0x00, 0xa0, 0x00, 0x64, 0x00,
	0x64, 0x00, 0x1f, 0x00, 0xa8, 0x00, 0x64, 0x00,
	0x64, 0x00, 0x1f, 0x00, 0x00, 0x00, 0x00, 0x00,
	0x0c, 0x44, 0x00, 0x00, 0x01, 0x00, 0x06, 0x00,
	0x64, 0x00, 0x0c, 0x00, 0x1e, 0x00, 0x3d, 0x00,
	0x7c, 0x00, 0xf9, 0x00, 0x2d, 0x00, 0xff, 0xfe,
	0x00, 0x00, 0x55, 0xaa, 0x33, 0x66, 0x11, 0x22,
	0x0f, 0x1e, 0x00, 0x00, 0x00, 0x04, 0x02, 0x20,
	0x0c, 0x4a, 0x00, 0x00, 0x08, 0x00, 0x00, 0x00,
	0x28, 0x00, 0x90, 0x01, 0x40, 0x0d, 0x03, 0x00,
	0xf0, 0xf0, 0xe4, 0x50, 0xe4, 0xa0, 0x80, 0x00,
	0x20, 0x00, 0x00, 0x00, 0x46, 0x00, 0x8c, 0x00,
	0x8c, 0x00, 0x00, 0x00, 0x20, 0x00, 0x00, 0x00,
	0x46, 0x00, 0xf0, 0x00, 0xf0, 0x00, 0x03, 0x00,
	0x24, 0x00, 0x64, 0x00, 0x90, 0x01, 0x20, 0x03,
	0xb0, 0x04, 0x40, 0x06, 0x00, 0x00, 0x00, 0x00,
	0x20, 0x00, 0xee, 0x02, 0xe8, 0x03, 0x00, 0x00,
	0x20, 0xa1, 0x07, 0x00, 0x01, 0x00, 0xe8, 0x03,
	0xe8, 0x03, 0x00, 0x00, 0x0a, 0x00, 0x03, 0x00,
	0x01, 0x02, 0x00, 0x06, 0x04, 0x02, 0x00, 0x00,
	0x08, 0x04, 0x02, 0x20, 0x0c, 0x4a, 0x00, 0x00,
	0x06, 0x00, 0x00, 0x00, 0xe2, 0x04, 0xb0, 0x04,
	0x08, 0x00, 0x00, 0x00, 0x40, 0x42, 0x0f, 0x00,
	0x50, 0xc3, 0x00, 0x00, 0x14, 0x14, 0x00, 0x00,
	0x00, 0x00, 0x00, 0x00, 0x06, 0x57, 0x00, 0x00,
	0x05, 0x00, 0x86, 0x00, 0x00, 0x00, 0x00, 0x00,
	0x19, 0xd2, 0x00, 0x00, 0x00, 0x03, 0x02, 0x0a,
	0x00, 0x01, 0x00, 0x00, 0x65, 0x04, 0xdc, 0x05,
	0x80, 0x1a, 0x06, 0x00, 0x50, 0xc3, 0x00, 0x00,
	0x04, 0x01, 0x0a, 0x0a, 0x00, 0x00, 0x00, 0x00,
	0x88, 0x13, 0xd4, 0x30, 0x96, 0x00, 0x32, 0x00,
	0x20, 0x03, 0x00, 0x00, 0xf8, 0x2a, 0x00, 0x00,
	0x0a, 0x06, 0x02, 0x05, 0x04, 0x10, 0x0a, 0x0a,
	0x00, 0x00, 0x00, 0x00, 0x65, 0x04, 0xe4, 0x0c,
	0x80, 0x1a, 0x06, 0x00, 0x50, 0xc3, 0x00, 0x00,
	0x08, 0x01, 0x50, 0x50, 0x31, 0x68, 0x00, 0x00,
	0x65, 0x04, 0x00, 0x00, 0x08, 0x00, 0x00, 0x00,
	0x80, 0x1a, 0x06, 0x00, 0x50, 0xc3, 0x00, 0x00,
	0x50, 0x50, 0x00, 0x00, 0x35, 0x68, 0x00, 0x00,
	0x88, 0x13, 0xd4, 0x30, 0x00, 0x0c, 0xd0, 0x07,
	0x00, 0x00, 0x00, 0x00, 0xa0, 0x0f, 0x32, 0x00,
	0x64, 0x00, 0x90, 0x01, 0xa4, 0x38, 0x88, 0x13,
	0x4c, 0x1d, 0xc8, 0x00, 0x7d, 0x00, 0xc8, 0x32,
	0x80, 0x3e, 0x50, 0x46, 0x64, 0x00, 0x40, 0x06,
	0xb8, 0x0b, 0x58, 0x1b, 0x88, 0x13, 0x01, 0x00,
	0xc8, 0x00, 0x20, 0x03, 0xc2, 0x01, 0x32, 0x00,
	0x32, 0x00, 0x07, 0x07, 0x07, 0x07, 0x64, 0x00,
	0x0f, 0x00, 0x64, 0x00, 0x0f, 0x00, 0x64, 0x00,
	0x20, 0x03, 0x5e, 0x01, 0x32, 0x00, 0x32, 0x00,
	0x07, 0x07, 0x07, 0x04, 0x64, 0x00, 0x0f, 0x00,
	0x64, 0x00, 0x0f, 0x00, 0x01, 0x01, 0x1e, 0x00,
	0x0f, 0x00, 0xe8, 0x03, 0xc4, 0x09, 0x88, 0x13,
	0x05, 0x00, 0x08, 0x00, 0xe0, 0x2e, 0x0a, 0x00,
	0x50, 0x00, 0x3c, 0x00, 0x50, 0x00, 0x3c, 0x00,
	0x4c, 0x1d, 0x00, 0x00, 0x72, 0x01, 0xdb, 0x01,
	0xa0, 0x8c, 0x00, 0x00, 0x65, 0x03, 0x54, 0x00,
	0x00, 0x00, 0x00, 0x00, 0x00, 0x00, 0x00, 0x00,
	0x00, 0x00, 0x00, 0x00, 0x00, 0x00, 0x00, 0x00,
	0x10, 0x27, 0x00, 0x00, 0x10, 0x27, 0xd0, 0x07,
	0x00, 0x00, 0x00, 0x00, 0x00, 0x00, 0x00, 0x00,
	0x00, 0x00, 0x00, 0x00, 0x00, 0x00, 0x00, 0x00,
	0x00, 0x00, 0x00, 0x00, 0x00, 0x00, 0x00, 0x00,
	0x10, 0x27, 0x00, 0x00, 0x37, 0x2c, 0x14, 0x03,
	0x00, 0x00, 0x00, 0x00, 0x00, 0x00, 0x00, 0x00,
	0x00, 0x00, 0x00, 0x00, 0x00, 0x00, 0x00, 0x00,
	0x00, 0x00, 0x00, 0x00, 0x00, 0x00, 0x00, 0x00,
	0x8a, 0x02, 0x00, 0x00, 0x7f, 0x2e, 0x40, 0x02,
	0x10, 0x27, 0x00, 0x00, 0x02, 0x33, 0xb3, 0x00,
	0x00, 0x00, 0x00, 0x00, 0x00, 0x00, 0x00, 0x00,
	0x00, 0x00, 0x00, 0x00, 0x00, 0x00, 0x00, 0x00,
	0x00, 0x00, 0x00, 0x00, 0x00, 0x00, 0x00, 0x00,
	0x00, 0x00, 0x00, 0x00, 0x00, 0x00, 0x00, 0x00,
	0x00, 0x00, 0x00, 0x00, 0x00, 0x00, 0x00, 0x00,
	0x00, 0x00, 0x00, 0x00, 0x00, 0x00, 0x00, 0x00,
	0x10, 0x27, 0x00, 0x00, 0xa9, 0x01, 0xba, 0x01,
	0xa0, 0x8c, 0x00, 0x00, 0x2d, 0x04, 0x53, 0xff,
	0x00, 0x00, 0x00, 0x00, 0x00, 0x00, 0x00, 0x00,
	0x00, 0x00, 0x00, 0x00, 0x00, 0x00, 0x00, 0x00,
	0x10, 0x27, 0x00, 0x00, 0x10, 0x27, 0xd0, 0x07,
	0x00, 0x00, 0x00, 0x00, 0x00, 0x00, 0x00, 0x00,
	0x00, 0x00, 0x00, 0x00, 0x00, 0x00, 0x00, 0x00,
	0x00, 0x00, 0x00, 0x00, 0x00, 0x00, 0x00, 0x00,
	0x10, 0x27, 0x00, 0x00, 0x8a, 0x29, 0xb6, 0x04,
	0x00, 0x00, 0x00, 0x00, 0x00, 0x00, 0x00, 0x00,
	0x00, 0x00, 0x00, 0x00, 0x00, 0x00, 0x00, 0x00,
	0x00, 0x00, 0x00, 0x00, 0x00, 0x00, 0x00, 0x00,
	0x8a, 0x02, 0x00, 0x00, 0x9f, 0x2b, 0xa0, 0x02,
	0xe8, 0x03, 0x00, 0x00, 0xd1, 0x2f, 0xe1, 0x00,
	0x4c, 0x04, 0x00, 0x00, 0xd1, 0x2f, 0x45, 0x01,
	0xb0, 0x04, 0x00, 0x00, 0xd1, 0x2f, 0xa9, 0x01,
	0x14, 0x05, 0x00, 0x00, 0xd1, 0x2f, 0x0d, 0x02,
	0x78, 0x05, 0x00, 0x00, 0xd1, 0x2f, 0x71, 0x02,
	0xdc, 0x05, 0x00, 0x00, 0xd1, 0x2f, 0xd5, 0x02,
	0x10, 0x27, 0x00, 0x00, 0xd1, 0x2f, 0x39, 0x03,
	0x1c, 0x25, 0xdc, 0x05, 0x68, 0x10, 0x7d, 0x00,
	0xbc, 0x02, 0x64, 0x00, 0x5c, 0x12, 0x00, 0x00,
	0x03, 0x00, 0x00, 0x00, 0x08, 0x07, 0xdc, 0x05,
	0xfc, 0x08, 0xc4, 0x09, 0x6c, 0x07, 0xa0, 0x0f,
	0x40, 0x06, 0x70, 0x17, 0x34, 0x08, 0x40, 0x1f,
	0x8c, 0x0a, 0x10, 0x27, 0xf0, 0x0a, 0xe0, 0x2e,
	0xe4, 0x0c, 0x60, 0xea, 0x00, 0x00, 0x00, 0x00,
	0x00, 0x00, 0x00, 0x00, 0x00, 0x00, 0x00, 0x00,
	0x00, 0x00, 0x00, 0x00, 0x00, 0x00, 0x00, 0x00,
	0x00, 0x00, 0x00, 0x00, 0x00, 0x00, 0x00, 0x00,
	0x2c, 0x01, 0x50, 0x00, 0xcd, 0x00, 0x84, 0x1e,
	0x01, 0x00, 0x00, 0x01, 0x5a, 0x00, 0x82, 0x23,
	0x64, 0x1a, 0x00, 0x00, 0x00, 0x01, 0x4e, 0x1c,
	0x00, 0x01, 0x82, 0x23, 0x05, 0x00, 0x23, 0x00,
	0x01, 0x00, 0x06, 0x57, 0xc8, 0x7a, 0x00, 0x00,
	0x76, 0x7a, 0x00, 0x00, 0xa0, 0x7a, 0x00, 0x00,
	0xec, 0x7a, 0x00, 0x00, 

};

//MT5706_BootLoader_V18_0XF5E1.H
const uint8_t mt5706_boot_loader[] = {
	0x00, 0x18, 0x00, 0x20, 0x13, 0x03, 0x00, 0x20,
	0xe7, 0x02, 0x00, 0x20, 0xfd, 0x02, 0x00, 0x20,
	0x06, 0x57, 0x06, 0x57, 0x18, 0x00, 0x00, 0x00,
	0x00, 0x00, 0x00, 0x00, 0x00, 0x00, 0x00, 0x00,
	0x00, 0x00, 0x00, 0x00, 0x00, 0x00, 0x00, 0x00,
	0x00, 0x00, 0x00, 0x00, 0x91, 0x00, 0x00, 0x20,
	0x00, 0x00, 0x00, 0x00, 0x00, 0x00, 0x00, 0x00,
	0x93, 0x00, 0x00, 0x20, 0x95, 0x00, 0x00, 0x20,
	0x95, 0x00, 0x00, 0x20, 0x95, 0x00, 0x00, 0x20,
	0x95, 0x00, 0x00, 0x20, 0x95, 0x00, 0x00, 0x20,
	0x95, 0x00, 0x00, 0x20, 0x95, 0x00, 0x00, 0x20,
	0x95, 0x00, 0x00, 0x20, 0x95, 0x00, 0x00, 0x20,
	0x95, 0x00, 0x00, 0x20, 0x95, 0x00, 0x00, 0x20,
	0x95, 0x00, 0x00, 0x20, 0x95, 0x00, 0x00, 0x20,
	0x95, 0x00, 0x00, 0x20, 0x95, 0x00, 0x00, 0x20,
	0x95, 0x00, 0x00, 0x20, 0x95, 0x00, 0x00, 0x20,
	0x95, 0x00, 0x00, 0x20, 0x95, 0x00, 0x00, 0x20,
	0x95, 0x00, 0x00, 0x20, 0xfe, 0xe7, 0xfe, 0xe7,
	0xfe, 0xe7, 0xfe, 0xe7, 0xfe, 0xe7, 0x00, 0x00,
	0x01, 0xb5, 0x00, 0xe0, 0x00, 0xbf, 0x00, 0x98,
	0x41, 0x1e, 0x00, 0x91, 0xfa, 0xd2, 0x08, 0xbd,
	0x00, 0xe0, 0x02, 0xc0, 0x52, 0x1e, 0xfc, 0xd2,
	0x70, 0x47, 0x10, 0xb5, 0x05, 0xe0, 0x08, 0xc8,
	0x10, 0xc9, 0xa3, 0x42, 0x01, 0xd0, 0x00, 0x20,
	0x10, 0xbd, 0x52, 0x1e, 0xf7, 0xd2, 0x01, 0x20,
	0x10, 0xbd, 0x70, 0xb5, 0x04, 0x9e, 0xf1, 0x4c,
	0x75, 0x08, 0x20, 0x70, 0x90, 0xb2, 0x20, 0x61,
	0x10, 0x0c, 0x60, 0x61, 0x88, 0xb2, 0x60, 0x60,
	0x08, 0x0c, 0xa0, 0x60, 0x05, 0xe0, 0x18, 0x88,
	0xe0, 0x60, 0x9b, 0x1c, 0x60, 0x78, 0x00, 0x28,
	0xfc, 0xd1, 0x6d, 0x1e, 0xf7, 0xd2, 0xf0, 0x07,
	0x04, 0xd0, 0x18, 0x78, 0xe0, 0x60, 0x60, 0x78,
	0x00, 0x28, 0xfc, 0xd1, 0x20, 0x69, 0x61, 0x69,
	0x09, 0x04, 0x08, 0x43, 0x70, 0xbd, 0x02, 0x46,
	0x00, 0x20, 0x02, 0xe0, 0x13, 0x78, 0x58, 0x40,
	0x52, 0x1c, 0x49, 0x1e, 0xfa, 0xd2, 0x70, 0x47,
	0xf0, 0xb5, 0x0d, 0x46, 0xdc, 0x49, 0x00, 0x24,
	0x84, 0x46, 0xcc, 0x63, 0xda, 0x4e, 0x40, 0x36,
	0xf4, 0x60, 0xda, 0x4f, 0x08, 0xe0, 0x0a, 0x20,
	0xff, 0xf7, 0xae, 0xff, 0x20, 0x46, 0x64, 0x1c,
	0xb8, 0x42, 0x01, 0xd9, 0x00, 0x20, 0xf0, 0xbd,
	0x30, 0x69, 0x00, 0x07, 0x00, 0x0f, 0x09, 0x28,
	0xf1, 0xd1, 0x00, 0x20, 0x01, 0x21, 0x09, 0x07,
	0x06, 0xe0, 0x84, 0x00, 0x63, 0x46, 0xe3, 0x18,
	0x5b, 0x18, 0x1b, 0x68, 0x40, 0x1c, 0x08, 0xc5,
	0x90, 0x42, 0xf6, 0xd3, 0x01, 0x20, 0xf0, 0xbd,
	0xf0, 0xb5, 0x93, 0x07, 0x00, 0x24, 0x92, 0x08,
	0x00, 0x2b, 0x00, 0xd0, 0x52, 0x1c, 0x01, 0x23,
	0x1b, 0x07, 0xc7, 0x18, 0x0d, 0x46, 0xc4, 0x48,
	0x01, 0x21, 0xc1, 0x63, 0xc2, 0x48, 0x40, 0x30,
	0xc1, 0x68, 0x10, 0x23, 0x99, 0x43, 0xc1, 0x60,
	0x00, 0x26, 0x11, 0xe0, 0x0a, 0x20, 0xff, 0xf7,
	0x7b, 0xff, 0x20, 0x46, 0xbd, 0x49, 0x64, 0x1c,
	0x88, 0x42, 0x1a, 0xd8, 0xba, 0x48, 0x40, 0x30,
	0x00, 0x69, 0x00, 0x07, 0x00, 0x0f, 0x01, 0x28,
	0xf0, 0xd1, 0x01, 0xcd, 0x76, 0x1c, 0x01, 0xc7,
	0x96, 0x42, 0xf3, 0xd3, 0xb4, 0x4a, 0xb6, 0x4d,
	0x40, 0x32, 0x10, 0x69, 0x00, 0x07, 0x00, 0x0f,
	0x01, 0x28, 0x08, 0xd0, 0x0a, 0x20, 0xff, 0xf7,
	0x5f, 0xff, 0x20, 0x46, 0x64, 0x1c, 0xa8, 0x42,
	0xf3, 0xd9, 0x20, 0x20, 0xf0, 0xbd, 0xac, 0x48,
	0xc1, 0x6b, 0x49, 0x08, 0x49, 0x00, 0xc1, 0x63,
	0xff, 0x22, 0x02, 0x32, 0x00, 0x21, 0xab, 0x48,
	0xff, 0xf7, 0x56, 0xff, 0x02, 0x20, 0xf0, 0xbd,
	0xf0, 0xb5, 0xa9, 0x4a, 0xa9, 0x49, 0x00, 0x20,
	0x83, 0x00, 0x5b, 0x18, 0x1b, 0x68, 0x40, 0x1c,
	0x08, 0xc2, 0x80, 0x28, 0xf8, 0xd3, 0xa0, 0x48,
	0x00, 0x23, 0x82, 0x6a, 0x44, 0x14, 0xa2, 0x43,
	0x82, 0x62, 0x82, 0x6a, 0x08, 0x25, 0x2a, 0x43,
	0x82, 0x62, 0x01, 0x22, 0xc2, 0x63, 0x7f, 0x25,
	0x99, 0x4a, 0x2d, 0x02, 0x40, 0x32, 0x95, 0x60,
	0x11, 0x25, 0xd5, 0x60, 0x9c, 0x4e, 0x16, 0xe0,
	0x00, 0xbf, 0x00, 0xbf, 0x00, 0xbf, 0x00, 0xbf,
	0x1f, 0x46, 0x5b, 0x1c, 0xb7, 0x42, 0x0e, 0xd9,
	0x81, 0x6a, 0x21, 0x43, 0x81, 0x62, 0x83, 0x6a,
	0x08, 0x21, 0x8b, 0x43, 0x83, 0x62, 0xc1, 0x6b,
	0x49, 0x08, 0x49, 0x00, 0xc1, 0x63, 0xd0, 0x68,
	0xa8, 0x43, 0xd0, 0x60, 0x34, 0xe0, 0x17, 0x69,
	0xbf, 0x06, 0xe5, 0xd5, 0x83, 0x6a, 0x23, 0x43,
	0x83, 0x62, 0xc3, 0x6b, 0x5b, 0x08, 0x5b, 0x00,
	0xc3, 0x63, 0xd0, 0x68, 0x10, 0x23, 0x98, 0x43,
	0xd0, 0x60, 0x83, 0x4a, 0x20, 0x20, 0x60, 0x32,
	0x10, 0x71, 0x88, 0x4c, 0x03, 0xe0, 0x00, 0xbf,
	0x00, 0xbf, 0x00, 0xbf, 0x00, 0xbf, 0xe0, 0x8a,
	0x00, 0x06, 0xf8, 0xd4, 0x00, 0x20, 0xe0, 0x82,
	0x07, 0x25, 0x6d, 0x02, 0x80, 0x22, 0x28, 0x46,
	0xff, 0xf7, 0xff, 0xfe, 0x00, 0x28, 0x02, 0xd0,
	0xe0, 0x8a, 0x01, 0x21, 0x0f, 0xe0, 0x01, 0x22,
	0x7f, 0x20, 0x52, 0x02, 0x29, 0x46, 0x00, 0x02,
	0xff, 0xf7, 0x52, 0xff, 0x02, 0x28, 0xe0, 0x8a,
	0x04, 0xd0, 0x04, 0x21, 0x08, 0x43, 0xe0, 0x82,
	0x00, 0x20, 0xf0, 0xbd, 0x02, 0x21, 0x08, 0x43,
	0xe0, 0x82, 0x01, 0x20, 0xf0, 0xbd, 0x7d, 0x24,
	0x01, 0x25, 0x6e, 0x4a, 0xe4, 0x00, 0xed, 0x02,
	0x08, 0x3a, 0x20, 0x46, 0xff, 0xf7, 0xd0, 0xfe,
	0x15, 0x80, 0xfa, 0xe7, 0x7d, 0x24, 0x01, 0x25,
	0x68, 0x4a, 0xe4, 0x00, 0x2d, 0x03, 0x08, 0x3a,
	0x20, 0x46, 0xff, 0xf7, 0xc5, 0xfe, 0x15, 0x80,
	0xfa, 0xe7, 0x08, 0xb5, 0x72, 0xb6, 0x68, 0x48,
	0x57, 0x21, 0x41, 0x63, 0x95, 0x21, 0x81, 0x60,
	0x5d, 0x48, 0x66, 0x49, 0x01, 0x62, 0x66, 0x49,
	0x49, 0x69, 0x89, 0x06, 0x89, 0x0e, 0x02, 0xd0,
	0x64, 0x4a, 0x82, 0x62, 0x01, 0xe0, 0x64, 0x49,
	0x81, 0x62, 0x61, 0x48, 0x00, 0x27, 0x40, 0x38,
	0x07, 0x60, 0xff, 0x21, 0x02, 0x31, 0x41, 0x60,
	0xc1, 0x68, 0xc2, 0x14, 0x11, 0x43, 0xc1, 0x60,
	0x80, 0x22, 0x5e, 0x49, 0x5e, 0x48, 0xff, 0xf7,
	0xa7, 0xfe, 0xff, 0x22, 0x95, 0x32, 0x00, 0x21,
	0x5c, 0x48, 0xff, 0xf7, 0xa1, 0xfe, 0x4f, 0x4c,
	0x08, 0x3c, 0x27, 0x80, 0x5a, 0x48, 0xa0, 0x60,
	0x01, 0x20, 0x40, 0x07, 0x80, 0x8a, 0x25, 0x46,
	0x08, 0x35, 0xe0, 0x60, 0x64, 0x20, 0xff, 0xf7,
	0x8b, 0xfe, 0x20, 0x88, 0x01, 0x28, 0x0f, 0xd0,
	0x20, 0x88, 0x08, 0x28, 0x37, 0xd0, 0x20, 0x88,
	0x40, 0x28, 0x64, 0xd0, 0x20, 0x88, 0x01, 0x21,
	0xc9, 0x03, 0x88, 0x42, 0xee, 0xd1, 0xff, 0xf7,
	0x2f, 0xff, 0x01, 0x28, 0x50, 0xd1, 0x3d, 0xe0,
	0x60, 0x88, 0xa1, 0x88, 0x40, 0x18, 0x80, 0xb2,
	0x00, 0x21, 0x03, 0xe0, 0x6a, 0x5c, 0x10, 0x18,
	0x80, 0xb2, 0x49, 0x1c, 0xa2, 0x88, 0x8a, 0x42,
	0xf8, 0xdc, 0xe1, 0x88, 0x81, 0x42, 0x03, 0xd0,
	0x04, 0x21, 0x21, 0x80, 0xa0, 0x60, 0xd5, 0xe7,
	0xa0, 0x88, 0x00, 0x28, 0x26, 0xd0, 0xa0, 0x88,
	0x80, 0x07, 0x20, 0xd1, 0xa1, 0x88, 0x3f, 0x48,
	0x81, 0x42, 0x1c, 0xd8, 0x60, 0x88, 0xa1, 0x88,
	0x40, 0x18, 0x7f, 0x21, 0x09, 0x02, 0x88, 0x42,
	0x15, 0xd8, 0xa2, 0x88, 0x60, 0x88, 0x29, 0x46,
	0xff, 0xf7, 0xba, 0xfe, 0x47, 0xe0, 0xa0, 0x88,
	0x00, 0x26, 0x00, 0x28, 0x0e, 0xd0, 0xa0, 0x88,
	0x80, 0x07, 0xa0, 0x88, 0x02, 0xd0, 0x80, 0x08,
	0x40, 0x1c, 0x80, 0x00, 0xa0, 0x80, 0xa1, 0x88,
	0x30, 0x48, 0x81, 0x42, 0x04, 0xd9, 0x01, 0x20,
	0x80, 0x02, 0x34, 0xe0, 0x02, 0x20, 0x32, 0xe0,
	0xa0, 0x88, 0x00, 0x21, 0x82, 0x08, 0x28, 0x46,
	0xff, 0xf7, 0x3a, 0xfe, 0xa0, 0x88, 0x82, 0x08,
	0x60, 0x88, 0x29, 0x46, 0xff, 0xf7, 0x70, 0xfe,
	0x00, 0x28, 0x01, 0xd0, 0x00, 0x20, 0x05, 0xe0,
	0x20, 0x20, 0x20, 0xe0, 0x29, 0x5c, 0x89, 0x19,
	0x8e, 0xb2, 0x40, 0x1c, 0xa1, 0x88, 0x81, 0x42,
	0xf8, 0xdc, 0xe6, 0x80, 0xe2, 0xe7, 0xa0, 0x88,
	0x00, 0x28, 0x10, 0xd0, 0xa7, 0x60, 0xa0, 0x88,
	0x00, 0x90, 0x60, 0x88, 0x01, 0x21, 0x09, 0x07,
	0x43, 0x18, 0x1b, 0x4a, 0x1b, 0x49, 0x05, 0x20,
	0xff, 0xf7, 0x27, 0xfe, 0x80, 0xb2, 0xa0, 0x60,
	0xe1, 0x88, 0x81, 0x42, 0x01, 0xd0, 0x80, 0x20,
	0x01, 0xe0, 0xff, 0x20, 0x01, 0x30, 0x20, 0x80,
	0x74, 0xe7, 0x00, 0x00, 0x00, 0x70, 0x00, 0x40,
	0x00, 0x54, 0x00, 0x40, 0x91, 0x41, 0x00, 0x00,
	0xff, 0xff, 0x0f, 0x00, 0x08, 0x10, 0x00, 0x20,
	0x00, 0x0e, 0x00, 0x20, 0x00, 0x7f, 0x00, 0x10,
	0x74, 0x86, 0x1e, 0x00, 0x00, 0x14, 0x00, 0x20,
	0x00, 0x58, 0x00, 0x40, 0x6a, 0x6f, 0x00, 0x00,
	0x40, 0x5a, 0x00, 0x40, 0x51, 0x61, 0x00, 0x00,
	0x61, 0x62, 0x00, 0x00, 0xef, 0xbe, 0xad, 0xde,
	0x00, 0x16, 0x00, 0x20, 0x00, 0x0e, 0x00, 0x20,
	0x06, 0x57, 0x06, 0x57, 0x03, 0x04, 0x00, 0x00,
	0xff, 0xff, 0x00, 0x00, 0x21, 0x10, 0x00, 0x00,
};

#endif
